NAME,DP03_0061PE,DP03_0061PM,DP03_0062E,DP03_0062M,state_fips,county_fips,county_subdivision_fips,municipality_base,county,municipality_type,municipality,pct_200k_plus,pct_200k_plus_moe,median_income,median_income_moe,median_income_low,median_income_high,state_rank
"Ben Avon Heights borough, Allegheny County, Pennsylvania",62.6,11.4,234375.0,31606.0,42,003,05520,Ben Avon Heights,Allegheny County,Borough,Ben Avon Heights,62.6,11.4,234375.0,31606.0,202769.0,265981.0,1
"Rose Valley borough, Delaware County, Pennsylvania",59.2,8.9,246875.0,61474.0,42,045,66192,Rose Valley,Delaware County,Borough,Rose Valley,59.2,8.9,246875.0,61474.0,185401.0,308349.0,2
"Fox Chapel borough, Allegheny County, Pennsylvania",59.0,6.5,243625.0,39371.0,42,003,27120,Fox Chapel,Allegheny County,Borough,Fox Chapel,59.0,6.5,243625.0,39371.0,204254.0,282996.0,3
"West Pikeland township, Chester County, Pennsylvania",58.1,8.6,226071.0,39086.0,42,029,83832,West Pikeland,Chester County,Township,West Pikeland,58.1,8.6,226071.0,39086.0,186985.0,265157.0,4
"Pocopson township, Chester County, Pennsylvania",57.9,7.1,230000.0,23963.0,42,029,61800,Pocopson,Chester County,Township,Pocopson,57.9,7.1,230000.0,23963.0,206037.0,253963.0,5
"Thornburg borough, Allegheny County, Pennsylvania",56.9,7.3,231250.0,37721.0,42,003,76560,Thornburg,Allegheny County,Borough,Thornburg,56.9,7.3,231250.0,37721.0,193529.0,268971.0,6
"Upper Makefield township, Bucks County, Pennsylvania",55.3,5.4,212768.0,26157.0,42,017,79128,Upper Makefield,Bucks County,Township,Upper Makefield,55.3,5.4,212768.0,26157.0,186611.0,238925.0,7
"West Vincent township, Chester County, Pennsylvania",55.1,8.0,202639.0,11207.0,42,029,84160,West Vincent,Chester County,Township,West Vincent,55.1,8.0,202639.0,11207.0,191432.0,213846.0,8
"Easttown township, Chester County, Pennsylvania",54.6,5.1,214861.0,17210.0,42,029,21928,Easttown,Chester County,Township,Easttown,54.6,5.1,214861.0,17210.0,197651.0,232071.0,9
"Birmingham township, Chester County, Pennsylvania",54.3,7.9,215000.0,39102.0,42,029,06544,Birmingham,Chester County,Township,Birmingham,54.3,7.9,215000.0,39102.0,175898.0,254102.0,10
"Sewickley Heights borough, Allegheny County, Pennsylvania",50.9,10.1,203214.0,44260.0,42,003,69400,Sewickley Heights,Allegheny County,Borough,Sewickley Heights,50.9,10.1,203214.0,44260.0,158954.0,247474.0,11
"Edgeworth borough, Allegheny County, Pennsylvania",50.8,8.8,202813.0,62253.0,42,003,22576,Edgeworth,Allegheny County,Borough,Edgeworth,50.8,8.8,202813.0,62253.0,140560.0,265066.0,12
"Charlestown township, Chester County, Pennsylvania",50.6,9.6,202188.0,52381.0,42,029,12744,Charlestown,Chester County,Township,Charlestown,50.6,9.6,202188.0,52381.0,149807.0,254569.0,13
"Solebury township, Bucks County, Pennsylvania",49.2,6.2,195962.0,17719.0,42,017,71752,Solebury,Bucks County,Township,Solebury,49.2,6.2,195962.0,17719.0,178243.0,213681.0,14
"London Britain township, Chester County, Pennsylvania",48.6,6.5,194531.0,30843.0,42,029,44440,London Britain,Chester County,Township,London Britain,48.6,6.5,194531.0,30843.0,163688.0,225374.0,15
"Thornbury township, Delaware County, Pennsylvania",48.1,7.0,191543.0,22058.0,42,045,76576,Thornbury,Delaware County,Township,Thornbury,48.1,7.0,191543.0,22058.0,169485.0,213601.0,16
"East Brandywine township, Chester County, Pennsylvania",48.0,8.4,180714.0,45926.0,42,029,20864,East Brandywine,Chester County,Township,East Brandywine,48.0,8.4,180714.0,45926.0,134788.0,226640.0,17
"Upper Uwchlan township, Chester County, Pennsylvania",47.6,5.1,190691.0,19245.0,42,029,79352,Upper Uwchlan,Chester County,Township,Upper Uwchlan,47.6,5.1,190691.0,19245.0,171446.0,209936.0,18
"Willistown township, Chester County, Pennsylvania",46.9,5.0,187466.0,16017.0,42,029,85352,Willistown,Chester County,Township,Willistown,46.9,5.0,187466.0,16017.0,171449.0,203483.0,19
"Lower Merion township, Montgomery County, Pennsylvania",46.4,2.1,176512.0,12969.0,42,091,44976,Lower Merion,Montgomery County,Township,Lower Merion,46.4,2.1,176512.0,12969.0,163543.0,189481.0,20
"Buckingham township, Bucks County, Pennsylvania",46.3,3.7,190230.0,17222.0,42,017,09816,Buckingham,Bucks County,Township,Buckingham,46.3,3.7,190230.0,17222.0,173008.0,207452.0,21
"Swarthmore borough, Delaware County, Pennsylvania",45.1,7.9,152361.0,53472.0,42,045,75648,Swarthmore,Delaware County,Borough,Swarthmore,45.1,7.9,152361.0,53472.0,98889.0,205833.0,22
"Schuylkill township, Chester County, Pennsylvania",45.1,5.4,171786.0,28510.0,42,029,68288,Schuylkill,Chester County,Township,Schuylkill,45.1,5.4,171786.0,28510.0,143276.0,200296.0,22
"New Hope borough, Bucks County, Pennsylvania",44.7,10.0,175156.0,43812.0,42,017,53712,New Hope,Bucks County,Borough,New Hope,44.7,10.0,175156.0,43812.0,131344.0,218968.0,24
"Chadds Ford township, Delaware County, Pennsylvania",43.8,7.3,168491.0,23191.0,42,045,12442,Chadds Ford,Delaware County,Township,Chadds Ford,43.8,7.3,168491.0,23191.0,145300.0,191682.0,25
"Radnor township, Delaware County, Pennsylvania",43.8,4.0,164359.0,14683.0,42,045,63264,Radnor,Delaware County,Township,Radnor,43.8,4.0,164359.0,14683.0,149676.0,179042.0,25
"Sewickley Hills borough, Allegheny County, Pennsylvania",43.6,10.4,175000.0,39507.0,42,003,69416,Sewickley Hills,Allegheny County,Borough,Sewickley Hills,43.6,10.4,175000.0,39507.0,135493.0,214507.0,27
"Pine township, Allegheny County, Pennsylvania",43.5,5.8,184591.0,13137.0,42,003,60272,Pine,Allegheny County,Township,Pine,43.5,5.8,184591.0,13137.0,171454.0,197728.0,28
"Wrightstown township, Bucks County, Pennsylvania",43.2,7.6,188553.0,38142.0,42,017,86624,Wrightstown,Bucks County,Township,Wrightstown,43.2,7.6,188553.0,38142.0,150411.0,226695.0,29
"Lower Makefield township, Bucks County, Pennsylvania",43.1,3.1,175206.0,9190.0,42,017,44968,Lower Makefield,Bucks County,Township,Lower Makefield,43.1,3.1,175206.0,9190.0,166016.0,184396.0,30
"Worcester township, Montgomery County, Pennsylvania",43.0,6.2,185114.0,41325.0,42,091,86496,Worcester,Montgomery County,Township,Worcester,43.0,6.2,185114.0,41325.0,143789.0,226439.0,31
"Newlin township, Chester County, Pennsylvania",42.6,7.0,160341.0,13262.0,42,029,53784,Newlin,Chester County,Township,Newlin,42.6,7.0,160341.0,13262.0,147079.0,173603.0,32
"Franklin Park borough, Allegheny County, Pennsylvania",42.4,5.0,176875.0,20955.0,42,003,27552,Franklin Park,Allegheny County,Borough,Franklin Park,42.4,5.0,176875.0,20955.0,155920.0,197830.0,33
"Thornbury township, Chester County, Pennsylvania",41.8,8.0,172070.0,24731.0,42,029,76568,Thornbury,Chester County,Township,Thornbury,41.8,8.0,172070.0,24731.0,147339.0,196801.0,34
"Bell Acres borough, Allegheny County, Pennsylvania",41.5,6.3,165987.0,21701.0,42,003,05216,Bell Acres,Allegheny County,Borough,Bell Acres,41.5,6.3,165987.0,21701.0,144286.0,187688.0,35
"London Grove township, Chester County, Pennsylvania",41.2,6.8,175558.0,19783.0,42,029,44480,London Grove,Chester County,Township,London Grove,41.2,6.8,175558.0,19783.0,155775.0,195341.0,36
"Upper Dublin township, Montgomery County, Pennsylvania",41.1,2.7,168010.0,5043.0,42,091,79008,Upper Dublin,Montgomery County,Township,Upper Dublin,41.1,2.7,168010.0,5043.0,162967.0,173053.0,37
"Marshall township, Allegheny County, Pennsylvania",41.1,6.1,165099.0,18475.0,42,003,47696,Marshall,Allegheny County,Township,Marshall,41.1,6.1,165099.0,18475.0,146624.0,183574.0,37
"Newtown borough, Bucks County, Pennsylvania",40.9,6.9,166429.0,24664.0,42,017,54184,Newtown,Bucks County,Borough,Newtown Borough,40.9,6.9,166429.0,24664.0,141765.0,191093.0,39
"Whitpain township, Montgomery County, Pennsylvania",40.5,4.8,162856.0,17658.0,42,091,84888,Whitpain,Montgomery County,Township,Whitpain,40.5,4.8,162856.0,17658.0,145198.0,180514.0,40
"Upper St. Clair township, Allegheny County, Pennsylvania",40.4,3.7,163409.0,12009.0,42,003,79274,Upper St. Clair,Allegheny County,Township,Upper St. Clair,40.4,3.7,163409.0,12009.0,151400.0,175418.0,41
"New London township, Chester County, Pennsylvania",40.2,6.7,165313.0,19416.0,42,029,53816,New London,Chester County,Township,New London,40.2,6.7,165313.0,19416.0,145897.0,184729.0,42
"Lower Gwynedd township, Montgomery County, Pennsylvania",40.1,4.2,139615.0,18250.0,42,091,44920,Lower Gwynedd,Montgomery County,Township,Lower Gwynedd,40.1,4.2,139615.0,18250.0,121365.0,157865.0,43
"Pennsbury township, Chester County, Pennsylvania",40.1,7.9,167727.0,17026.0,42,029,59136,Pennsbury,Chester County,Township,Pennsbury,40.1,7.9,167727.0,17026.0,150701.0,184753.0,43
"Doylestown township, Bucks County, Pennsylvania",39.6,5.6,149764.0,23411.0,42,017,19792,Doylestown,Bucks County,Township,Doylestown Township,39.6,5.6,149764.0,23411.0,126353.0,173175.0,45
"Tredyffrin township, Chester County, Pennsylvania",39.4,3.1,162194.0,11811.0,42,029,77344,Tredyffrin,Chester County,Township,Tredyffrin,39.4,3.1,162194.0,11811.0,150383.0,174005.0,46
"Bethel township, Delaware County, Pennsylvania",39.1,5.6,177137.0,15557.0,42,045,06024,Bethel,Delaware County,Township,Bethel,39.1,5.6,177137.0,15557.0,161580.0,192694.0,47
"Wallace township, Chester County, Pennsylvania",38.7,8.0,182500.0,25035.0,42,029,80616,Wallace,Chester County,Township,Wallace,38.7,8.0,182500.0,25035.0,157465.0,207535.0,48
"Upper Providence township, Delaware County, Pennsylvania",38.1,4.7,150563.0,24410.0,42,045,79248,Upper Providence,Delaware County,Township,Upper Providence,38.1,4.7,150563.0,24410.0,126153.0,174973.0,49
"Lower Moreland township, Montgomery County, Pennsylvania",37.9,4.0,153639.0,14001.0,42,091,45008,Lower Moreland,Montgomery County,Township,Lower Moreland,37.9,4.0,153639.0,14001.0,139638.0,167640.0,50
"East Vincent township, Chester County, Pennsylvania",37.9,8.9,138214.0,47529.0,42,029,22000,East Vincent,Chester County,Township,East Vincent,37.9,8.9,138214.0,47529.0,90685.0,185743.0,50
"Glen Osborne borough, Allegheny County, Pennsylvania",37.2,9.6,136000.0,51500.0,42,003,29732,Glen Osborne,Allegheny County,Borough,Glen Osborne,37.2,9.6,136000.0,51500.0,84500.0,187500.0,52
"Ohio township, Allegheny County, Pennsylvania",37.1,7.2,153333.0,21047.0,42,003,56392,Ohio,Allegheny County,Township,Ohio,37.1,7.2,153333.0,21047.0,132286.0,174380.0,53
"Concord township, Delaware County, Pennsylvania",36.9,4.1,132303.0,15849.0,42,045,15488,Concord,Delaware County,Township,Concord,36.9,4.1,132303.0,15849.0,116454.0,148152.0,54
"West Bradford township, Chester County, Pennsylvania",36.6,4.9,160514.0,13776.0,42,029,82544,West Bradford,Chester County,Township,West Bradford,36.6,4.9,160514.0,13776.0,146738.0,174290.0,55
"Narberth borough, Montgomery County, Pennsylvania",36.3,7.6,123977.0,33307.0,42,091,52664,Narberth,Montgomery County,Borough,Narberth,36.3,7.6,123977.0,33307.0,90670.0,157284.0,56
"Northampton township, Bucks County, Pennsylvania",36.3,3.6,158583.0,3808.0,42,017,54688,Northampton,Bucks County,Township,Northampton,36.3,3.6,158583.0,3808.0,154775.0,162391.0,56
"Nether Providence township, Delaware County, Pennsylvania",36.0,4.7,150950.0,11520.0,42,045,53104,Nether Providence,Delaware County,Township,Nether Providence,36.0,4.7,150950.0,11520.0,139430.0,162470.0,58
"Whitemarsh township, Montgomery County, Pennsylvania",36.0,3.1,148970.0,12038.0,42,091,84624,Whitemarsh,Montgomery County,Township,Whitemarsh,36.0,3.1,148970.0,12038.0,136932.0,161008.0,58
"East Nantmeal township, Chester County, Pennsylvania",35.8,6.4,158958.0,21520.0,42,029,21576,East Nantmeal,Chester County,Township,East Nantmeal,35.8,6.4,158958.0,21520.0,137438.0,180478.0,60
"Kennett township, Chester County, Pennsylvania",35.8,5.8,150709.0,13912.0,42,029,39344,Kennett,Chester County,Township,Kennett,35.8,5.8,150709.0,13912.0,136797.0,164621.0,60
"Lower Salford township, Montgomery County, Pennsylvania",35.5,6.0,146481.0,30496.0,42,091,45096,Lower Salford,Montgomery County,Township,Lower Salford,35.5,6.0,146481.0,30496.0,115985.0,176977.0,62
"Waverly township, Lackawanna County, Pennsylvania",35.4,7.7,151442.0,9627.0,42,069,81668,Waverly,Lackawanna County,Township,Waverly,35.4,7.7,151442.0,9627.0,141815.0,161069.0,63
"East Bradford township, Chester County, Pennsylvania",35.1,4.8,155240.0,11277.0,42,029,20824,East Bradford,Chester County,Township,East Bradford,35.1,4.8,155240.0,11277.0,143963.0,166517.0,64
"Edgmont township, Delaware County, Pennsylvania",34.9,7.1,136964.0,20094.0,42,045,22584,Edgmont,Delaware County,Township,Edgmont,34.9,7.1,136964.0,20094.0,116870.0,157058.0,65
"Upper Providence township, Montgomery County, Pennsylvania",34.8,3.4,141077.0,8205.0,42,091,79256,Upper Providence,Montgomery County,Township,Upper Providence,34.8,3.4,141077.0,8205.0,132872.0,149282.0,66
"East Marlborough township, Chester County, Pennsylvania",34.6,5.4,155504.0,11835.0,42,029,21480,East Marlborough,Chester County,Township,East Marlborough,34.6,5.4,155504.0,11835.0,143669.0,167339.0,67
"Upper Saucon township, Lehigh County, Pennsylvania",34.6,4.4,145764.0,14100.0,42,077,79288,Upper Saucon,Lehigh County,Township,Upper Saucon,34.6,4.4,145764.0,14100.0,131664.0,159864.0,67
"Skippack township, Montgomery County, Pennsylvania",34.5,6.7,147979.0,13225.0,42,091,71016,Skippack,Montgomery County,Township,Skippack,34.5,6.7,147979.0,13225.0,134754.0,161204.0,69
"Warwick township, Bucks County, Pennsylvania",34.5,6.4,155351.0,14514.0,42,017,81144,Warwick,Bucks County,Township,Warwick,34.5,6.4,155351.0,14514.0,140837.0,169865.0,69
"South Coventry township, Chester County, Pennsylvania",34.4,8.0,158162.0,23572.0,42,029,72088,South Coventry,Chester County,Township,South Coventry,34.4,8.0,158162.0,23572.0,134590.0,181734.0,71
"Plumstead township, Bucks County, Pennsylvania",34.4,5.2,138259.0,10175.0,42,017,61616,Plumstead,Bucks County,Township,Plumstead,34.4,5.2,138259.0,10175.0,128084.0,148434.0,71
"Penn township, Chester County, Pennsylvania",34.4,6.3,136250.0,25131.0,42,029,58808,Penn,Chester County,Township,Penn,34.4,6.3,136250.0,25131.0,111119.0,161381.0,71
"Peters township, Washington County, Pennsylvania",33.6,4.5,145979.0,13937.0,42,125,59608,Peters,Washington County,Township,Peters,33.6,4.5,145979.0,13937.0,132042.0,159916.0,74
"East Whiteland township, Chester County, Pennsylvania",33.5,4.6,147460.0,19994.0,42,029,22056,East Whiteland,Chester County,Township,East Whiteland,33.5,4.6,147460.0,19994.0,127466.0,167454.0,75
"Franklin township, Chester County, Pennsylvania",32.9,8.6,144403.0,22131.0,42,029,27376,Franklin,Chester County,Township,Franklin,32.9,8.6,144403.0,22131.0,122272.0,166534.0,76
"Newtown township, Delaware County, Pennsylvania",32.3,4.2,121350.0,25626.0,42,045,54224,Newtown,Delaware County,Township,Newtown,32.3,4.2,121350.0,25626.0,95724.0,146976.0,77
"Bedminster township, Bucks County, Pennsylvania",32.2,10.1,152049.0,32447.0,42,017,04976,Bedminster,Bucks County,Township,Bedminster,32.2,10.1,152049.0,32447.0,119602.0,184496.0,78
"Trainer borough, Delaware County, Pennsylvania",32.2,26.4,81250.0,60055.0,42,045,77288,Trainer,Delaware County,Borough,Trainer,32.2,26.4,81250.0,60055.0,21195.0,141305.0,78
"Rosslyn Farms borough, Allegheny County, Pennsylvania",31.9,9.9,93750.0,63699.0,42,003,66320,Rosslyn Farms,Allegheny County,Borough,Rosslyn Farms,31.9,9.9,93750.0,63699.0,30051.0,157449.0,80
"Chalfont borough, Bucks County, Pennsylvania",31.5,7.9,124485.0,35112.0,42,017,12504,Chalfont,Bucks County,Borough,Chalfont,31.5,7.9,124485.0,35112.0,89373.0,159597.0,81
"New Britain township, Bucks County, Pennsylvania",31.3,4.3,144193.0,14466.0,42,017,53304,New Britain,Bucks County,Township,New Britain Township,31.3,4.3,144193.0,14466.0,129727.0,158659.0,82
"New Garden township, Chester County, Pennsylvania",31.2,5.0,120550.0,16204.0,42,029,53608,New Garden,Chester County,Township,New Garden,31.2,5.0,120550.0,16204.0,104346.0,136754.0,83
"West Conshohocken borough, Montgomery County, Pennsylvania",31.2,7.5,139375.0,27510.0,42,091,82736,West Conshohocken,Montgomery County,Borough,West Conshohocken,31.2,7.5,139375.0,27510.0,111865.0,166885.0,83
"Perkiomen township, Montgomery County, Pennsylvania",31.0,4.9,153750.0,19941.0,42,091,59392,Perkiomen,Montgomery County,Township,Perkiomen,31.0,4.9,153750.0,19941.0,133809.0,173691.0,85
"Adams township, Butler County, Pennsylvania",31.0,4.3,150173.0,9394.0,42,019,00300,Adams,Butler County,Township,Adams,31.0,4.3,150173.0,9394.0,140779.0,159567.0,85
"East Pikeland township, Chester County, Pennsylvania",30.9,5.6,146526.0,18435.0,42,029,21696,East Pikeland,Chester County,Township,East Pikeland,30.9,5.6,146526.0,18435.0,128091.0,164961.0,87
"Warrington township, Bucks County, Pennsylvania",30.8,3.2,133179.0,15342.0,42,017,81048,Warrington,Bucks County,Township,Warrington,30.8,3.2,133179.0,15342.0,117837.0,148521.0,88
"Lower Milford township, Lehigh County, Pennsylvania",30.6,7.8,123186.0,46523.0,42,077,44992,Lower Milford,Lehigh County,Township,Lower Milford,30.6,7.8,123186.0,46523.0,76663.0,169709.0,89
"Haverford township, Delaware County, Pennsylvania",30.4,2.4,131674.0,5768.0,42,045,33144,Haverford,Delaware County,Township,Haverford,30.4,2.4,131674.0,5768.0,125906.0,137442.0,90
"Montgomery township, Montgomery County, Pennsylvania",30.3,3.5,134074.0,13188.0,42,091,50640,Montgomery,Montgomery County,Township,Montgomery,30.3,3.5,134074.0,13188.0,120886.0,147262.0,91
"Elk township, Chester County, Pennsylvania",30.0,7.5,114856.0,16105.0,42,029,23032,Elk,Chester County,Township,Elk,30.0,7.5,114856.0,16105.0,98751.0,130961.0,92
"Bradford Woods borough, Allegheny County, Pennsylvania",29.8,6.6,153125.0,26284.0,42,003,08064,Bradford Woods,Allegheny County,Borough,Bradford Woods,29.8,6.6,153125.0,26284.0,126841.0,179409.0,93
"Uwchlan township, Chester County, Pennsylvania",29.7,4.4,134184.0,8217.0,42,029,79480,Uwchlan,Chester County,Township,Uwchlan,29.7,4.4,134184.0,8217.0,125967.0,142401.0,94
"Ivyland borough, Bucks County, Pennsylvania",29.5,11.2,149375.0,45848.0,42,017,37304,Ivyland,Bucks County,Borough,Ivyland,29.5,11.2,149375.0,45848.0,103527.0,195223.0,95
"Clara township, Potter County, Pennsylvania",29.0,22.1,85625.0,45925.0,42,105,13760,Clara,Potter County,Township,Clara,29.0,22.1,85625.0,45925.0,39700.0,131550.0,96
"Lower Providence township, Montgomery County, Pennsylvania",28.9,3.9,119165.0,5044.0,42,091,45080,Lower Providence,Montgomery County,Township,Lower Providence,28.9,3.9,119165.0,5044.0,114121.0,124209.0,97
"Lower Saucon township, Northampton County, Pennsylvania",28.8,4.3,124892.0,13187.0,42,095,45104,Lower Saucon,Northampton County,Township,Lower Saucon,28.8,4.3,124892.0,13187.0,111705.0,138079.0,98
"Springfield township, Delaware County, Pennsylvania",28.6,3.1,138205.0,7829.0,42,045,73032,Springfield,Delaware County,Township,Springfield,28.6,3.1,138205.0,7829.0,130376.0,146034.0,99
"West Goshen township, Chester County, Pennsylvania",28.6,3.2,132242.0,4804.0,42,029,83080,West Goshen,Chester County,Township,West Goshen,28.6,3.2,132242.0,4804.0,127438.0,137046.0,99
"Newtown township, Bucks County, Pennsylvania",28.6,3.7,147617.0,8277.0,42,017,54192,Newtown,Bucks County,Township,Newtown Township,28.6,3.7,147617.0,8277.0,139340.0,155894.0,99
"Malvern borough, Chester County, Pennsylvania",28.5,6.4,117548.0,24705.0,42,029,46792,Malvern,Chester County,Borough,Malvern,28.5,6.4,117548.0,24705.0,92843.0,142253.0,102
"Indiana township, Allegheny County, Pennsylvania",28.5,5.2,115375.0,23582.0,42,003,36808,Indiana,Allegheny County,Township,Indiana,28.5,5.2,115375.0,23582.0,91793.0,138957.0,102
"Westtown township, Chester County, Pennsylvania",28.3,5.1,138664.0,9144.0,42,029,84104,Westtown,Chester County,Township,Westtown,28.3,5.1,138664.0,9144.0,129520.0,147808.0,104
"Horsham township, Montgomery County, Pennsylvania",28.0,3.4,122311.0,8250.0,42,091,35808,Horsham,Montgomery County,Township,Horsham,28.0,3.4,122311.0,8250.0,114061.0,130561.0,105
"Springfield township, Montgomery County, Pennsylvania",28.0,3.3,135683.0,8760.0,42,091,73088,Springfield,Montgomery County,Township,Springfield,28.0,3.3,135683.0,8760.0,126923.0,144443.0,105
"Hilltown township, Bucks County, Pennsylvania",27.9,6.0,133690.0,18207.0,42,017,34952,Hilltown,Bucks County,Township,Hilltown,27.9,6.0,133690.0,18207.0,115483.0,151897.0,107
"Jefferson Hills borough, Allegheny County, Pennsylvania",27.8,5.5,116064.0,13668.0,42,003,37955,Jefferson Hills,Allegheny County,Borough,Jefferson Hills,27.8,5.5,116064.0,13668.0,102396.0,129732.0,108
"Collegeville borough, Montgomery County, Pennsylvania",27.8,6.2,91466.0,23523.0,42,091,15192,Collegeville,Montgomery County,Borough,Collegeville,27.8,6.2,91466.0,23523.0,67943.0,114989.0,108
"Langhorne borough, Bucks County, Pennsylvania",27.4,7.3,101131.0,8516.0,42,017,41392,Langhorne,Bucks County,Borough,Langhorne,27.4,7.3,101131.0,8516.0,92615.0,109647.0,110
"Upper Salford township, Montgomery County, Pennsylvania",27.4,6.2,138600.0,34453.0,42,091,79280,Upper Salford,Montgomery County,Township,Upper Salford,27.4,6.2,138600.0,34453.0,104147.0,173053.0,110
"West Whiteland township, Chester County, Pennsylvania",27.4,4.4,133460.0,7379.0,42,029,84192,West Whiteland,Chester County,Township,West Whiteland,27.4,4.4,133460.0,7379.0,126081.0,140839.0,110
"Lower Heidelberg township, Berks County, Pennsylvania",27.3,7.3,123476.0,23547.0,42,011,44928,Lower Heidelberg,Berks County,Township,Lower Heidelberg,27.3,7.3,123476.0,23547.0,99929.0,147023.0,113
"Hampton township, Allegheny County, Pennsylvania",27.2,3.8,134156.0,11258.0,42,003,32328,Hampton,Allegheny County,Township,Hampton,27.2,3.8,134156.0,11258.0,122898.0,145414.0,114
"Morris township, Huntingdon County, Pennsylvania",27.1,20.5,109464.0,23231.0,42,061,51080,Morris,Huntingdon County,Township,Morris,27.1,20.5,109464.0,23231.0,86233.0,132695.0,115
"Bear Creek Village borough, Luzerne County, Pennsylvania",27.1,18.1,160962.0,22304.0,42,079,04599,Bear Creek Village,Luzerne County,Borough,Bear Creek Village,27.1,18.1,160962.0,22304.0,138658.0,183266.0,115
"Fairview township, Erie County, Pennsylvania",26.8,4.9,112306.0,18043.0,42,049,24864,Fairview,Erie County,Township,Fairview,26.8,4.9,112306.0,18043.0,94263.0,130349.0,117
"Sewickley borough, Allegheny County, Pennsylvania",26.7,6.2,101053.0,7209.0,42,003,69376,Sewickley,Allegheny County,Borough,Sewickley,26.7,6.2,101053.0,7209.0,93844.0,108262.0,118
"Middletown township, Delaware County, Pennsylvania",26.7,3.6,129300.0,15833.0,42,045,49136,Middletown,Delaware County,Township,Middletown,26.7,3.6,129300.0,15833.0,113467.0,145133.0,118
"Langhorne Manor borough, Bucks County, Pennsylvania",26.7,8.9,137917.0,22373.0,42,017,41416,Langhorne Manor,Bucks County,Borough,Langhorne Manor,26.7,8.9,137917.0,22373.0,115544.0,160290.0,118
"Aspinwall borough, Allegheny County, Pennsylvania",26.6,9.1,107000.0,32054.0,42,003,03320,Aspinwall,Allegheny County,Borough,Aspinwall,26.6,9.1,107000.0,32054.0,74946.0,139054.0,121
"Mount Lebanon township, Allegheny County, Pennsylvania",26.6,2.6,123771.0,10195.0,42,003,51696,Mount Lebanon,Allegheny County,Township,Mount Lebanon,26.6,2.6,123771.0,10195.0,113576.0,133966.0,121
"Milford township, Bucks County, Pennsylvania",26.5,7.1,125093.0,23899.0,42,017,49384,Milford,Bucks County,Township,Milford,26.5,7.1,125093.0,23899.0,101194.0,148992.0,123
"Halfmoon township, Centre County, Pennsylvania",26.5,6.8,121050.0,25459.0,42,027,31992,Halfmoon,Centre County,Township,Halfmoon,26.5,6.8,121050.0,25459.0,95591.0,146509.0,123
"Marple township, Delaware County, Pennsylvania",26.5,3.4,123844.0,12486.0,42,045,47616,Marple,Delaware County,Township,Marple,26.5,3.4,123844.0,12486.0,111358.0,136330.0,123
"New Hanover township, Montgomery County, Pennsylvania",26.5,5.1,140913.0,12514.0,42,091,53664,New Hanover,Montgomery County,Township,New Hanover,26.5,5.1,140913.0,12514.0,128399.0,153427.0,123
"Greene township, Beaver County, Pennsylvania",26.4,10.2,103750.0,30406.0,42,007,30920,Greene,Beaver County,Township,Greene,26.4,10.2,103750.0,30406.0,73344.0,134156.0,127
"Richland township, Allegheny County, Pennsylvania",26.3,5.5,118333.0,28549.0,42,003,64528,Richland,Allegheny County,Township,Richland,26.3,5.5,118333.0,28549.0,89784.0,146882.0,128
"O'Hara township, Allegheny County, Pennsylvania",26.1,4.5,117276.0,13906.0,42,003,56384,O'Hara,Allegheny County,Township,O'Hara,26.1,4.5,117276.0,13906.0,103370.0,131182.0,129
"Rutledge borough, Delaware County, Pennsylvania",26.0,10.1,135313.0,25836.0,42,045,66928,Rutledge,Delaware County,Borough,Rutledge,26.0,10.1,135313.0,25836.0,109477.0,161149.0,130
"Lower Macungie township, Lehigh County, Pennsylvania",26.0,4.1,125230.0,11461.0,42,077,44952,Lower Macungie,Lehigh County,Township,Lower Macungie,26.0,4.1,125230.0,11461.0,113769.0,136691.0,130
"Durham township, Bucks County, Pennsylvania",26.0,9.2,116458.0,27127.0,42,017,20480,Durham,Bucks County,Township,Durham,26.0,9.2,116458.0,27127.0,89331.0,143585.0,130
"East Buffalo township, Union County, Pennsylvania",25.9,6.3,139708.0,17327.0,42,119,20888,East Buffalo,Union County,Township,East Buffalo,25.9,6.3,139708.0,17327.0,122381.0,157035.0,133
"Forward township, Butler County, Pennsylvania",25.7,14.4,107386.0,19824.0,42,019,26904,Forward,Butler County,Township,Forward,25.7,14.4,107386.0,19824.0,87562.0,127210.0,134
"Murrysville municipality, Westmoreland County, Pennsylvania",25.6,3.8,121823.0,6743.0,42,129,52432,Murrysville,Westmoreland County,Municipality,Murrysville,25.6,3.8,121823.0,6743.0,115080.0,128566.0,135
"East Caln township, Chester County, Pennsylvania",25.5,8.9,102288.0,11283.0,42,029,20920,East Caln,Chester County,Township,East Caln,25.5,8.9,102288.0,11283.0,91005.0,113571.0,136
"Jenkintown borough, Montgomery County, Pennsylvania",25.5,8.6,110703.0,36355.0,42,091,38000,Jenkintown,Montgomery County,Borough,Jenkintown,25.5,8.6,110703.0,36355.0,74348.0,147058.0,136
"Trappe borough, Montgomery County, Pennsylvania",25.1,7.7,127250.0,31038.0,42,091,77304,Trappe,Montgomery County,Borough,Trappe,25.1,7.7,127250.0,31038.0,96212.0,158288.0,138
"East Rockhill township, Bucks County, Pennsylvania",25.1,7.4,134492.0,16048.0,42,017,21760,East Rockhill,Bucks County,Township,East Rockhill,25.1,7.4,134492.0,16048.0,118444.0,150540.0,138
"Salford township, Montgomery County, Pennsylvania",25.0,5.1,125658.0,8414.0,42,091,67528,Salford,Montgomery County,Township,Salford,25.0,5.1,125658.0,8414.0,117244.0,134072.0,140
"West Brunswick township, Schuylkill County, Pennsylvania",24.8,13.3,119167.0,24128.0,42,107,82632,West Brunswick,Schuylkill County,Township,West Brunswick,24.8,13.3,119167.0,24128.0,95039.0,143295.0,141
"East Coventry township, Chester County, Pennsylvania",24.8,6.3,120798.0,35694.0,42,029,21008,East Coventry,Chester County,Township,East Coventry,24.8,6.3,120798.0,35694.0,85104.0,156492.0,141
"Upper Macungie township, Lehigh County, Pennsylvania",24.7,3.6,120798.0,6280.0,42,077,79104,Upper Macungie,Lehigh County,Township,Upper Macungie,24.7,3.6,120798.0,6280.0,114518.0,127078.0,143
"Cheltenham township, Montgomery County, Pennsylvania",24.6,2.7,109022.0,6616.0,42,091,12968,Cheltenham,Montgomery County,Township,Cheltenham,24.6,2.7,109022.0,6616.0,102406.0,115638.0,144
"Seven Fields borough, Butler County, Pennsylvania",24.5,7.6,114000.0,23615.0,42,019,69309,Seven Fields,Butler County,Borough,Seven Fields,24.5,7.6,114000.0,23615.0,90385.0,137615.0,145
"Limerick township, Montgomery County, Pennsylvania",24.5,4.2,121061.0,18624.0,42,091,43312,Limerick,Montgomery County,Township,Limerick,24.5,4.2,121061.0,18624.0,102437.0,139685.0,145
"West Brandywine township, Chester County, Pennsylvania",24.4,5.4,112545.0,27197.0,42,029,82576,West Brandywine,Chester County,Township,West Brandywine,24.4,5.4,112545.0,27197.0,85348.0,139742.0,147
"Bryn Athyn borough, Montgomery County, Pennsylvania",24.0,8.0,143125.0,26509.0,42,091,09696,Bryn Athyn,Montgomery County,Borough,Bryn Athyn,24.0,8.0,143125.0,26509.0,116616.0,169634.0,148
"Hopewell township, York County, Pennsylvania",23.9,11.1,122179.0,31954.0,42,133,35704,Hopewell,York County,Township,Hopewell,23.9,11.1,122179.0,31954.0,90225.0,154133.0,149
"Friendsville borough, Susquehanna County, Pennsylvania",23.9,14.6,85000.0,45594.0,42,115,27968,Friendsville,Susquehanna County,Borough,Friendsville,23.9,14.6,85000.0,45594.0,39406.0,130594.0,149
"Lancaster township, Butler County, Pennsylvania",23.7,7.4,99432.0,15491.0,42,019,41208,Lancaster,Butler County,Township,Lancaster,23.7,7.4,99432.0,15491.0,83941.0,114923.0,151
"Freedom township, Adams County, Pennsylvania",23.7,7.9,120000.0,22527.0,42,001,27704,Freedom,Adams County,Township,Freedom,23.7,7.9,120000.0,22527.0,97473.0,142527.0,151
"East Fallowfield township, Chester County, Pennsylvania",23.7,6.1,116947.0,31714.0,42,029,21104,East Fallowfield,Chester County,Township,East Fallowfield,23.7,6.1,116947.0,31714.0,85233.0,148661.0,151
"Moon township, Allegheny County, Pennsylvania",23.6,3.7,113170.0,12585.0,42,003,50784,Moon,Allegheny County,Township,Moon,23.6,3.7,113170.0,12585.0,100585.0,125755.0,154
"East Nottingham township, Chester County, Pennsylvania",23.6,6.2,129750.0,20180.0,42,029,21624,East Nottingham,Chester County,Township,East Nottingham,23.6,6.2,129750.0,20180.0,109570.0,149930.0,154
"Bushkill township, Northampton County, Pennsylvania",23.4,4.2,120522.0,7831.0,42,095,10400,Bushkill,Northampton County,Township,Bushkill,23.4,4.2,120522.0,7831.0,112691.0,128353.0,156
"Freemansburg borough, Northampton County, Pennsylvania",23.4,18.6,88750.0,22976.0,42,095,27760,Freemansburg,Northampton County,Borough,Freemansburg,23.4,18.6,88750.0,22976.0,65774.0,111726.0,156
"Nuangola borough, Luzerne County, Pennsylvania",23.4,8.7,90278.0,9422.0,42,079,55752,Nuangola,Luzerne County,Borough,Nuangola,23.4,8.7,90278.0,9422.0,80856.0,99700.0,156
"Williams township, Northampton County, Pennsylvania",23.3,8.2,116250.0,19960.0,42,095,85256,Williams,Northampton County,Township,Williams,23.3,8.2,116250.0,19960.0,96290.0,136210.0,159
"South Hanover township, Dauphin County, Pennsylvania",23.2,6.2,117585.0,15553.0,42,043,72200,South Hanover,Dauphin County,Township,South Hanover,23.2,6.2,117585.0,15553.0,102032.0,133138.0,160
"Conshohocken borough, Montgomery County, Pennsylvania",23.1,6.5,122721.0,19868.0,42,091,15848,Conshohocken,Montgomery County,Borough,Conshohocken,23.1,6.5,122721.0,19868.0,102853.0,142589.0,161
"Upper Gwynedd township, Montgomery County, Pennsylvania",22.9,3.3,114902.0,10429.0,42,091,79056,Upper Gwynedd,Montgomery County,Township,Upper Gwynedd,22.9,3.3,114902.0,10429.0,104473.0,125331.0,162
"Franconia township, Montgomery County, Pennsylvania",22.9,5.3,111426.0,23796.0,42,091,27280,Franconia,Montgomery County,Township,Franconia,22.9,5.3,111426.0,23796.0,87630.0,135222.0,162
"Weisenberg township, Lehigh County, Pennsylvania",22.8,5.7,134083.0,18248.0,42,077,82064,Weisenberg,Lehigh County,Township,Weisenberg,22.8,5.7,134083.0,18248.0,115835.0,152331.0,164
"Plymouth township, Montgomery County, Pennsylvania",22.8,3.1,119006.0,8314.0,42,091,61664,Plymouth,Montgomery County,Township,Plymouth,22.8,3.1,119006.0,8314.0,110692.0,127320.0,164
"Cranberry township, Butler County, Pennsylvania",22.7,2.7,125126.0,7875.0,42,019,16920,Cranberry,Butler County,Township,Cranberry,22.7,2.7,125126.0,7875.0,117251.0,133001.0,166
"East Hanover township, Dauphin County, Pennsylvania",22.7,11.4,99922.0,22955.0,42,043,21208,East Hanover,Dauphin County,Township,East Hanover,22.7,11.4,99922.0,22955.0,76967.0,122877.0,166
"Clarks Green borough, Lackawanna County, Pennsylvania",22.5,6.2,113850.0,15796.0,42,069,13864,Clarks Green,Lackawanna County,Borough,Clarks Green,22.5,6.2,113850.0,15796.0,98054.0,129646.0,168
"Wyomissing borough, Berks County, Pennsylvania",22.4,5.4,93203.0,25470.0,42,011,86880,Wyomissing,Berks County,Borough,Wyomissing,22.4,5.4,93203.0,25470.0,67733.0,118673.0,169
"Earl township, Berks County, Pennsylvania",22.4,8.4,100398.0,38754.0,42,011,20680,Earl,Berks County,Township,Earl,22.4,8.4,100398.0,38754.0,61644.0,139152.0,169
"East Finley township, Washington County, Pennsylvania",22.3,12.3,78333.0,16289.0,42,125,21144,East Finley,Washington County,Township,East Finley,22.3,12.3,78333.0,16289.0,62044.0,94622.0,171
"Upper Nazareth township, Northampton County, Pennsylvania",22.2,6.5,121969.0,12768.0,42,095,79192,Upper Nazareth,Northampton County,Township,Upper Nazareth,22.2,6.5,121969.0,12768.0,109201.0,134737.0,172
"Ben Avon borough, Allegheny County, Pennsylvania",22.2,4.8,102869.0,12290.0,42,003,05504,Ben Avon,Allegheny County,Borough,Ben Avon,22.2,4.8,102869.0,12290.0,90579.0,115159.0,172
"Hatfield township, Montgomery County, Pennsylvania",22.2,3.2,97993.0,5813.0,42,091,33120,Hatfield,Montgomery County,Township,Hatfield Township,22.2,3.2,97993.0,5813.0,92180.0,103806.0,172
"Jackson township, Butler County, Pennsylvania",22.1,7.7,119741.0,21949.0,42,019,37344,Jackson,Butler County,Township,Jackson,22.1,7.7,119741.0,21949.0,97792.0,141690.0,175
"Lower Oxford township, Chester County, Pennsylvania",22.0,8.2,109875.0,19685.0,42,029,45040,Lower Oxford,Chester County,Township,Lower Oxford,22.0,8.2,109875.0,19685.0,90190.0,129560.0,176
"East Goshen township, Chester County, Pennsylvania",21.9,3.3,106866.0,17382.0,42,029,21192,East Goshen,Chester County,Township,East Goshen,21.9,3.3,106866.0,17382.0,89484.0,124248.0,177
"Hampden township, Cumberland County, Pennsylvania",21.9,2.9,105434.0,4767.0,42,041,32296,Hampden,Cumberland County,Township,Hampden,21.9,2.9,105434.0,4767.0,100667.0,110201.0,177
"South Fayette township, Allegheny County, Pennsylvania",21.7,3.3,124112.0,8322.0,42,003,72160,South Fayette,Allegheny County,Township,South Fayette,21.7,3.3,124112.0,8322.0,115790.0,132434.0,179
"Jackson township, Luzerne County, Pennsylvania",21.7,6.1,122344.0,25103.0,42,079,37400,Jackson,Luzerne County,Township,Jackson,21.7,6.1,122344.0,25103.0,97241.0,147447.0,179
"Nottingham township, Washington County, Pennsylvania",21.7,12.1,123594.0,17084.0,42,125,55712,Nottingham,Washington County,Township,Nottingham,21.7,12.1,123594.0,17084.0,106510.0,140678.0,179
"Upper Southampton township, Bucks County, Pennsylvania",21.6,3.9,105444.0,11060.0,42,017,79296,Upper Southampton,Bucks County,Township,Upper Southampton,21.6,3.9,105444.0,11060.0,94384.0,116504.0,182
"Dickinson township, Cumberland County, Pennsylvania",21.5,11.4,104716.0,35291.0,42,041,19144,Dickinson,Cumberland County,Township,Dickinson,21.5,11.4,104716.0,35291.0,69425.0,140007.0,183
"Buffalo township, Butler County, Pennsylvania",21.5,4.7,99635.0,20466.0,42,019,10000,Buffalo,Butler County,Township,Buffalo,21.5,4.7,99635.0,20466.0,79169.0,120101.0,183
"Germany township, Adams County, Pennsylvania",21.4,7.9,102656.0,13549.0,42,001,28936,Germany,Adams County,Township,Germany,21.4,7.9,102656.0,13549.0,89107.0,116205.0,185
"McCandless township, Allegheny County, Pennsylvania",21.4,2.5,110858.0,7973.0,42,003,45900,McCandless,Allegheny County,Township,McCandless,21.4,2.5,110858.0,7973.0,102885.0,118831.0,185
"North Whitehall township, Lehigh County, Pennsylvania",21.3,4.2,110361.0,10477.0,42,077,55576,North Whitehall,Lehigh County,Township,North Whitehall,21.3,4.2,110361.0,10477.0,99884.0,120838.0,187
"New Freedom borough, York County, Pennsylvania",21.2,8.9,120037.0,20868.0,42,133,53568,New Freedom,York County,Borough,New Freedom,21.2,8.9,120037.0,20868.0,99169.0,140905.0,188
"Towamencin township, Montgomery County, Pennsylvania",21.1,3.4,100396.0,11957.0,42,091,77152,Towamencin,Montgomery County,Township,Towamencin,21.1,3.4,100396.0,11957.0,88439.0,112353.0,189
"Upper Merion township, Montgomery County, Pennsylvania",21.0,1.9,121985.0,5754.0,42,091,79136,Upper Merion,Montgomery County,Township,Upper Merion,21.0,1.9,121985.0,5754.0,116231.0,127739.0,190
"South Abington township, Lackawanna County, Pennsylvania",21.0,3.7,113615.0,13974.0,42,069,71872,South Abington,Lackawanna County,Township,South Abington,21.0,3.7,113615.0,13974.0,99641.0,127589.0,190
"Amity township, Berks County, Pennsylvania",20.8,4.8,118296.0,10954.0,42,011,02328,Amity,Berks County,Township,Amity,20.8,4.8,118296.0,10954.0,107342.0,129250.0,192
"Lower Nazareth township, Northampton County, Pennsylvania",20.8,5.5,125995.0,17981.0,42,095,45024,Lower Nazareth,Northampton County,Township,Lower Nazareth,20.8,5.5,125995.0,17981.0,108014.0,143976.0,192
"Mahoning township, Montour County, Pennsylvania",20.8,6.6,86008.0,16337.0,42,093,46656,Mahoning,Montour County,Township,Mahoning,20.8,6.6,86008.0,16337.0,69671.0,102345.0,192
"Salisbury township, Lehigh County, Pennsylvania",20.8,5.5,101299.0,8362.0,42,077,67576,Salisbury,Lehigh County,Township,Salisbury,20.8,5.5,101299.0,8362.0,92937.0,109661.0,192
"Westmont borough, Cambria County, Pennsylvania",20.7,7.0,108988.0,21455.0,42,021,83584,Westmont,Cambria County,Borough,Westmont,20.7,7.0,108988.0,21455.0,87533.0,130443.0,196
"Manheim township, Lancaster County, Pennsylvania",20.7,2.2,102134.0,5802.0,42,071,46896,Manheim,Lancaster County,Township,Manheim Township,20.7,2.2,102134.0,5802.0,96332.0,107936.0,196
"North Hopewell township, York County, Pennsylvania",20.7,8.0,109342.0,14843.0,42,133,55112,North Hopewell,York County,Township,North Hopewell,20.7,8.0,109342.0,14843.0,94499.0,124185.0,196
"Caernarvon township, Berks County, Pennsylvania",20.7,6.0,107639.0,21191.0,42,011,10696,Caernarvon,Berks County,Township,Caernarvon,20.7,6.0,107639.0,21191.0,86448.0,128830.0,196
"Blooming Valley borough, Crawford County, Pennsylvania",20.7,18.3,63750.0,18507.0,42,039,07120,Blooming Valley,Crawford County,Borough,Blooming Valley,20.7,18.3,63750.0,18507.0,45243.0,82257.0,196
"Chester Heights borough, Delaware County, Pennsylvania",20.7,6.2,104009.0,23315.0,42,045,13232,Chester Heights,Delaware County,Borough,Chester Heights,20.7,6.2,104009.0,23315.0,80694.0,127324.0,196
"Bethlehem township, Northampton County, Pennsylvania",20.6,3.3,119050.0,12775.0,42,095,06096,Bethlehem,Northampton County,Township,Bethlehem Township,20.6,3.3,119050.0,12775.0,106275.0,131825.0,202
"Middlesex township, Butler County, Pennsylvania",20.5,6.7,114036.0,3293.0,42,019,49056,Middlesex,Butler County,Township,Middlesex,20.5,6.7,114036.0,3293.0,110743.0,117329.0,203
"Upper Pottsgrove township, Montgomery County, Pennsylvania",20.4,7.1,121566.0,12741.0,42,091,79240,Upper Pottsgrove,Montgomery County,Township,Upper Pottsgrove,20.4,7.1,121566.0,12741.0,108825.0,134307.0,204
"Collier township, Allegheny County, Pennsylvania",20.3,4.1,101824.0,13887.0,42,003,15216,Collier,Allegheny County,Township,Collier,20.3,4.1,101824.0,13887.0,87937.0,115711.0,205
"Spring Garden township, York County, Pennsylvania",20.2,4.2,102686.0,9675.0,42,133,73168,Spring Garden,York County,Township,Spring Garden,20.2,4.2,102686.0,9675.0,93011.0,112361.0,206
"Monroe township, Snyder County, Pennsylvania",20.2,6.9,90417.0,18362.0,42,109,50488,Monroe,Snyder County,Township,Monroe,20.2,6.9,90417.0,18362.0,72055.0,108779.0,206
"South Heidelberg township, Berks County, Pennsylvania",20.0,4.9,110615.0,13525.0,42,011,72208,South Heidelberg,Berks County,Township,South Heidelberg,20.0,4.9,110615.0,13525.0,97090.0,124140.0,208
"Lowhill township, Lehigh County, Pennsylvania",20.0,5.8,144167.0,22801.0,42,077,45168,Lowhill,Lehigh County,Township,Lowhill,20.0,5.8,144167.0,22801.0,121366.0,166968.0,208
"Rice township, Luzerne County, Pennsylvania",19.9,5.8,110511.0,16648.0,42,079,64424,Rice,Luzerne County,Township,Rice,19.9,5.8,110511.0,16648.0,93863.0,127159.0,210
"Burlington township, Bradford County, Pennsylvania",19.9,6.4,93250.0,25360.0,42,015,10248,Burlington,Bradford County,Township,Burlington Township,19.9,6.4,93250.0,25360.0,67890.0,118610.0,210
"Springfield township, Bucks County, Pennsylvania",19.9,7.0,122538.0,50129.0,42,017,73016,Springfield,Bucks County,Township,Springfield,19.9,7.0,122538.0,50129.0,72409.0,172667.0,210
"Middletown township, Bucks County, Pennsylvania",19.8,2.7,114449.0,5138.0,42,017,49120,Middletown,Bucks County,Township,Middletown,19.8,2.7,114449.0,5138.0,109311.0,119587.0,213
"Silver Spring township, Cumberland County, Pennsylvania",19.8,3.3,125102.0,4837.0,42,041,70792,Silver Spring,Cumberland County,Township,Silver Spring,19.8,3.3,125102.0,4837.0,120265.0,129939.0,213
"Warwick township, Chester County, Pennsylvania",19.8,6.0,104875.0,18602.0,42,029,81160,Warwick,Chester County,Township,Warwick,19.8,6.0,104875.0,18602.0,86273.0,123477.0,213
"Caernarvon township, Lancaster County, Pennsylvania",19.7,9.5,118519.0,16849.0,42,071,10704,Caernarvon,Lancaster County,Township,Caernarvon,19.7,9.5,118519.0,16849.0,101670.0,135368.0,216
"Highland township, Adams County, Pennsylvania",19.7,7.8,108958.0,15921.0,42,001,34424,Highland,Adams County,Township,Highland,19.7,7.8,108958.0,15921.0,93037.0,124879.0,216
"Moscow borough, Lackawanna County, Pennsylvania",19.6,6.9,82031.0,10507.0,42,069,51208,Moscow,Lackawanna County,Borough,Moscow,19.6,6.9,82031.0,10507.0,71524.0,92538.0,218
"Bridgeton township, Bucks County, Pennsylvania",19.6,9.8,82292.0,22703.0,42,017,08592,Bridgeton,Bucks County,Township,Bridgeton,19.6,9.8,82292.0,22703.0,59589.0,104995.0,218
"Doylestown borough, Bucks County, Pennsylvania",19.6,5.1,99322.0,8976.0,42,017,19784,Doylestown,Bucks County,Borough,Doylestown Borough,19.6,5.1,99322.0,8976.0,90346.0,108298.0,218
"Upper Milford township, Lehigh County, Pennsylvania",19.5,3.9,110139.0,22800.0,42,077,79160,Upper Milford,Lehigh County,Township,Upper Milford,19.5,3.9,110139.0,22800.0,87339.0,132939.0,221
"Brecknock township, Berks County, Pennsylvania",19.5,5.3,129432.0,24877.0,42,011,08344,Brecknock,Berks County,Township,Brecknock,19.5,5.3,129432.0,24877.0,104555.0,154309.0,221
"Tatamy borough, Northampton County, Pennsylvania",19.5,6.5,122188.0,16886.0,42,095,76144,Tatamy,Northampton County,Borough,Tatamy,19.5,6.5,122188.0,16886.0,105302.0,139074.0,221
"Summit township, Potter County, Pennsylvania",19.4,10.6,48750.0,37342.0,42,105,75224,Summit,Potter County,Township,Summit,19.4,10.6,48750.0,37342.0,11408.0,86092.0,224
"Wright township, Luzerne County, Pennsylvania",19.4,7.6,124000.0,25122.0,42,079,86584,Wright,Luzerne County,Township,Wright,19.4,7.6,124000.0,25122.0,98878.0,149122.0,224
"West Hemlock township, Montour County, Pennsylvania",19.4,10.7,118750.0,41429.0,42,093,83144,West Hemlock,Montour County,Township,West Hemlock,19.4,10.7,118750.0,41429.0,77321.0,160179.0,224
"Shrewsbury township, York County, Pennsylvania",19.4,5.6,117399.0,13998.0,42,133,70576,Shrewsbury,York County,Township,Shrewsbury Township,19.4,5.6,117399.0,13998.0,103401.0,131397.0,224
"Douglass township, Montgomery County, Pennsylvania",19.3,4.4,118333.0,19366.0,42,091,19672,Douglass,Montgomery County,Township,Douglass,19.3,4.4,118333.0,19366.0,98967.0,137699.0,228
"Derry township, Dauphin County, Pennsylvania",19.2,2.9,97025.0,9346.0,42,043,18936,Derry,Dauphin County,Township,Derry,19.2,2.9,97025.0,9346.0,87679.0,106371.0,229
"Valley township, Montour County, Pennsylvania",19.2,5.7,114596.0,12257.0,42,093,79552,Valley,Montour County,Township,Valley,19.2,5.7,114596.0,12257.0,102339.0,126853.0,229
"Palmer township, Northampton County, Pennsylvania",19.2,3.1,116014.0,13371.0,42,095,57672,Palmer,Northampton County,Township,Palmer,19.2,3.1,116014.0,13371.0,102643.0,129385.0,229
"Oley township, Berks County, Pennsylvania",19.1,11.5,90750.0,13219.0,42,011,56672,Oley,Berks County,Township,Oley,19.1,11.5,90750.0,13219.0,77531.0,103969.0,232
"Ontelaunee township, Berks County, Pennsylvania",19.1,7.8,111154.0,16781.0,42,011,56856,Ontelaunee,Berks County,Township,Ontelaunee,19.1,7.8,111154.0,16781.0,94373.0,127935.0,232
"Camp Hill borough, Cumberland County, Pennsylvania",19.1,5.6,115761.0,10154.0,42,041,11000,Camp Hill,Cumberland County,Borough,Camp Hill,19.1,5.6,115761.0,10154.0,105607.0,125915.0,232
"Forks township, Northampton County, Pennsylvania",19.0,4.6,110190.0,10022.0,42,095,26728,Forks,Northampton County,Township,Forks,19.0,4.6,110190.0,10022.0,100168.0,120212.0,235
"West Sadsbury township, Chester County, Pennsylvania",19.0,8.1,94293.0,21960.0,42,029,83968,West Sadsbury,Chester County,Township,West Sadsbury,19.0,8.1,94293.0,21960.0,72333.0,116253.0,235
"Stockertown borough, Northampton County, Pennsylvania",19.0,7.1,109167.0,24853.0,42,095,74232,Stockertown,Northampton County,Borough,Stockertown,19.0,7.1,109167.0,24853.0,84314.0,134020.0,235
"North Strabane township, Washington County, Pennsylvania",18.8,4.2,103084.0,6106.0,42,125,55432,North Strabane,Washington County,Township,North Strabane,18.8,4.2,103084.0,6106.0,96978.0,109190.0,238
"Lower Swatara township, Dauphin County, Pennsylvania",18.8,7.8,87163.0,10270.0,42,043,45120,Lower Swatara,Dauphin County,Township,Lower Swatara,18.8,7.8,87163.0,10270.0,76893.0,97433.0,238
"Indian Lake borough, Somerset County, Pennsylvania",18.8,6.0,83750.0,34435.0,42,111,36888,Indian Lake,Somerset County,Borough,Indian Lake,18.8,6.0,83750.0,34435.0,49315.0,118185.0,238
"Mount Joy township, Adams County, Pennsylvania",18.7,7.0,93917.0,17087.0,42,001,51640,Mount Joy,Adams County,Township,Mount Joy,18.7,7.0,93917.0,17087.0,76830.0,111004.0,241
"Warwick township, Lancaster County, Pennsylvania",18.7,3.5,104013.0,13689.0,42,071,81168,Warwick,Lancaster County,Township,Warwick,18.7,3.5,104013.0,13689.0,90324.0,117702.0,241
"Fairview township, Luzerne County, Pennsylvania",18.7,6.7,96500.0,18269.0,42,079,24888,Fairview,Luzerne County,Township,Fairview,18.7,6.7,96500.0,18269.0,78231.0,114769.0,241
"Washington township, Erie County, Pennsylvania",18.7,7.4,94116.0,20370.0,42,049,81224,Washington,Erie County,Township,Washington,18.7,7.4,94116.0,20370.0,73746.0,114486.0,241
"Perkasie borough, Bucks County, Pennsylvania",18.6,4.9,93845.0,10968.0,42,017,59384,Perkasie,Bucks County,Borough,Perkasie,18.6,4.9,93845.0,10968.0,82877.0,104813.0,245
"Smithfield township, Monroe County, Pennsylvania",18.6,8.5,105705.0,9495.0,42,089,71344,Smithfield,Monroe County,Township,Smithfield,18.6,8.5,105705.0,9495.0,96210.0,115200.0,245
"Manchester township, York County, Pennsylvania",18.5,3.7,95903.0,13271.0,42,133,46872,Manchester,York County,Township,Manchester Township,18.5,3.7,95903.0,13271.0,82632.0,109174.0,247
"College township, Centre County, Pennsylvania",18.5,4.4,101323.0,6934.0,42,027,15136,College,Centre County,Township,College,18.5,4.4,101323.0,6934.0,94389.0,108257.0,247
"Brighton township, Beaver County, Pennsylvania",18.4,5.0,115250.0,16582.0,42,007,08680,Brighton,Beaver County,Township,Brighton,18.4,5.0,115250.0,16582.0,98668.0,131832.0,249
"Bear Creek township, Luzerne County, Pennsylvania",18.4,7.2,88333.0,21713.0,42,079,04592,Bear Creek,Luzerne County,Township,Bear Creek,18.4,7.2,88333.0,21713.0,66620.0,110046.0,249
"Harveys Lake borough, Luzerne County, Pennsylvania",18.4,8.0,75510.0,23984.0,42,079,33000,Harveys Lake,Luzerne County,Borough,Harveys Lake,18.4,8.0,75510.0,23984.0,51526.0,99494.0,249
"West Rockhill township, Bucks County, Pennsylvania",18.4,5.8,104354.0,23088.0,42,017,83960,West Rockhill,Bucks County,Township,West Rockhill,18.4,5.8,104354.0,23088.0,81266.0,127442.0,249
"South Annville township, Lebanon County, Pennsylvania",18.4,8.3,100239.0,11679.0,42,075,71928,South Annville,Lebanon County,Township,South Annville,18.4,8.3,100239.0,11679.0,88560.0,111918.0,249
"Carroll Valley borough, Adams County, Pennsylvania",18.3,6.3,93244.0,13715.0,42,001,11472,Carroll Valley,Adams County,Borough,Carroll Valley,18.3,6.3,93244.0,13715.0,79529.0,106959.0,254
"Highland township, Chester County, Pennsylvania",18.2,6.9,96667.0,18235.0,42,029,34448,Highland,Chester County,Township,Highland,18.2,6.9,96667.0,18235.0,78432.0,114902.0,255
"Yardley borough, Bucks County, Pennsylvania",18.2,6.0,112500.0,19915.0,42,017,86920,Yardley,Bucks County,Borough,Yardley,18.2,6.0,112500.0,19915.0,92585.0,132415.0,255
"Monaghan township, York County, Pennsylvania",18.2,5.3,111304.0,15414.0,42,133,50328,Monaghan,York County,Township,Monaghan,18.2,5.3,111304.0,15414.0,95890.0,126718.0,255
"Mifflin township, Dauphin County, Pennsylvania",18.1,9.3,81071.0,17724.0,42,043,49264,Mifflin,Dauphin County,Township,Mifflin,18.1,9.3,81071.0,17724.0,63347.0,98795.0,258
"Penn township, Westmoreland County, Pennsylvania",18.1,3.7,113086.0,9599.0,42,129,58880,Penn,Westmoreland County,Township,Penn Township,18.1,3.7,113086.0,9599.0,103487.0,122685.0,258
"Oakmont borough, Allegheny County, Pennsylvania",18.1,4.3,92782.0,16341.0,42,003,56088,Oakmont,Allegheny County,Borough,Oakmont,18.1,4.3,92782.0,16341.0,76441.0,109123.0,258
"West Lampeter township, Lancaster County, Pennsylvania",18.1,3.8,110143.0,6823.0,42,071,83256,West Lampeter,Lancaster County,Township,West Lampeter,18.1,3.8,110143.0,6823.0,103320.0,116966.0,258
"Abington township, Montgomery County, Pennsylvania",18.0,2.1,103645.0,6873.0,42,091,00156,Abington,Montgomery County,Township,Abington,18.0,2.1,103645.0,6873.0,96772.0,110518.0,262
"Churchill borough, Allegheny County, Pennsylvania",18.0,5.5,106964.0,15200.0,42,003,13608,Churchill,Allegheny County,Borough,Churchill,18.0,5.5,106964.0,15200.0,91764.0,122164.0,262
"Orwigsburg borough, Schuylkill County, Pennsylvania",17.9,6.2,84063.0,23950.0,42,107,57184,Orwigsburg,Schuylkill County,Borough,Orwigsburg,17.9,6.2,84063.0,23950.0,60113.0,108013.0,264
"Hereford township, Berks County, Pennsylvania",17.9,8.3,115833.0,19734.0,42,011,34016,Hereford,Berks County,Township,Hereford,17.9,8.3,115833.0,19734.0,96099.0,135567.0,264
"West Donegal township, Lancaster County, Pennsylvania",17.9,5.5,90461.0,19258.0,42,071,82816,West Donegal,Lancaster County,Township,West Donegal,17.9,5.5,90461.0,19258.0,71203.0,109719.0,264
"Lower Southampton township, Bucks County, Pennsylvania",17.8,3.4,103211.0,9663.0,42,017,45112,Lower Southampton,Bucks County,Township,Lower Southampton,17.8,3.4,103211.0,9663.0,93548.0,112874.0,267
"Washington township, Wyoming County, Pennsylvania",17.7,13.1,99861.0,20951.0,42,131,81344,Washington,Wyoming County,Township,Washington,17.7,13.1,99861.0,20951.0,78910.0,120812.0,268
"Watts township, Perry County, Pennsylvania",17.7,13.8,94375.0,35037.0,42,099,81640,Watts,Perry County,Township,Watts,17.7,13.8,94375.0,35037.0,59338.0,129412.0,268
"Enon Valley borough, Lawrence County, Pennsylvania",17.7,16.3,76250.0,54447.0,42,073,23768,Enon Valley,Lawrence County,Borough,Enon Valley,17.7,16.3,76250.0,54447.0,21803.0,130697.0,268
"Tinicum township, Bucks County, Pennsylvania",17.7,6.5,122125.0,23661.0,42,017,76784,Tinicum,Bucks County,Township,Tinicum,17.7,6.5,122125.0,23661.0,98464.0,145786.0,268
"Arona borough, Westmoreland County, Pennsylvania",17.6,23.8,73125.0,51254.0,42,129,03120,Arona,Westmoreland County,Borough,Arona,17.6,23.8,73125.0,51254.0,21871.0,124379.0,272
"Trumbauersville borough, Bucks County, Pennsylvania",17.6,15.1,112500.0,44102.0,42,017,77704,Trumbauersville,Bucks County,Borough,Trumbauersville,17.6,15.1,112500.0,44102.0,68398.0,156602.0,272
"Atglen borough, Chester County, Pennsylvania",17.6,7.1,120417.0,24386.0,42,029,03384,Atglen,Chester County,Borough,Atglen,17.6,7.1,120417.0,24386.0,96031.0,144803.0,272
"Pine township, Clearfield County, Pennsylvania",17.6,24.3,108750.0,61297.0,42,033,60288,Pine,Clearfield County,Township,Pine,17.6,24.3,108750.0,61297.0,47453.0,170047.0,272
"East Hempfield township, Lancaster County, Pennsylvania",17.6,2.9,99384.0,7617.0,42,071,21232,East Hempfield,Lancaster County,Township,East Hempfield,17.6,2.9,99384.0,7617.0,91767.0,107001.0,272
"Licking township, Clarion County, Pennsylvania",17.6,7.8,78250.0,40212.0,42,031,43192,Licking,Clarion County,Township,Licking,17.6,7.8,78250.0,40212.0,38038.0,118462.0,272
"Rockland township, Berks County, Pennsylvania",17.5,6.3,110000.0,8058.0,42,011,65544,Rockland,Berks County,Township,Rockland,17.5,6.3,110000.0,8058.0,101942.0,118058.0,278
"Newton township, Lackawanna County, Pennsylvania",17.5,4.2,107847.0,14388.0,42,069,54136,Newton,Lackawanna County,Township,Newton,17.5,4.2,107847.0,14388.0,93459.0,122235.0,278
"Nockamixon township, Bucks County, Pennsylvania",17.4,7.7,104965.0,31965.0,42,017,54576,Nockamixon,Bucks County,Township,Nockamixon,17.4,7.7,104965.0,31965.0,73000.0,136930.0,280
"Mayberry township, Montour County, Pennsylvania",17.4,9.7,94375.0,10746.0,42,093,48152,Mayberry,Montour County,Township,Mayberry,17.4,9.7,94375.0,10746.0,83629.0,105121.0,280
"Monroe township, Cumberland County, Pennsylvania",17.4,6.5,124443.0,19211.0,42,041,50472,Monroe,Cumberland County,Township,Monroe,17.4,6.5,124443.0,19211.0,105232.0,143654.0,280
"Londonderry township, Chester County, Pennsylvania",17.3,5.7,122841.0,19928.0,42,029,44456,Londonderry,Chester County,Township,Londonderry,17.3,5.7,122841.0,19928.0,102913.0,142769.0,283
"Lake township, Luzerne County, Pennsylvania",17.3,7.8,88229.0,23735.0,42,079,40920,Lake,Luzerne County,Township,Lake,17.3,7.8,88229.0,23735.0,64494.0,111964.0,283
"North Abington township, Lackawanna County, Pennsylvania",17.3,7.1,130000.0,47866.0,42,069,54680,North Abington,Lackawanna County,Township,North Abington,17.3,7.1,130000.0,47866.0,82134.0,177866.0,283
"Washington township, Northampton County, Pennsylvania",17.2,6.9,86442.0,27277.0,42,095,81296,Washington,Northampton County,Township,Washington,17.2,6.9,86442.0,27277.0,59165.0,113719.0,286
"Kennett Square borough, Chester County, Pennsylvania",17.2,4.8,80505.0,18288.0,42,029,39352,Kennett Square,Chester County,Borough,Kennett Square,17.2,4.8,80505.0,18288.0,62217.0,98793.0,286
"Conestoga township, Lancaster County, Pennsylvania",17.2,7.7,93152.0,20911.0,42,071,15592,Conestoga,Lancaster County,Township,Conestoga,17.2,7.7,93152.0,20911.0,72241.0,114063.0,286
"Jessup township, Susquehanna County, Pennsylvania",17.2,9.8,64625.0,31138.0,42,115,38168,Jessup,Susquehanna County,Township,Jessup,17.2,9.8,64625.0,31138.0,33487.0,95763.0,286
"East Hopewell township, York County, Pennsylvania",17.2,6.4,108864.0,12648.0,42,133,21296,East Hopewell,York County,Township,East Hopewell,17.2,6.4,108864.0,12648.0,96216.0,121512.0,286
"Robinson township, Allegheny County, Pennsylvania",17.1,3.6,103048.0,11308.0,42,003,65352,Robinson,Allegheny County,Township,Robinson,17.1,3.6,103048.0,11308.0,91740.0,114356.0,291
"South Whitehall township, Lehigh County, Pennsylvania",17.0,3.1,102872.0,10179.0,42,077,72632,South Whitehall,Lehigh County,Township,South Whitehall,17.0,3.1,102872.0,10179.0,92693.0,113051.0,292
"Roaring Brook township, Lackawanna County, Pennsylvania",17.0,5.1,127500.0,34762.0,42,069,65224,Roaring Brook,Lackawanna County,Township,Roaring Brook,17.0,5.1,127500.0,34762.0,92738.0,162262.0,292
"Marlborough township, Montgomery County, Pennsylvania",17.0,5.8,108281.0,19734.0,42,091,47592,Marlborough,Montgomery County,Township,Marlborough,17.0,5.8,108281.0,19734.0,88547.0,128015.0,292
"Ferguson township, Centre County, Pennsylvania",17.0,2.7,85935.0,6487.0,42,027,25624,Ferguson,Centre County,Township,Ferguson,17.0,2.7,85935.0,6487.0,79448.0,92422.0,292
"Heidelberg township, Lebanon County, Pennsylvania",17.0,9.6,92103.0,19890.0,42,075,33608,Heidelberg,Lebanon County,Township,Heidelberg,17.0,9.6,92103.0,19890.0,72213.0,111993.0,292
"South Strabane township, Washington County, Pennsylvania",16.9,4.7,87847.0,7548.0,42,125,72504,South Strabane,Washington County,Township,South Strabane,16.9,4.7,87847.0,7548.0,80299.0,95395.0,297
"Manheim township, York County, Pennsylvania",16.9,6.4,115423.0,33310.0,42,133,46904,Manheim,York County,Township,Manheim,16.9,6.4,115423.0,33310.0,82113.0,148733.0,297
"Edgewood borough, Allegheny County, Pennsylvania",16.9,4.1,103203.0,9488.0,42,003,22520,Edgewood,Allegheny County,Borough,Edgewood,16.9,4.1,103203.0,9488.0,93715.0,112691.0,297
"Greenfield township, Lackawanna County, Pennsylvania",16.9,10.9,106607.0,24696.0,42,069,31016,Greenfield,Lackawanna County,Township,Greenfield,16.9,10.9,106607.0,24696.0,81911.0,131303.0,297
"Morris township, Washington County, Pennsylvania",16.9,6.4,67500.0,18154.0,42,125,51104,Morris,Washington County,Township,Morris,16.9,6.4,67500.0,18154.0,49346.0,85654.0,297
"Dingman township, Pike County, Pennsylvania",16.9,3.6,100972.0,5558.0,42,103,19272,Dingman,Pike County,Township,Dingman,16.9,3.6,100972.0,5558.0,95414.0,106530.0,297
"Dallas township, Luzerne County, Pennsylvania",16.8,4.8,101293.0,11453.0,42,079,18056,Dallas,Luzerne County,Township,Dallas Township,16.8,4.8,101293.0,11453.0,89840.0,112746.0,303
"West Caln township, Chester County, Pennsylvania",16.8,4.8,99398.0,8290.0,42,029,82664,West Caln,Chester County,Township,West Caln,16.8,4.8,99398.0,8290.0,91108.0,107688.0,303
"Covington township, Lackawanna County, Pennsylvania",16.7,7.4,100313.0,20787.0,42,069,16664,Covington,Lackawanna County,Township,Covington,16.7,7.4,100313.0,20787.0,79526.0,121100.0,305
"Conewago township, Dauphin County, Pennsylvania",16.6,4.6,108083.0,15520.0,42,043,15640,Conewago,Dauphin County,Township,Conewago,16.6,4.6,108083.0,15520.0,92563.0,123603.0,306
"Wyoming borough, Luzerne County, Pennsylvania",16.5,8.2,71950.0,5962.0,42,079,86856,Wyoming,Luzerne County,Borough,Wyoming,16.5,8.2,71950.0,5962.0,65988.0,77912.0,307
"Findlay township, Allegheny County, Pennsylvania",16.5,6.1,110625.0,18022.0,42,003,25904,Findlay,Allegheny County,Township,Findlay,16.5,6.1,110625.0,18022.0,92603.0,128647.0,307
"Connoquenessing borough, Butler County, Pennsylvania",16.5,8.2,108750.0,24502.0,42,019,15808,Connoquenessing,Butler County,Borough,Connoquenessing Borough,16.5,8.2,108750.0,24502.0,84248.0,133252.0,307
"Haycock township, Bucks County, Pennsylvania",16.4,3.8,101071.0,16695.0,42,017,33224,Haycock,Bucks County,Township,Haycock,16.4,3.8,101071.0,16695.0,84376.0,117766.0,310
"Franklin township, Carbon County, Pennsylvania",16.4,10.2,88924.0,13931.0,42,025,27368,Franklin,Carbon County,Township,Franklin,16.4,10.2,88924.0,13931.0,74993.0,102855.0,310
"Troutville borough, Clearfield County, Pennsylvania",16.4,12.3,82708.0,18929.0,42,033,77568,Troutville,Clearfield County,Borough,Troutville,16.4,12.3,82708.0,18929.0,63779.0,101637.0,310
"West Nantmeal township, Chester County, Pennsylvania",16.3,6.1,126154.0,14436.0,42,029,83664,West Nantmeal,Chester County,Township,West Nantmeal,16.3,6.1,126154.0,14436.0,111718.0,140590.0,313
"Heidelberg township, Lehigh County, Pennsylvania",16.3,6.8,91553.0,7075.0,42,077,33616,Heidelberg,Lehigh County,Township,Heidelberg,16.3,6.8,91553.0,7075.0,84478.0,98628.0,313
"Glenburn township, Lackawanna County, Pennsylvania",16.3,4.6,88333.0,18968.0,42,069,29504,Glenburn,Lackawanna County,Township,Glenburn,16.3,4.6,88333.0,18968.0,69365.0,107301.0,313
"Bart township, Lancaster County, Pennsylvania",16.2,11.1,75000.0,8431.0,42,071,04376,Bart,Lancaster County,Township,Bart,16.2,11.1,75000.0,8431.0,66569.0,83431.0,316
"Butler township, Luzerne County, Pennsylvania",16.2,5.2,108514.0,12185.0,42,079,10480,Butler,Luzerne County,Township,Butler,16.2,5.2,108514.0,12185.0,96329.0,120699.0,316
"Fairview township, York County, Pennsylvania",16.2,3.0,106223.0,7615.0,42,133,24936,Fairview,York County,Township,Fairview,16.2,3.0,106223.0,7615.0,98608.0,113838.0,316
"Kilbuck township, Allegheny County, Pennsylvania",16.2,5.1,123875.0,13631.0,42,003,39624,Kilbuck,Allegheny County,Township,Kilbuck,16.2,5.1,123875.0,13631.0,110244.0,137506.0,316
"North Fayette township, Allegheny County, Pennsylvania",16.1,4.1,102318.0,10063.0,42,003,55016,North Fayette,Allegheny County,Township,North Fayette,16.1,4.1,102318.0,10063.0,92255.0,112381.0,320
"Lewisberry borough, York County, Pennsylvania",16.1,11.8,94219.0,22092.0,42,133,42968,Lewisberry,York County,Borough,Lewisberry,16.1,11.8,94219.0,22092.0,72127.0,116311.0,320
"Upper Hanover township, Montgomery County, Pennsylvania",16.0,5.5,111643.0,11838.0,42,091,79064,Upper Hanover,Montgomery County,Township,Upper Hanover,16.0,5.5,111643.0,11838.0,99805.0,123481.0,322
"Cranesville borough, Erie County, Pennsylvania",15.9,18.4,76167.0,16331.0,42,049,16960,Cranesville,Erie County,Borough,Cranesville,15.9,18.4,76167.0,16331.0,59836.0,92498.0,323
"Jefferson township, Berks County, Pennsylvania",15.9,6.2,116250.0,8487.0,42,011,37824,Jefferson,Berks County,Township,Jefferson,15.9,6.2,116250.0,8487.0,107763.0,124737.0,323
"Aleppo township, Allegheny County, Pennsylvania",15.9,6.6,78750.0,23854.0,42,003,00724,Aleppo,Allegheny County,Township,Aleppo,15.9,6.6,78750.0,23854.0,54896.0,102604.0,323
"North Coventry township, Chester County, Pennsylvania",15.9,4.4,98896.0,12063.0,42,029,54936,North Coventry,Chester County,Township,North Coventry,15.9,4.4,98896.0,12063.0,86833.0,110959.0,323
"New Britain borough, Bucks County, Pennsylvania",15.9,4.4,125227.0,15632.0,42,017,53296,New Britain,Bucks County,Borough,New Britain Borough,15.9,4.4,125227.0,15632.0,109595.0,140859.0,323
"Cherry township, Sullivan County, Pennsylvania",15.9,5.0,84792.0,19752.0,42,113,13000,Cherry,Sullivan County,Township,Cherry,15.9,5.0,84792.0,19752.0,65040.0,104544.0,323
"Milford township, Pike County, Pennsylvania",15.8,5.8,85234.0,12447.0,42,103,49408,Milford,Pike County,Township,Milford Township,15.8,5.8,85234.0,12447.0,72787.0,97681.0,329
"Dallas borough, Luzerne County, Pennsylvania",15.8,4.9,91050.0,19366.0,42,079,18048,Dallas,Luzerne County,Borough,Dallas Borough,15.8,4.9,91050.0,19366.0,71684.0,110416.0,329
"Hulmeville borough, Bucks County, Pennsylvania",15.8,6.6,121625.0,13618.0,42,017,36192,Hulmeville,Bucks County,Borough,Hulmeville,15.8,6.6,121625.0,13618.0,108007.0,135243.0,329
"Straban township, Adams County, Pennsylvania",15.7,6.1,88438.0,14109.0,42,001,74680,Straban,Adams County,Township,Straban,15.7,6.1,88438.0,14109.0,74329.0,102547.0,332
"Little Britain township, Lancaster County, Pennsylvania",15.7,6.6,87331.0,33216.0,42,071,43832,Little Britain,Lancaster County,Township,Little Britain,15.7,6.6,87331.0,33216.0,54115.0,120547.0,332
"Phoenixville borough, Chester County, Pennsylvania",15.6,3.6,102138.0,8633.0,42,029,60120,Phoenixville,Chester County,Borough,Phoenixville,15.6,3.6,102138.0,8633.0,93505.0,110771.0,334
"Ralpho township, Northumberland County, Pennsylvania",15.6,6.5,120386.0,13204.0,42,097,63328,Ralpho,Northumberland County,Township,Ralpho,15.6,6.5,120386.0,13204.0,107182.0,133590.0,334
"Windsor township, Berks County, Pennsylvania",15.6,5.3,99023.0,8537.0,42,011,85720,Windsor,Berks County,Township,Windsor,15.6,5.3,99023.0,8537.0,90486.0,107560.0,334
"Lower Frederick township, Montgomery County, Pennsylvania",15.6,4.7,116087.0,11792.0,42,091,44912,Lower Frederick,Montgomery County,Township,Lower Frederick,15.6,4.7,116087.0,11792.0,104295.0,127879.0,334
"Robeson township, Berks County, Pennsylvania",15.5,4.0,93009.0,11245.0,42,011,65320,Robeson,Berks County,Township,Robeson,15.5,4.0,93009.0,11245.0,81764.0,104254.0,338
"Honey Brook township, Chester County, Pennsylvania",15.5,5.5,86212.0,6521.0,42,029,35536,Honey Brook,Chester County,Township,Honey Brook Township,15.5,5.5,86212.0,6521.0,79691.0,92733.0,338
"Exeter township, Berks County, Pennsylvania",15.4,3.8,100083.0,8682.0,42,011,24384,Exeter,Berks County,Township,Exeter,15.4,3.8,100083.0,8682.0,91401.0,108765.0,340
"Upper Moreland township, Montgomery County, Pennsylvania",15.4,2.7,99054.0,6478.0,42,091,79176,Upper Moreland,Montgomery County,Township,Upper Moreland,15.4,2.7,99054.0,6478.0,92576.0,105532.0,340
"Franklin township, Luzerne County, Pennsylvania",15.4,5.3,85824.0,4296.0,42,079,27424,Franklin,Luzerne County,Township,Franklin,15.4,5.3,85824.0,4296.0,81528.0,90120.0,340
"Kennedy township, Allegheny County, Pennsylvania",15.4,3.7,87384.0,7165.0,42,003,39312,Kennedy,Allegheny County,Township,Kennedy,15.4,3.7,87384.0,7165.0,80219.0,94549.0,340
"Brecknock township, Lancaster County, Pennsylvania",15.3,9.7,99238.0,11489.0,42,071,08352,Brecknock,Lancaster County,Township,Brecknock,15.3,9.7,99238.0,11489.0,87749.0,110727.0,344
"Upper Frederick township, Montgomery County, Pennsylvania",15.3,5.3,108219.0,10235.0,42,091,79040,Upper Frederick,Montgomery County,Township,Upper Frederick,15.3,5.3,108219.0,10235.0,97984.0,118454.0,344
"North Manheim township, Schuylkill County, Pennsylvania",15.3,7.9,88125.0,23061.0,42,107,55192,North Manheim,Schuylkill County,Township,North Manheim,15.3,7.9,88125.0,23061.0,65064.0,111186.0,344
"South Londonderry township, Lebanon County, Pennsylvania",15.3,4.4,112374.0,10903.0,42,075,72296,South Londonderry,Lebanon County,Township,South Londonderry,15.3,4.4,112374.0,10903.0,101471.0,123277.0,344
"Union township, Union County, Pennsylvania",15.3,4.6,89250.0,12292.0,42,119,78424,Union,Union County,Township,Union,15.3,4.6,89250.0,12292.0,76958.0,101542.0,344
"Buffalo township, Washington County, Pennsylvania",15.3,6.7,93649.0,11260.0,42,125,10032,Buffalo,Washington County,Township,Buffalo,15.3,6.7,93649.0,11260.0,82389.0,104909.0,344
"Strasburg township, Lancaster County, Pennsylvania",15.3,8.1,94242.0,27838.0,42,071,74720,Strasburg,Lancaster County,Township,Strasburg Township,15.3,8.1,94242.0,27838.0,66404.0,122080.0,344
"Aston township, Delaware County, Pennsylvania",15.2,3.9,98758.0,9311.0,42,045,03336,Aston,Delaware County,Township,Aston,15.2,3.9,98758.0,9311.0,89447.0,108069.0,351
"Upper Oxford township, Chester County, Pennsylvania",15.2,4.6,114688.0,17894.0,42,029,79208,Upper Oxford,Chester County,Township,Upper Oxford,15.2,4.6,114688.0,17894.0,96794.0,132582.0,351
"Carroll township, York County, Pennsylvania",15.2,4.0,118929.0,17705.0,42,133,11432,Carroll,York County,Township,Carroll,15.2,4.0,118929.0,17705.0,101224.0,136634.0,351
"Dalton borough, Lackawanna County, Pennsylvania",15.2,4.4,95862.0,11514.0,42,069,18088,Dalton,Lackawanna County,Borough,Dalton,15.2,4.4,95862.0,11514.0,84348.0,107376.0,351
"Moosic borough, Lackawanna County, Pennsylvania",15.2,6.5,80187.0,16792.0,42,069,50880,Moosic,Lackawanna County,Borough,Moosic,15.2,6.5,80187.0,16792.0,63395.0,96979.0,351
"New Albany borough, Bradford County, Pennsylvania",15.2,11.1,77273.0,18762.0,42,015,53152,New Albany,Bradford County,Borough,New Albany,15.2,11.1,77273.0,18762.0,58511.0,96035.0,351
"Pequea township, Lancaster County, Pennsylvania",15.2,7.5,109447.0,14490.0,42,071,59360,Pequea,Lancaster County,Township,Pequea,15.2,7.5,109447.0,14490.0,94957.0,123937.0,351
"Roaring Creek township, Columbia County, Pennsylvania",15.2,9.5,97708.0,26703.0,42,037,65240,Roaring Creek,Columbia County,Township,Roaring Creek,15.2,9.5,97708.0,26703.0,71005.0,124411.0,351
"Latimore township, Adams County, Pennsylvania",15.1,5.7,84750.0,19143.0,42,001,41672,Latimore,Adams County,Township,Latimore,15.1,5.7,84750.0,19143.0,65607.0,103893.0,359
"Lower Pottsgrove township, Montgomery County, Pennsylvania",15.1,2.8,93563.0,10505.0,42,091,45072,Lower Pottsgrove,Montgomery County,Township,Lower Pottsgrove,15.1,2.8,93563.0,10505.0,83058.0,104068.0,359
"Middle Paxton township, Dauphin County, Pennsylvania",15.1,6.1,80391.0,19524.0,42,043,49040,Middle Paxton,Dauphin County,Township,Middle Paxton,15.1,6.1,80391.0,19524.0,60867.0,99915.0,359
"Meshoppen township, Wyoming County, Pennsylvania",15.1,8.7,92308.0,12093.0,42,131,48864,Meshoppen,Wyoming County,Township,Meshoppen Township,15.1,8.7,92308.0,12093.0,80215.0,104401.0,359
"Bern township, Berks County, Pennsylvania",15.1,5.7,117897.0,18414.0,42,011,05816,Bern,Berks County,Township,Bern,15.1,5.7,117897.0,18414.0,99483.0,136311.0,359
"Derry township, Montour County, Pennsylvania",15.0,8.0,83438.0,7904.0,42,093,18952,Derry,Montour County,Township,Derry,15.0,8.0,83438.0,7904.0,75534.0,91342.0,364
"Hatboro borough, Montgomery County, Pennsylvania",15.0,4.4,112565.0,9061.0,42,091,33088,Hatboro,Montgomery County,Borough,Hatboro,15.0,4.4,112565.0,9061.0,103504.0,121626.0,364
"Spring Brook township, Lackawanna County, Pennsylvania",15.0,6.9,69821.0,18055.0,42,069,72896,Spring Brook,Lackawanna County,Township,Spring Brook,15.0,6.9,69821.0,18055.0,51766.0,87876.0,364
"Lehman township, Luzerne County, Pennsylvania",14.9,6.2,79549.0,15370.0,42,079,42504,Lehman,Luzerne County,Township,Lehman,14.9,6.2,79549.0,15370.0,64179.0,94919.0,367
"North Huntingdon township, Westmoreland County, Pennsylvania",14.9,2.6,101200.0,4739.0,42,129,55128,North Huntingdon,Westmoreland County,Township,North Huntingdon,14.9,2.6,101200.0,4739.0,96461.0,105939.0,367
"Blooming Grove township, Pike County, Pennsylvania",14.9,7.9,85457.0,11964.0,42,103,07088,Blooming Grove,Pike County,Township,Blooming Grove,14.9,7.9,85457.0,11964.0,73493.0,97421.0,367
"Upper Allen township, Cumberland County, Pennsylvania",14.9,3.1,99197.0,9095.0,42,041,78736,Upper Allen,Cumberland County,Township,Upper Allen,14.9,3.1,99197.0,9095.0,90102.0,108292.0,367
"Springfield township, York County, Pennsylvania",14.9,5.3,122188.0,16362.0,42,133,73096,Springfield,York County,Township,Springfield,14.9,5.3,122188.0,16362.0,105826.0,138550.0,367
"Adamstown borough, Lancaster County, Pennsylvania",14.9,5.4,117772.0,7736.0,42,071,00364,Adamstown,Lancaster County,Borough,Adamstown,14.9,5.4,117772.0,7736.0,110036.0,125508.0,367
"Mount Pleasant township, Washington County, Pennsylvania",14.8,8.6,94485.0,20419.0,42,125,51864,Mount Pleasant,Washington County,Township,Mount Pleasant,14.8,8.6,94485.0,20419.0,74066.0,114904.0,373
"Pine Grove township, Warren County, Pennsylvania",14.8,5.9,96318.0,9563.0,42,123,60480,Pine Grove,Warren County,Township,Pine Grove,14.8,5.9,96318.0,9563.0,86755.0,105881.0,373
"Hanover township, Northampton County, Pennsylvania",14.8,3.5,107458.0,6409.0,42,095,32432,Hanover,Northampton County,Township,Hanover,14.8,3.5,107458.0,6409.0,101049.0,113867.0,373
"Dorrance township, Luzerne County, Pennsylvania",14.7,11.7,98916.0,2459.0,42,079,19616,Dorrance,Luzerne County,Township,Dorrance,14.7,11.7,98916.0,2459.0,96457.0,101375.0,376
"Warminster township, Bucks County, Pennsylvania",14.7,2.2,96391.0,8116.0,42,017,80952,Warminster,Bucks County,Township,Warminster,14.7,2.2,96391.0,8116.0,88275.0,104507.0,376
"Center township, Beaver County, Pennsylvania",14.7,4.0,89346.0,11891.0,42,007,12016,Center,Beaver County,Township,Center,14.7,4.0,89346.0,11891.0,77455.0,101237.0,376
"Ruscombmanor township, Berks County, Pennsylvania",14.7,5.6,103125.0,21722.0,42,011,66728,Ruscombmanor,Berks County,Township,Ruscombmanor,14.7,5.6,103125.0,21722.0,81403.0,124847.0,376
"Bethel Park municipality, Allegheny County, Pennsylvania",14.7,2.2,107090.0,6511.0,42,003,06064,Bethel Park,Allegheny County,Municipality,Bethel Park,14.7,2.2,107090.0,6511.0,100579.0,113601.0,376
"Oxford borough, Chester County, Pennsylvania",14.6,9.0,67733.0,33942.0,42,029,57480,Oxford,Chester County,Borough,Oxford,14.6,9.0,67733.0,33942.0,33791.0,101675.0,381
"West Cocalico township, Lancaster County, Pennsylvania",14.6,4.2,96480.0,8354.0,42,071,82728,West Cocalico,Lancaster County,Township,West Cocalico,14.6,4.2,96480.0,8354.0,88126.0,104834.0,381
"Cumru township, Berks County, Pennsylvania",14.5,3.4,90797.0,6957.0,42,011,17720,Cumru,Berks County,Township,Cumru,14.5,3.4,90797.0,6957.0,83840.0,97754.0,383
"Patton township, Centre County, Pennsylvania",14.5,3.2,83656.0,11072.0,42,027,58440,Patton,Centre County,Township,Patton,14.5,3.2,83656.0,11072.0,72584.0,94728.0,383
"Upper Bern township, Berks County, Pennsylvania",14.5,8.2,81830.0,21245.0,42,011,78752,Upper Bern,Berks County,Township,Upper Bern,14.5,8.2,81830.0,21245.0,60585.0,103075.0,383
"Laflin borough, Luzerne County, Pennsylvania",14.5,4.4,120833.0,10780.0,42,079,40848,Laflin,Luzerne County,Borough,Laflin,14.5,4.4,120833.0,10780.0,110053.0,131613.0,383
"Lynn township, Lehigh County, Pennsylvania",14.5,4.6,87784.0,28832.0,42,077,45656,Lynn,Lehigh County,Township,Lynn,14.5,4.6,87784.0,28832.0,58952.0,116616.0,383
"Deemston borough, Washington County, Pennsylvania",14.4,10.2,98750.0,17256.0,42,125,18496,Deemston,Washington County,Borough,Deemston,14.4,10.2,98750.0,17256.0,81494.0,116006.0,388
"North Wales borough, Montgomery County, Pennsylvania",14.4,6.8,128056.0,23755.0,42,091,55512,North Wales,Montgomery County,Borough,North Wales,14.4,6.8,128056.0,23755.0,104301.0,151811.0,388
"Whitehall borough, Allegheny County, Pennsylvania",14.3,3.7,89404.0,11120.0,42,003,84512,Whitehall,Allegheny County,Borough,Whitehall,14.3,3.7,89404.0,11120.0,78284.0,100524.0,390
"Walker township, Huntingdon County, Pennsylvania",14.3,6.7,92382.0,11017.0,42,061,80560,Walker,Huntingdon County,Township,Walker,14.3,6.7,92382.0,11017.0,81365.0,103399.0,390
"Fawn township, York County, Pennsylvania",14.3,7.6,117083.0,14022.0,42,133,25408,Fawn,York County,Township,Fawn,14.3,7.6,117083.0,14022.0,103061.0,131105.0,390
"Sadsbury township, Chester County, Pennsylvania",14.2,5.8,116570.0,17541.0,42,029,67080,Sadsbury,Chester County,Township,Sadsbury,14.2,5.8,116570.0,17541.0,99029.0,134111.0,393
"Harris township, Centre County, Pennsylvania",14.2,4.2,103377.0,9421.0,42,027,32792,Harris,Centre County,Township,Harris,14.2,4.2,103377.0,9421.0,93956.0,112798.0,393
"Hamilton township, Adams County, Pennsylvania",14.2,3.9,107188.0,30736.0,42,001,32144,Hamilton,Adams County,Township,Hamilton,14.2,3.9,107188.0,30736.0,76452.0,137924.0,393
"Sadsbury township, Lancaster County, Pennsylvania",14.2,4.9,92917.0,10813.0,42,071,67096,Sadsbury,Lancaster County,Township,Sadsbury,14.2,4.9,92917.0,10813.0,82104.0,103730.0,393
"North Cornwall township, Lebanon County, Pennsylvania",14.2,4.0,78803.0,10107.0,42,075,54928,North Cornwall,Lebanon County,Township,North Cornwall,14.2,4.0,78803.0,10107.0,68696.0,88910.0,393
"Union township, Berks County, Pennsylvania",14.2,4.6,113159.0,7312.0,42,011,78280,Union,Berks County,Township,Union,14.2,4.6,113159.0,7312.0,105847.0,120471.0,393
"Winfield township, Butler County, Pennsylvania",14.1,9.2,91488.0,24114.0,42,019,85784,Winfield,Butler County,Township,Winfield,14.1,9.2,91488.0,24114.0,67374.0,115602.0,399
"Jordan township, Northumberland County, Pennsylvania",14.1,5.6,87031.0,16146.0,42,097,38456,Jordan,Northumberland County,Township,Jordan,14.1,5.6,87031.0,16146.0,70885.0,103177.0,399
"Jacobus borough, York County, Pennsylvania",14.1,4.9,114034.0,16587.0,42,133,37640,Jacobus,York County,Borough,Jacobus,14.1,4.9,114034.0,16587.0,97447.0,130621.0,399
"Kidder township, Carbon County, Pennsylvania",14.0,13.9,78854.0,23509.0,42,025,39608,Kidder,Carbon County,Township,Kidder,14.0,13.9,78854.0,23509.0,55345.0,102363.0,402
"Watson township, Lycoming County, Pennsylvania",14.0,7.4,82150.0,4508.0,42,081,81576,Watson,Lycoming County,Township,Watson,14.0,7.4,82150.0,4508.0,77642.0,86658.0,402
"Glenfield borough, Allegheny County, Pennsylvania",14.0,7.9,98750.0,35435.0,42,003,29592,Glenfield,Allegheny County,Borough,Glenfield,14.0,7.9,98750.0,35435.0,63315.0,134185.0,402
"Marion township, Butler County, Pennsylvania",13.9,8.5,74514.0,10007.0,42,019,47448,Marion,Butler County,Township,Marion,13.9,8.5,74514.0,10007.0,64507.0,84521.0,405
"Scott township, Lackawanna County, Pennsylvania",13.9,6.9,93384.0,21592.0,42,069,68400,Scott,Lackawanna County,Township,Scott,13.9,6.9,93384.0,21592.0,71792.0,114976.0,405
"East Norriton township, Montgomery County, Pennsylvania",13.9,3.6,99277.0,7295.0,42,091,21600,East Norriton,Montgomery County,Township,East Norriton,13.9,3.6,99277.0,7295.0,91982.0,106572.0,405
"Gordon borough, Schuylkill County, Pennsylvania",13.9,8.5,92837.0,22607.0,42,107,30128,Gordon,Schuylkill County,Borough,Gordon,13.9,8.5,92837.0,22607.0,70230.0,115444.0,405
"Pocono township, Monroe County, Pennsylvania",13.9,5.5,105181.0,10845.0,42,089,61728,Pocono,Monroe County,Township,Pocono,13.9,5.5,105181.0,10845.0,94336.0,116026.0,405
"Allen township, Northampton County, Pennsylvania",13.8,7.7,102865.0,26580.0,42,095,00948,Allen,Northampton County,Township,Allen,13.8,7.7,102865.0,26580.0,76285.0,129445.0,410
"Georgetown borough, Beaver County, Pennsylvania",13.8,15.1,89500.0,26804.0,42,007,28824,Georgetown,Beaver County,Borough,Georgetown,13.8,15.1,89500.0,26804.0,62696.0,116304.0,410
"Centre township, Berks County, Pennsylvania",13.8,4.1,95375.0,14261.0,42,011,12344,Centre,Berks County,Township,Centre,13.8,4.1,95375.0,14261.0,81114.0,109636.0,410
"Chestnuthill township, Monroe County, Pennsylvania",13.8,3.2,89842.0,9670.0,42,089,13328,Chestnuthill,Monroe County,Township,Chestnuthill,13.8,3.2,89842.0,9670.0,80172.0,99512.0,410
"East Cocalico township, Lancaster County, Pennsylvania",13.7,3.8,96875.0,12825.0,42,071,20984,East Cocalico,Lancaster County,Township,East Cocalico,13.7,3.8,96875.0,12825.0,84050.0,109700.0,414
"Potter township, Centre County, Pennsylvania",13.7,6.1,75385.0,7254.0,42,027,62360,Potter,Centre County,Township,Potter,13.7,6.1,75385.0,7254.0,68131.0,82639.0,414
"Leet township, Allegheny County, Pennsylvania",13.7,5.3,93083.0,41026.0,42,003,42368,Leet,Allegheny County,Township,Leet,13.7,5.3,93083.0,41026.0,52057.0,134109.0,414
"Bensalem township, Bucks County, Pennsylvania",13.6,1.6,85223.0,5125.0,42,017,05616,Bensalem,Bucks County,Township,Bensalem,13.6,1.6,85223.0,5125.0,80098.0,90348.0,417
"Liberty township, Adams County, Pennsylvania",13.6,5.3,93250.0,28983.0,42,001,43056,Liberty,Adams County,Township,Liberty,13.6,5.3,93250.0,28983.0,64267.0,122233.0,417
"Cornwall borough, Lebanon County, Pennsylvania",13.6,4.7,107583.0,13523.0,42,075,16256,Cornwall,Lebanon County,Borough,Cornwall,13.6,4.7,107583.0,13523.0,94060.0,121106.0,417
"Butler township, Adams County, Pennsylvania",13.6,6.6,89276.0,17150.0,42,001,10456,Butler,Adams County,Township,Butler,13.6,6.6,89276.0,17150.0,72126.0,106426.0,417
"Muncy township, Lycoming County, Pennsylvania",13.5,7.0,85714.0,11318.0,42,081,52280,Muncy,Lycoming County,Township,Muncy Township,13.5,7.0,85714.0,11318.0,74396.0,97032.0,421
"Manor borough, Westmoreland County, Pennsylvania",13.5,8.0,138583.0,36355.0,42,129,47000,Manor,Westmoreland County,Borough,Manor,13.5,8.0,138583.0,36355.0,102228.0,174938.0,421
"Riverside borough, Northumberland County, Pennsylvania",13.5,4.8,83750.0,21602.0,42,097,65112,Riverside,Northumberland County,Borough,Riverside,13.5,4.8,83750.0,21602.0,62148.0,105352.0,421
"Wilmington township, Mercer County, Pennsylvania",13.5,6.8,85288.0,11789.0,42,085,85512,Wilmington,Mercer County,Township,Wilmington,13.5,6.8,85288.0,11789.0,73499.0,97077.0,421
"South Park township, Allegheny County, Pennsylvania",13.5,2.8,101102.0,7515.0,42,003,72400,South Park,Allegheny County,Township,South Park,13.5,2.8,101102.0,7515.0,93587.0,108617.0,421
"Silver Lake township, Susquehanna County, Pennsylvania",13.5,6.1,87083.0,15787.0,42,115,70776,Silver Lake,Susquehanna County,Township,Silver Lake,13.5,6.1,87083.0,15787.0,71296.0,102870.0,421
"Benner township, Centre County, Pennsylvania",13.4,4.5,101228.0,19339.0,42,027,05608,Benner,Centre County,Township,Benner,13.4,4.5,101228.0,19339.0,81889.0,120567.0,427
"Shrewsbury borough, York County, Pennsylvania",13.3,5.1,101833.0,26537.0,42,133,70568,Shrewsbury,York County,Borough,Shrewsbury Borough,13.3,5.1,101833.0,26537.0,75296.0,128370.0,428
"Exeter township, Luzerne County, Pennsylvania",13.3,9.8,82621.0,24102.0,42,079,24400,Exeter,Luzerne County,Township,Exeter Township,13.3,9.8,82621.0,24102.0,58519.0,106723.0,428
"Susquehanna township, Dauphin County, Pennsylvania",13.3,3.2,84832.0,7679.0,42,043,75528,Susquehanna,Dauphin County,Township,Susquehanna,13.3,3.2,84832.0,7679.0,77153.0,92511.0,428
"New Cumberland borough, Cumberland County, Pennsylvania",13.3,5.9,82154.0,9683.0,42,041,53464,New Cumberland,Cumberland County,Borough,New Cumberland,13.3,5.9,82154.0,9683.0,72471.0,91837.0,428
"North Centre township, Columbia County, Pennsylvania",13.3,4.5,76591.0,7308.0,42,037,54880,North Centre,Columbia County,Township,North Centre,13.3,4.5,76591.0,7308.0,69283.0,83899.0,428
"Glendon borough, Northampton County, Pennsylvania",13.2,14.0,105833.0,18878.0,42,095,29568,Glendon,Northampton County,Borough,Glendon,13.2,14.0,105833.0,18878.0,86955.0,124711.0,433
"Greencastle borough, Franklin County, Pennsylvania",13.2,5.0,77419.0,9470.0,42,055,30896,Greencastle,Franklin County,Borough,Greencastle,13.2,5.0,77419.0,9470.0,67949.0,86889.0,433
"Tell township, Huntingdon County, Pennsylvania",13.2,7.5,76699.0,3476.0,42,061,76312,Tell,Huntingdon County,Township,Tell,13.2,7.5,76699.0,3476.0,73223.0,80175.0,433
"Elizabeth township, Lancaster County, Pennsylvania",13.2,5.9,99583.0,23484.0,42,071,23008,Elizabeth,Lancaster County,Township,Elizabeth,13.2,5.9,99583.0,23484.0,76099.0,123067.0,433
"Ross township, Allegheny County, Pennsylvania",13.2,2.1,92642.0,3317.0,42,003,66264,Ross,Allegheny County,Township,Ross,13.2,2.1,92642.0,3317.0,89325.0,95959.0,433
"Pike township, Berks County, Pennsylvania",13.2,3.9,105729.0,10524.0,42,011,60176,Pike,Berks County,Township,Pike,13.2,3.9,105729.0,10524.0,95205.0,116253.0,433
"Cross Creek township, Washington County, Pennsylvania",13.2,4.9,68098.0,11427.0,42,125,17314,Cross Creek,Washington County,Township,Cross Creek,13.2,4.9,68098.0,11427.0,56671.0,79525.0,433
"Wells township, Fulton County, Pennsylvania",13.1,7.0,60000.0,12866.0,42,057,82152,Wells,Fulton County,Township,Wells,13.1,7.0,60000.0,12866.0,47134.0,72866.0,440
"Salisbury township, Lancaster County, Pennsylvania",13.1,4.1,92816.0,15158.0,42,071,67568,Salisbury,Lancaster County,Township,Salisbury,13.1,4.1,92816.0,15158.0,77658.0,107974.0,440
"Jefferson township, Butler County, Pennsylvania",13.1,8.0,90354.0,15274.0,42,019,37848,Jefferson,Butler County,Township,Jefferson,13.1,8.0,90354.0,15274.0,75080.0,105628.0,440
"Pine township, Mercer County, Pennsylvania",13.0,5.2,94223.0,16890.0,42,085,60336,Pine,Mercer County,Township,Pine,13.0,5.2,94223.0,16890.0,77333.0,111113.0,443
"Martic township, Lancaster County, Pennsylvania",13.0,6.0,93041.0,15236.0,42,071,47824,Martic,Lancaster County,Township,Martic,13.0,6.0,93041.0,15236.0,77805.0,108277.0,443
"Stroud township, Monroe County, Pennsylvania",13.0,3.8,95087.0,8204.0,42,089,74880,Stroud,Monroe County,Township,Stroud,13.0,3.8,95087.0,8204.0,86883.0,103291.0,443
"Souderton borough, Montgomery County, Pennsylvania",13.0,4.0,93537.0,5643.0,42,091,71856,Souderton,Montgomery County,Borough,Souderton,13.0,4.0,93537.0,5643.0,87894.0,99180.0,443
"Huston township, Blair County, Pennsylvania",13.0,7.6,108958.0,18223.0,42,013,36496,Huston,Blair County,Township,Huston,13.0,7.6,108958.0,18223.0,90735.0,127181.0,443
"Media borough, Delaware County, Pennsylvania",13.0,3.1,89092.0,8671.0,42,045,48480,Media,Delaware County,Borough,Media,13.0,3.1,89092.0,8671.0,80421.0,97763.0,443
"Fawn township, Allegheny County, Pennsylvania",13.0,5.5,87674.0,16672.0,42,003,25400,Fawn,Allegheny County,Township,Fawn,13.0,5.5,87674.0,16672.0,71002.0,104346.0,443
"Rush township, Susquehanna County, Pennsylvania",13.0,9.2,61625.0,8268.0,42,115,66776,Rush,Susquehanna County,Township,Rush,13.0,9.2,61625.0,8268.0,53357.0,69893.0,443
"North Franklin township, Washington County, Pennsylvania",13.0,7.1,76563.0,11927.0,42,125,55040,North Franklin,Washington County,Township,North Franklin,13.0,7.1,76563.0,11927.0,64636.0,88490.0,443
"Apolacon township, Susquehanna County, Pennsylvania",12.9,6.6,77500.0,31469.0,42,115,02712,Apolacon,Susquehanna County,Township,Apolacon,12.9,6.6,77500.0,31469.0,46031.0,108969.0,452
"Springville township, Susquehanna County, Pennsylvania",12.9,5.2,76750.0,16441.0,42,115,73440,Springville,Susquehanna County,Township,Springville,12.9,5.2,76750.0,16441.0,60309.0,93191.0,452
"Atwood borough, Armstrong County, Pennsylvania",12.9,11.0,47083.0,36540.0,42,005,03480,Atwood,Armstrong County,Borough,Atwood,12.9,11.0,47083.0,36540.0,10543.0,83623.0,452
"Manchester township, Wayne County, Pennsylvania",12.9,4.8,68333.0,24460.0,42,127,46856,Manchester,Wayne County,Township,Manchester,12.9,4.8,68333.0,24460.0,43873.0,92793.0,452
"Penn township, Berks County, Pennsylvania",12.9,5.2,97167.0,22514.0,42,011,58784,Penn,Berks County,Township,Penn,12.9,5.2,97167.0,22514.0,74653.0,119681.0,452
"Eden township, Lancaster County, Pennsylvania",12.8,5.1,91250.0,13853.0,42,071,22336,Eden,Lancaster County,Township,Eden,12.8,5.1,91250.0,13853.0,77397.0,105103.0,457
"Orange township, Columbia County, Pennsylvania",12.8,5.1,96750.0,17505.0,42,037,56896,Orange,Columbia County,Township,Orange,12.8,5.1,96750.0,17505.0,79245.0,114255.0,457
"Girard borough, Erie County, Pennsylvania",12.8,12.9,71165.0,21674.0,42,049,29232,Girard,Erie County,Borough,Girard Borough,12.8,12.9,71165.0,21674.0,49491.0,92839.0,457
"Spring township, Berks County, Pennsylvania",12.8,2.7,94837.0,9655.0,42,011,72824,Spring,Berks County,Township,Spring,12.8,2.7,94837.0,9655.0,85182.0,104492.0,457
"Shrewsbury township, Sullivan County, Pennsylvania",12.8,9.6,71250.0,12887.0,42,113,70560,Shrewsbury,Sullivan County,Township,Shrewsbury,12.8,9.6,71250.0,12887.0,58363.0,84137.0,457
"Jefferson township, Washington County, Pennsylvania",12.7,5.3,73229.0,18322.0,42,125,37936,Jefferson,Washington County,Township,Jefferson,12.7,5.3,73229.0,18322.0,54907.0,91551.0,462
"Deerfield township, Tioga County, Pennsylvania",12.7,9.6,77778.0,20204.0,42,117,18552,Deerfield,Tioga County,Township,Deerfield,12.7,9.6,77778.0,20204.0,57574.0,97982.0,462
"Liberty township, Mercer County, Pennsylvania",12.7,4.2,78906.0,12675.0,42,085,43104,Liberty,Mercer County,Township,Liberty,12.7,4.2,78906.0,12675.0,66231.0,91581.0,462
"Canaan township, Wayne County, Pennsylvania",12.7,6.2,73036.0,20884.0,42,127,11056,Canaan,Wayne County,Township,Canaan,12.7,6.2,73036.0,20884.0,52152.0,93920.0,462
"Schellsburg borough, Bedford County, Pennsylvania",12.7,17.1,81250.0,37251.0,42,009,68152,Schellsburg,Bedford County,Borough,Schellsburg,12.7,17.1,81250.0,37251.0,43999.0,118501.0,462
"Penn township, Butler County, Pennsylvania",12.6,4.5,92620.0,8411.0,42,019,58792,Penn,Butler County,Township,Penn,12.6,4.5,92620.0,8411.0,84209.0,101031.0,467
"Dennison township, Luzerne County, Pennsylvania",12.6,4.3,102143.0,10259.0,42,079,18868,Dennison,Luzerne County,Township,Dennison,12.6,4.3,102143.0,10259.0,91884.0,112402.0,467
"Clifford township, Susquehanna County, Pennsylvania",12.6,7.5,84559.0,17461.0,42,115,14224,Clifford,Susquehanna County,Township,Clifford,12.6,7.5,84559.0,17461.0,67098.0,102020.0,467
"Leacock township, Lancaster County, Pennsylvania",12.6,5.0,83260.0,7249.0,42,071,42080,Leacock,Lancaster County,Township,Leacock,12.6,5.0,83260.0,7249.0,76011.0,90509.0,467
"Oliver township, Perry County, Pennsylvania",12.5,10.4,91250.0,15940.0,42,099,56728,Oliver,Perry County,Township,Oliver,12.5,10.4,91250.0,15940.0,75310.0,107190.0,471
"Yatesville borough, Luzerne County, Pennsylvania",12.5,7.3,108125.0,24720.0,42,079,86952,Yatesville,Luzerne County,Borough,Yatesville,12.5,7.3,108125.0,24720.0,83405.0,132845.0,471
"Union township, Adams County, Pennsylvania",12.5,3.8,94857.0,6591.0,42,001,78264,Union,Adams County,Township,Union,12.5,3.8,94857.0,6591.0,88266.0,101448.0,471
"Union township, Fulton County, Pennsylvania",12.5,7.0,96023.0,22605.0,42,057,78320,Union,Fulton County,Township,Union,12.5,7.0,96023.0,22605.0,73418.0,118628.0,471
"Ohiopyle borough, Fayette County, Pennsylvania",12.5,22.3,36000.0,17777.0,42,051,56408,Ohiopyle,Fayette County,Borough,Ohiopyle,12.5,22.3,36000.0,17777.0,18223.0,53777.0,471
"Maidencreek township, Berks County, Pennsylvania",12.5,4.6,111842.0,20019.0,42,011,46680,Maidencreek,Berks County,Township,Maidencreek,12.5,4.6,111842.0,20019.0,91823.0,131861.0,471
"Ambler borough, Montgomery County, Pennsylvania",12.5,4.0,77394.0,23678.0,42,091,02264,Ambler,Montgomery County,Borough,Ambler,12.5,4.0,77394.0,23678.0,53716.0,101072.0,471
"Economy borough, Beaver County, Pennsylvania",12.5,3.0,95313.0,14828.0,42,007,22264,Economy,Beaver County,Borough,Economy,12.5,3.0,95313.0,14828.0,80485.0,110141.0,471
"Mount Pocono borough, Monroe County, Pennsylvania",12.5,7.5,79375.0,64898.0,42,089,51912,Mount Pocono,Monroe County,Borough,Mount Pocono,12.5,7.5,79375.0,64898.0,14477.0,144273.0,471
"Clark borough, Mercer County, Pennsylvania",12.4,7.1,60000.0,26848.0,42,085,13832,Clark,Mercer County,Borough,Clark,12.4,7.1,60000.0,26848.0,33152.0,86848.0,480
"Marion township, Beaver County, Pennsylvania",12.4,6.0,76607.0,20336.0,42,007,47432,Marion,Beaver County,Township,Marion,12.4,6.0,76607.0,20336.0,56271.0,96943.0,480
"Oneida township, Huntingdon County, Pennsylvania",12.3,9.4,87500.0,27392.0,42,061,56808,Oneida,Huntingdon County,Township,Oneida,12.3,9.4,87500.0,27392.0,60108.0,114892.0,482
"Bethel township, Berks County, Pennsylvania",12.3,8.4,93958.0,41912.0,42,011,06008,Bethel,Berks County,Township,Bethel,12.3,8.4,93958.0,41912.0,52046.0,135870.0,482
"North Annville township, Lebanon County, Pennsylvania",12.3,7.8,83958.0,17314.0,42,075,54720,North Annville,Lebanon County,Township,North Annville,12.3,7.8,83958.0,17314.0,66644.0,101272.0,482
"Snake Spring township, Bedford County, Pennsylvania",12.3,4.6,73571.0,14852.0,42,009,71544,Snake Spring,Bedford County,Township,Snake Spring,12.3,4.6,73571.0,14852.0,58719.0,88423.0,482
"Falls township, Bucks County, Pennsylvania",12.3,2.4,93223.0,4953.0,42,017,25112,Falls,Bucks County,Township,Falls,12.3,2.4,93223.0,4953.0,88270.0,98176.0,482
"Exeter township, Wyoming County, Pennsylvania",12.3,7.6,68269.0,11377.0,42,131,24408,Exeter,Wyoming County,Township,Exeter,12.3,7.6,68269.0,11377.0,56892.0,79646.0,482
"Brooklyn township, Susquehanna County, Pennsylvania",12.3,4.6,74583.0,18776.0,42,115,09128,Brooklyn,Susquehanna County,Township,Brooklyn,12.3,4.6,74583.0,18776.0,55807.0,93359.0,482
"West Fallowfield township, Chester County, Pennsylvania",12.3,5.5,92708.0,31161.0,42,029,82936,West Fallowfield,Chester County,Township,West Fallowfield,12.3,5.5,92708.0,31161.0,61547.0,123869.0,482
"West Chester borough, Chester County, Pennsylvania",12.3,2.8,78385.0,13438.0,42,029,82704,West Chester,Chester County,Borough,West Chester,12.3,2.8,78385.0,13438.0,64947.0,91823.0,482
"Lower Paxton township, Dauphin County, Pennsylvania",12.3,1.9,91789.0,2998.0,42,043,45056,Lower Paxton,Dauphin County,Township,Lower Paxton,12.3,1.9,91789.0,2998.0,88791.0,94787.0,482
"York township, York County, Pennsylvania",12.3,2.1,80190.0,7539.0,42,133,87056,York,York County,Township,York Township,12.3,2.1,80190.0,7539.0,72651.0,87729.0,482
"Herrick township, Bradford County, Pennsylvania",12.2,5.1,85000.0,11026.0,42,015,34088,Herrick,Bradford County,Township,Herrick,12.2,5.1,85000.0,11026.0,73974.0,96026.0,493
"South Canaan township, Wayne County, Pennsylvania",12.2,6.0,77273.0,10554.0,42,127,72024,South Canaan,Wayne County,Township,South Canaan,12.2,6.0,77273.0,10554.0,66719.0,87827.0,493
"Wilmington township, Lawrence County, Pennsylvania",12.2,6.5,72557.0,13800.0,42,073,85504,Wilmington,Lawrence County,Township,Wilmington,12.2,6.5,72557.0,13800.0,58757.0,86357.0,493
"Litchfield township, Bradford County, Pennsylvania",12.2,6.0,70982.0,11601.0,42,015,43792,Litchfield,Bradford County,Township,Litchfield,12.2,6.0,70982.0,11601.0,59381.0,82583.0,493
"Zelienople borough, Butler County, Pennsylvania",12.2,4.4,68110.0,10270.0,42,019,87272,Zelienople,Butler County,Borough,Zelienople,12.2,4.4,68110.0,10270.0,57840.0,78380.0,493
"North Londonderry township, Lebanon County, Pennsylvania",12.2,3.4,108548.0,17462.0,42,075,55176,North Londonderry,Lebanon County,Township,North Londonderry,12.2,3.4,108548.0,17462.0,91086.0,126010.0,493
"Valley township, Armstrong County, Pennsylvania",12.2,5.7,75000.0,22047.0,42,005,79528,Valley,Armstrong County,Township,Valley,12.2,5.7,75000.0,22047.0,52953.0,97047.0,493
"Unity township, Westmoreland County, Pennsylvania",12.2,2.6,75448.0,6023.0,42,129,78656,Unity,Westmoreland County,Township,Unity,12.2,2.6,75448.0,6023.0,69425.0,81471.0,493
"Codorus township, York County, Pennsylvania",12.2,4.7,101676.0,16639.0,42,133,14832,Codorus,York County,Township,Codorus,12.2,4.7,101676.0,16639.0,85037.0,118315.0,493
"Conewago township, York County, Pennsylvania",12.2,4.3,97244.0,10629.0,42,133,15656,Conewago,York County,Township,Conewago,12.2,4.3,97244.0,10629.0,86615.0,107873.0,493
"Richland township, Bucks County, Pennsylvania",12.1,3.3,99476.0,13066.0,42,017,64536,Richland,Bucks County,Township,Richland,12.1,3.3,99476.0,13066.0,86410.0,112542.0,503
"Amity township, Erie County, Pennsylvania",12.1,10.2,79063.0,14831.0,42,049,02336,Amity,Erie County,Township,Amity,12.1,10.2,79063.0,14831.0,64232.0,93894.0,503
"Plainfield township, Northampton County, Pennsylvania",12.1,4.7,87230.0,18519.0,42,095,61088,Plainfield,Northampton County,Township,Plainfield,12.1,4.7,87230.0,18519.0,68711.0,105749.0,503
"Warrington township, York County, Pennsylvania",12.1,5.4,77763.0,21637.0,42,133,81056,Warrington,York County,Township,Warrington,12.1,5.4,77763.0,21637.0,56126.0,99400.0,503
"Plum borough, Allegheny County, Pennsylvania",12.1,2.0,98705.0,4362.0,42,003,61536,Plum,Allegheny County,Borough,Plum,12.1,2.0,98705.0,4362.0,94343.0,103067.0,503
"Leesport borough, Berks County, Pennsylvania",12.1,8.5,95577.0,14813.0,42,011,42352,Leesport,Berks County,Borough,Leesport,12.1,8.5,95577.0,14813.0,80764.0,110390.0,503
"Morrisville borough, Bucks County, Pennsylvania",12.1,5.2,99526.0,22703.0,42,017,51144,Morrisville,Bucks County,Borough,Morrisville,12.1,5.2,99526.0,22703.0,76823.0,122229.0,503
"Valley township, Chester County, Pennsylvania",12.0,4.7,88895.0,9685.0,42,029,79544,Valley,Chester County,Township,Valley,12.0,4.7,88895.0,9685.0,79210.0,98580.0,510
"Wyalusing township, Bradford County, Pennsylvania",12.0,5.0,90197.0,14870.0,42,015,86664,Wyalusing,Bradford County,Township,Wyalusing Township,12.0,5.0,90197.0,14870.0,75327.0,105067.0,510
"McKean township, Erie County, Pennsylvania",12.0,4.2,83736.0,8719.0,42,049,46224,McKean,Erie County,Township,McKean Township,12.0,4.2,83736.0,8719.0,75017.0,92455.0,510
"Susquehanna township, Cambria County, Pennsylvania",12.0,5.1,52431.0,9557.0,42,021,75520,Susquehanna,Cambria County,Township,Susquehanna,12.0,5.1,52431.0,9557.0,42874.0,61988.0,510
"Gibson township, Susquehanna County, Pennsylvania",11.9,4.9,86600.0,9155.0,42,115,29024,Gibson,Susquehanna County,Township,Gibson,11.9,4.9,86600.0,9155.0,77445.0,95755.0,514
"West Hanover township, Dauphin County, Pennsylvania",11.9,4.2,89183.0,9655.0,42,043,83128,West Hanover,Dauphin County,Township,West Hanover,11.9,4.2,89183.0,9655.0,79528.0,98838.0,514
"Honey Brook borough, Chester County, Pennsylvania",11.9,7.4,94375.0,25772.0,42,029,35528,Honey Brook,Chester County,Borough,Honey Brook Borough,11.9,7.4,94375.0,25772.0,68603.0,120147.0,514
"Wilson borough, Northampton County, Pennsylvania",11.9,5.4,82902.0,12527.0,42,095,85592,Wilson,Northampton County,Borough,Wilson,11.9,5.4,82902.0,12527.0,70375.0,95429.0,514
"Forksville borough, Sullivan County, Pennsylvania",11.9,10.8,58438.0,26781.0,42,113,26760,Forksville,Sullivan County,Borough,Forksville,11.9,10.8,58438.0,26781.0,31657.0,85219.0,514
"Shohola township, Pike County, Pennsylvania",11.9,5.3,93750.0,15265.0,42,103,70496,Shohola,Pike County,Township,Shohola,11.9,5.3,93750.0,15265.0,78485.0,109015.0,514
"Montgomery township, Franklin County, Pennsylvania",11.8,6.3,98640.0,18901.0,42,055,50616,Montgomery,Franklin County,Township,Montgomery,11.8,6.3,98640.0,18901.0,79739.0,117541.0,520
"Manor township, Lancaster County, Pennsylvania",11.8,2.2,89917.0,5815.0,42,071,46992,Manor,Lancaster County,Township,Manor,11.8,2.2,89917.0,5815.0,84102.0,95732.0,520
"Amwell township, Washington County, Pennsylvania",11.8,7.5,77895.0,15234.0,42,125,02384,Amwell,Washington County,Township,Amwell,11.8,7.5,77895.0,15234.0,62661.0,93129.0,520
"Shelocta borough, Indiana County, Pennsylvania",11.8,18.9,69375.0,53239.0,42,063,70040,Shelocta,Indiana County,Borough,Shelocta,11.8,18.9,69375.0,53239.0,16136.0,122614.0,520
"Washington township, Snyder County, Pennsylvania",11.8,4.7,74519.0,14845.0,42,109,81320,Washington,Snyder County,Township,Washington,11.8,4.7,74519.0,14845.0,59674.0,89364.0,520
"Sugarloaf township, Luzerne County, Pennsylvania",11.8,4.9,102955.0,10060.0,42,079,75064,Sugarloaf,Luzerne County,Township,Sugarloaf,11.8,4.9,102955.0,10060.0,92895.0,113015.0,520
"West Buffalo township, Union County, Pennsylvania",11.8,6.4,79095.0,9138.0,42,119,82640,West Buffalo,Union County,Township,West Buffalo,11.8,6.4,79095.0,9138.0,69957.0,88233.0,520
"West Marlborough township, Chester County, Pennsylvania",11.8,4.9,73438.0,31231.0,42,029,83464,West Marlborough,Chester County,Township,West Marlborough,11.8,4.9,73438.0,31231.0,42207.0,104669.0,520
"Oakdale borough, Allegheny County, Pennsylvania",11.8,8.9,93036.0,14297.0,42,003,55840,Oakdale,Allegheny County,Borough,Oakdale,11.8,8.9,93036.0,14297.0,78739.0,107333.0,520
"Centerport borough, Berks County, Pennsylvania",11.8,8.3,79688.0,24668.0,42,011,12104,Centerport,Berks County,Borough,Centerport,11.8,8.3,79688.0,24668.0,55020.0,104356.0,520
"Mount Gretna borough, Lebanon County, Pennsylvania",11.8,10.4,113500.0,21690.0,42,075,51568,Mount Gretna,Lebanon County,Borough,Mount Gretna,11.8,10.4,113500.0,21690.0,91810.0,135190.0,520
"Green Tree borough, Allegheny County, Pennsylvania",11.8,4.8,92422.0,16920.0,42,003,31256,Green Tree,Allegheny County,Borough,Green Tree,11.8,4.8,92422.0,16920.0,75502.0,109342.0,520
"Cecil township, Washington County, Pennsylvania",11.7,2.6,105303.0,6103.0,42,125,11800,Cecil,Washington County,Township,Cecil,11.7,2.6,105303.0,6103.0,99200.0,111406.0,532
"Rush township, Schuylkill County, Pennsylvania",11.7,8.6,76392.0,20828.0,42,107,66760,Rush,Schuylkill County,Township,Rush,11.7,8.6,76392.0,20828.0,55564.0,97220.0,532
"Blaine township, Washington County, Pennsylvania",11.7,8.4,70000.0,11145.0,42,125,06840,Blaine,Washington County,Township,Blaine,11.7,8.4,70000.0,11145.0,58855.0,81145.0,532
"Lower Allen township, Cumberland County, Pennsylvania",11.7,2.6,91678.0,6745.0,42,041,44832,Lower Allen,Cumberland County,Township,Lower Allen,11.7,2.6,91678.0,6745.0,84933.0,98423.0,532
"Greene township, Franklin County, Pennsylvania",11.7,2.5,87691.0,9511.0,42,055,30944,Greene,Franklin County,Township,Greene,11.7,2.5,87691.0,9511.0,78180.0,97202.0,532
"West Abington township, Lackawanna County, Pennsylvania",11.7,8.9,87500.0,30519.0,42,069,82360,West Abington,Lackawanna County,Township,West Abington,11.7,8.9,87500.0,30519.0,56981.0,118019.0,532
"Smithfield borough, Fayette County, Pennsylvania",11.7,11.1,62031.0,15631.0,42,051,71320,Smithfield,Fayette County,Borough,Smithfield,11.7,11.1,62031.0,15631.0,46400.0,77662.0,532
"Lathrop township, Susquehanna County, Pennsylvania",11.6,5.6,82273.0,13059.0,42,115,41656,Lathrop,Susquehanna County,Township,Lathrop,11.6,5.6,82273.0,13059.0,69214.0,95332.0,539
"Upper Mount Bethel township, Northampton County, Pennsylvania",11.6,3.9,82009.0,15864.0,42,095,79184,Upper Mount Bethel,Northampton County,Township,Upper Mount Bethel,11.6,3.9,82009.0,15864.0,66145.0,97873.0,539
"Rapho township, Lancaster County, Pennsylvania",11.6,4.7,86716.0,14359.0,42,071,63440,Rapho,Lancaster County,Township,Rapho,11.6,4.7,86716.0,14359.0,72357.0,101075.0,539
"Colerain township, Lancaster County, Pennsylvania",11.6,5.3,82788.0,15791.0,42,071,15056,Colerain,Lancaster County,Township,Colerain,11.6,5.3,82788.0,15791.0,66997.0,98579.0,539
"Lower Chanceford township, York County, Pennsylvania",11.6,5.2,105909.0,22754.0,42,133,44872,Lower Chanceford,York County,Township,Lower Chanceford,11.6,5.2,105909.0,22754.0,83155.0,128663.0,539
"Palmyra township, Wayne County, Pennsylvania",11.6,5.8,72361.0,27891.0,42,127,57736,Palmyra,Wayne County,Township,Palmyra,11.6,5.8,72361.0,27891.0,44470.0,100252.0,539
"Hollenback township, Luzerne County, Pennsylvania",11.6,5.6,88903.0,6556.0,42,079,35192,Hollenback,Luzerne County,Township,Hollenback,11.6,5.6,88903.0,6556.0,82347.0,95459.0,539
"Forest Hills borough, Allegheny County, Pennsylvania",11.6,4.3,89688.0,6272.0,42,003,26592,Forest Hills,Allegheny County,Borough,Forest Hills,11.6,4.3,89688.0,6272.0,83416.0,95960.0,539
"Shaler township, Allegheny County, Pennsylvania",11.6,2.1,95654.0,6118.0,42,003,69584,Shaler,Allegheny County,Township,Shaler,11.6,2.1,95654.0,6118.0,89536.0,101772.0,539
"Union township, Lebanon County, Pennsylvania",11.5,5.1,73083.0,17461.0,42,075,78376,Union,Lebanon County,Township,Union,11.5,5.1,73083.0,17461.0,55622.0,90544.0,548
"Chest township, Cambria County, Pennsylvania",11.5,7.0,93750.0,53352.0,42,021,13192,Chest,Cambria County,Township,Chest,11.5,7.0,93750.0,53352.0,40398.0,147102.0,548
"Jackson township, Susquehanna County, Pennsylvania",11.5,5.4,68542.0,12945.0,42,115,37464,Jackson,Susquehanna County,Township,Jackson,11.5,5.4,68542.0,12945.0,55597.0,81487.0,548
"King township, Bedford County, Pennsylvania",11.5,9.5,73942.0,10016.0,42,009,39720,King,Bedford County,Township,King,11.5,9.5,73942.0,10016.0,63926.0,83958.0,548
"Bloss township, Tioga County, Pennsylvania",11.5,8.0,95104.0,8736.0,42,117,07152,Bloss,Tioga County,Township,Bloss,11.5,8.0,95104.0,8736.0,86368.0,103840.0,548
"Haines township, Centre County, Pennsylvania",11.5,13.3,76667.0,16651.0,42,027,31960,Haines,Centre County,Township,Haines,11.5,13.3,76667.0,16651.0,60016.0,93318.0,548
"Upper Leacock township, Lancaster County, Pennsylvania",11.5,3.3,83818.0,15816.0,42,071,79080,Upper Leacock,Lancaster County,Township,Upper Leacock,11.5,3.3,83818.0,15816.0,68002.0,99634.0,548
"Brown township, Lycoming County, Pennsylvania",11.5,11.5,93750.0,77526.0,42,081,09280,Brown,Lycoming County,Township,Brown,11.5,11.5,93750.0,77526.0,16224.0,171276.0,548
"Berwick township, Adams County, Pennsylvania",11.5,4.6,85139.0,14740.0,42,001,05880,Berwick,Adams County,Township,Berwick,11.5,4.6,85139.0,14740.0,70399.0,99879.0,548
"West Deer township, Allegheny County, Pennsylvania",11.5,4.7,94820.0,8828.0,42,003,82800,West Deer,Allegheny County,Township,West Deer,11.5,4.7,94820.0,8828.0,85992.0,103648.0,548
"Palmyra township, Pike County, Pennsylvania",11.4,4.0,66071.0,13955.0,42,103,57728,Palmyra,Pike County,Township,Palmyra,11.4,4.0,66071.0,13955.0,52116.0,80026.0,558
"Sandy township, Clearfield County, Pennsylvania",11.4,4.4,79365.0,15382.0,42,033,67792,Sandy,Clearfield County,Township,Sandy,11.4,4.4,79365.0,15382.0,63983.0,94747.0,558
"Caln township, Chester County, Pennsylvania",11.4,3.3,100164.0,10865.0,42,029,10824,Caln,Chester County,Township,Caln,11.4,3.3,100164.0,10865.0,89299.0,111029.0,558
"Greene township, Greene County, Pennsylvania",11.4,10.1,90500.0,21588.0,42,059,30952,Greene,Greene County,Township,Greene,11.4,10.1,90500.0,21588.0,68912.0,112088.0,558
"Plunketts Creek township, Lycoming County, Pennsylvania",11.4,4.7,85769.0,11971.0,42,081,61640,Plunketts Creek,Lycoming County,Township,Plunketts Creek,11.4,4.7,85769.0,11971.0,73798.0,97740.0,558
"West Bethlehem township, Washington County, Pennsylvania",11.4,5.2,64934.0,14067.0,42,125,82512,West Bethlehem,Washington County,Township,West Bethlehem,11.4,5.2,64934.0,14067.0,50867.0,79001.0,558
"Bell township, Westmoreland County, Pennsylvania",11.4,4.9,63750.0,22670.0,42,129,05208,Bell,Westmoreland County,Township,Bell,11.4,4.9,63750.0,22670.0,41080.0,86420.0,558
"Lancaster township, Lancaster County, Pennsylvania",11.4,3.1,88912.0,8997.0,42,071,41224,Lancaster,Lancaster County,Township,Lancaster Township,11.4,3.1,88912.0,8997.0,79915.0,97909.0,558
"Lititz borough, Lancaster County, Pennsylvania",11.4,3.8,88576.0,9916.0,42,071,43816,Lititz,Lancaster County,Borough,Lititz,11.4,3.8,88576.0,9916.0,78660.0,98492.0,558
"Independence township, Washington County, Pennsylvania",11.4,4.2,90375.0,13568.0,42,125,36800,Independence,Washington County,Township,Independence,11.4,4.2,90375.0,13568.0,76807.0,103943.0,558
"Slocum township, Luzerne County, Pennsylvania",11.4,6.1,96719.0,17391.0,42,079,71216,Slocum,Luzerne County,Township,Slocum,11.4,6.1,96719.0,17391.0,79328.0,114110.0,558
"Callery borough, Butler County, Pennsylvania",11.4,7.4,103125.0,33738.0,42,019,10800,Callery,Butler County,Borough,Callery,11.4,7.4,103125.0,33738.0,69387.0,136863.0,558
"Greenwood township, Juniata County, Pennsylvania",11.3,7.2,81000.0,32130.0,42,067,31424,Greenwood,Juniata County,Township,Greenwood,11.3,7.2,81000.0,32130.0,48870.0,113130.0,570
"West Earl township, Lancaster County, Pennsylvania",11.3,3.8,98068.0,4669.0,42,071,82824,West Earl,Lancaster County,Township,West Earl,11.3,3.8,98068.0,4669.0,93399.0,102737.0,570
"Fulton township, Lancaster County, Pennsylvania",11.3,4.8,78990.0,18155.0,42,071,28168,Fulton,Lancaster County,Township,Fulton,11.3,4.8,78990.0,18155.0,60835.0,97145.0,570
"East Lampeter township, Lancaster County, Pennsylvania",11.3,3.2,87361.0,7437.0,42,071,21344,East Lampeter,Lancaster County,Township,East Lampeter,11.3,3.2,87361.0,7437.0,79924.0,94798.0,570
"Loganville borough, York County, Pennsylvania",11.3,4.1,94954.0,10612.0,42,133,44416,Loganville,York County,Borough,Loganville,11.3,4.1,94954.0,10612.0,84342.0,105566.0,570
"West Manchester township, York County, Pennsylvania",11.2,3.7,89146.0,11723.0,42,133,83432,West Manchester,York County,Township,West Manchester,11.2,3.7,89146.0,11723.0,77423.0,100869.0,575
"Chanceford township, York County, Pennsylvania",11.2,6.6,94424.0,9130.0,42,133,12584,Chanceford,York County,Township,Chanceford,11.2,6.6,94424.0,9130.0,85294.0,103554.0,575
"Walker township, Centre County, Pennsylvania",11.2,6.7,88866.0,14525.0,42,027,80552,Walker,Centre County,Township,Walker,11.2,6.7,88866.0,14525.0,74341.0,103391.0,575
"Cooper township, Montour County, Pennsylvania",11.2,5.6,71406.0,11659.0,42,093,16048,Cooper,Montour County,Township,Cooper,11.2,5.6,71406.0,11659.0,59747.0,83065.0,575
"Maxatawny township, Berks County, Pennsylvania",11.2,4.8,69412.0,29025.0,42,011,48128,Maxatawny,Berks County,Township,Maxatawny,11.2,4.8,69412.0,29025.0,40387.0,98437.0,575
"Red Hill borough, Montgomery County, Pennsylvania",11.2,6.4,64697.0,24310.0,42,091,63808,Red Hill,Montgomery County,Borough,Red Hill,11.2,6.4,64697.0,24310.0,40387.0,89007.0,575
"Benton township, Lackawanna County, Pennsylvania",11.2,4.6,64583.0,20014.0,42,069,05696,Benton,Lackawanna County,Township,Benton,11.2,4.6,64583.0,20014.0,44569.0,84597.0,575
"Chippewa township, Beaver County, Pennsylvania",11.2,3.6,94806.0,13224.0,42,007,13488,Chippewa,Beaver County,Township,Chippewa,11.2,3.6,94806.0,13224.0,81582.0,108030.0,575
"Millcreek township, Lebanon County, Pennsylvania",11.1,5.5,91181.0,7099.0,42,075,49560,Millcreek,Lebanon County,Township,Millcreek,11.1,5.5,91181.0,7099.0,84082.0,98280.0,583
"Mill Creek township, Mercer County, Pennsylvania",11.1,5.6,77639.0,13588.0,42,085,49576,Mill Creek,Mercer County,Township,Mill Creek,11.1,5.6,77639.0,13588.0,64051.0,91227.0,583
"Gamble township, Lycoming County, Pennsylvania",11.1,4.1,86429.0,16445.0,42,081,28352,Gamble,Lycoming County,Township,Gamble,11.1,4.1,86429.0,16445.0,69984.0,102874.0,583
"Sullivan township, Tioga County, Pennsylvania",11.1,4.3,87679.0,9860.0,42,117,75104,Sullivan,Tioga County,Township,Sullivan,11.1,4.3,87679.0,9860.0,77819.0,97539.0,583
"West Norriton township, Montgomery County, Pennsylvania",11.1,3.7,94666.0,10979.0,42,091,83696,West Norriton,Montgomery County,Township,West Norriton,11.1,3.7,94666.0,10979.0,83687.0,105645.0,583
"Ligonier borough, Westmoreland County, Pennsylvania",11.1,6.3,71250.0,20435.0,42,129,43232,Ligonier,Westmoreland County,Borough,Ligonier Borough,11.1,6.3,71250.0,20435.0,50815.0,91685.0,583
"Hempfield township, Westmoreland County, Pennsylvania",11.1,1.7,82705.0,3855.0,42,129,33792,Hempfield,Westmoreland County,Township,Hempfield,11.1,1.7,82705.0,3855.0,78850.0,86560.0,583
"East Brunswick township, Schuylkill County, Pennsylvania",11.1,4.4,107625.0,19820.0,42,107,20880,East Brunswick,Schuylkill County,Township,East Brunswick,11.1,4.4,107625.0,19820.0,87805.0,127445.0,583
"Rostraver township, Westmoreland County, Pennsylvania",11.0,3.6,73300.0,9535.0,42,129,66376,Rostraver,Westmoreland County,Township,Rostraver,11.0,3.6,73300.0,9535.0,63765.0,82835.0,591
"West Penn township, Schuylkill County, Pennsylvania",11.0,4.4,71977.0,13326.0,42,107,83792,West Penn,Schuylkill County,Township,West Penn,11.0,4.4,71977.0,13326.0,58651.0,85303.0,591
"Tullytown borough, Bucks County, Pennsylvania",11.0,7.2,65185.0,8804.0,42,017,77744,Tullytown,Bucks County,Borough,Tullytown,11.0,7.2,65185.0,8804.0,56381.0,73989.0,591
"Jennerstown borough, Somerset County, Pennsylvania",11.0,13.8,64801.0,23850.0,42,111,38048,Jennerstown,Somerset County,Borough,Jennerstown,11.0,13.8,64801.0,23850.0,40951.0,88651.0,591
"New Sewickley township, Beaver County, Pennsylvania",11.0,3.7,73701.0,11668.0,42,007,54072,New Sewickley,Beaver County,Township,New Sewickley,11.0,3.7,73701.0,11668.0,62033.0,85369.0,591
"Frazer township, Allegheny County, Pennsylvania",10.9,4.8,77625.0,19501.0,42,003,27608,Frazer,Allegheny County,Township,Frazer,10.9,4.8,77625.0,19501.0,58124.0,97126.0,596
"Parkesburg borough, Chester County, Pennsylvania",10.9,6.5,76250.0,42625.0,42,029,58032,Parkesburg,Chester County,Borough,Parkesburg,10.9,6.5,76250.0,42625.0,33625.0,118875.0,596
"Jordan township, Lycoming County, Pennsylvania",10.9,5.0,57266.0,24063.0,42,081,38448,Jordan,Lycoming County,Township,Jordan,10.9,5.0,57266.0,24063.0,33203.0,81329.0,596
"Pleasant Hills borough, Allegheny County, Pennsylvania",10.9,3.7,102167.0,25090.0,42,003,61328,Pleasant Hills,Allegheny County,Borough,Pleasant Hills,10.9,3.7,102167.0,25090.0,77077.0,127257.0,596
"Pringle borough, Luzerne County, Pennsylvania",10.9,9.1,55625.0,15158.0,42,079,62712,Pringle,Luzerne County,Borough,Pringle,10.9,9.1,55625.0,15158.0,40467.0,70783.0,596
"Main township, Columbia County, Pennsylvania",10.8,6.8,70893.0,13066.0,42,037,46688,Main,Columbia County,Township,Main,10.8,6.8,70893.0,13066.0,57827.0,83959.0,601
"Tyrone township, Adams County, Pennsylvania",10.8,4.7,77460.0,11811.0,42,001,78160,Tyrone,Adams County,Township,Tyrone,10.8,4.7,77460.0,11811.0,65649.0,89271.0,601
"West Grove borough, Chester County, Pennsylvania",10.8,5.5,92697.0,12105.0,42,029,83104,West Grove,Chester County,Borough,West Grove,10.8,5.5,92697.0,12105.0,80592.0,104802.0,601
"Pine Creek township, Clinton County, Pennsylvania",10.8,6.2,58657.0,14712.0,42,035,60360,Pine Creek,Clinton County,Township,Pine Creek,10.8,6.2,58657.0,14712.0,43945.0,73369.0,601
"Pine Grove borough, Schuylkill County, Pennsylvania",10.8,4.8,64082.0,4744.0,42,107,60456,Pine Grove,Schuylkill County,Borough,Pine Grove Borough,10.8,4.8,64082.0,4744.0,59338.0,68826.0,601
"Bald Eagle township, Clinton County, Pennsylvania",10.8,5.2,75685.0,21528.0,42,035,03912,Bald Eagle,Clinton County,Township,Bald Eagle,10.8,5.2,75685.0,21528.0,54157.0,97213.0,601
"Smethport borough, McKean County, Pennsylvania",10.8,6.2,60455.0,16495.0,42,083,71248,Smethport,McKean County,Borough,Smethport,10.8,6.2,60455.0,16495.0,43960.0,76950.0,601
"Burlington borough, Bradford County, Pennsylvania",10.8,12.2,60682.0,17230.0,42,015,10240,Burlington,Bradford County,Borough,Burlington Borough,10.8,12.2,60682.0,17230.0,43452.0,77912.0,601
"Tuscarora township, Perry County, Pennsylvania",10.8,5.0,84323.0,6111.0,42,099,77960,Tuscarora,Perry County,Township,Tuscarora,10.8,5.0,84323.0,6111.0,78212.0,90434.0,601
"Hellam township, York County, Pennsylvania",10.7,5.6,94750.0,21525.0,42,133,33728,Hellam,York County,Township,Hellam,10.7,5.6,94750.0,21525.0,73225.0,116275.0,610
"Polk township, Monroe County, Pennsylvania",10.7,4.9,80625.0,12801.0,42,089,61928,Polk,Monroe County,Township,Polk,10.7,4.9,80625.0,12801.0,67824.0,93426.0,610
"Wayne township, Dauphin County, Pennsylvania",10.7,3.9,122417.0,11308.0,42,043,81744,Wayne,Dauphin County,Township,Wayne,10.7,3.9,122417.0,11308.0,111109.0,133725.0,610
"Marysville borough, Perry County, Pennsylvania",10.7,5.0,68889.0,14556.0,42,099,47968,Marysville,Perry County,Borough,Marysville,10.7,5.0,68889.0,14556.0,54333.0,83445.0,610
"West Nottingham township, Chester County, Pennsylvania",10.7,6.0,76853.0,20324.0,42,029,83712,West Nottingham,Chester County,Township,West Nottingham,10.7,6.0,76853.0,20324.0,56529.0,97177.0,610
"Penn Lake Park borough, Luzerne County, Pennsylvania",10.7,5.2,87159.0,6166.0,42,079,59054,Penn Lake Park,Luzerne County,Borough,Penn Lake Park,10.7,5.2,87159.0,6166.0,80993.0,93325.0,610
"Charleston township, Tioga County, Pennsylvania",10.7,7.4,72595.0,9168.0,42,117,12728,Charleston,Tioga County,Township,Charleston,10.7,7.4,72595.0,9168.0,63427.0,81763.0,610
"Independence township, Beaver County, Pennsylvania",10.7,5.7,92500.0,12487.0,42,007,36776,Independence,Beaver County,Township,Independence,10.7,5.7,92500.0,12487.0,80013.0,104987.0,610
"Elverson borough, Chester County, Pennsylvania",10.7,4.6,78000.0,11477.0,42,029,23440,Elverson,Chester County,Borough,Elverson,10.7,4.6,78000.0,11477.0,66523.0,89477.0,610
"South Beaver township, Beaver County, Pennsylvania",10.6,5.7,87538.0,9519.0,42,007,71952,South Beaver,Beaver County,Township,South Beaver,10.6,5.7,87538.0,9519.0,78019.0,97057.0,619
"Harmar township, Allegheny County, Pennsylvania",10.6,5.0,65075.0,9937.0,42,003,32624,Harmar,Allegheny County,Township,Harmar,10.6,5.0,65075.0,9937.0,55138.0,75012.0,619
"Hamilton township, Franklin County, Pennsylvania",10.6,4.2,99821.0,11474.0,42,055,32152,Hamilton,Franklin County,Township,Hamilton,10.6,4.2,99821.0,11474.0,88347.0,111295.0,619
"Ridley township, Delaware County, Pennsylvania",10.6,2.7,92835.0,10318.0,42,045,64800,Ridley,Delaware County,Township,Ridley,10.6,2.7,92835.0,10318.0,82517.0,103153.0,619
"Jackson township, Lycoming County, Pennsylvania",10.6,6.9,87868.0,13417.0,42,081,37408,Jackson,Lycoming County,Township,Jackson,10.6,6.9,87868.0,13417.0,74451.0,101285.0,619
"Ligonier township, Westmoreland County, Pennsylvania",10.6,3.2,76569.0,10856.0,42,129,43240,Ligonier,Westmoreland County,Township,Ligonier Township,10.6,3.2,76569.0,10856.0,65713.0,87425.0,619
"Raccoon township, Beaver County, Pennsylvania",10.6,4.2,84792.0,24457.0,42,007,63224,Raccoon,Beaver County,Township,Raccoon,10.6,4.2,84792.0,24457.0,60335.0,109249.0,619
"Potter township, Beaver County, Pennsylvania",10.6,6.9,125417.0,49278.0,42,007,62352,Potter,Beaver County,Township,Potter,10.6,6.9,125417.0,49278.0,76139.0,174695.0,619
"Richmond township, Berks County, Pennsylvania",10.5,4.4,76302.0,15788.0,42,011,64592,Richmond,Berks County,Township,Richmond,10.5,4.4,76302.0,15788.0,60514.0,92090.0,627
"Glen Rock borough, York County, Pennsylvania",10.5,6.6,87396.0,25906.0,42,133,29760,Glen Rock,York County,Borough,Glen Rock,10.5,6.6,87396.0,25906.0,61490.0,113302.0,627
"Heath township, Jefferson County, Pennsylvania",10.5,8.3,51250.0,38814.0,42,065,33448,Heath,Jefferson County,Township,Heath,10.5,8.3,51250.0,38814.0,12436.0,90064.0,627
"Millville borough, Columbia County, Pennsylvania",10.5,7.8,65469.0,30774.0,42,037,49944,Millville,Columbia County,Borough,Millville,10.5,7.8,65469.0,30774.0,34695.0,96243.0,627
"Taylor borough, Lackawanna County, Pennsylvania",10.5,4.8,71599.0,7688.0,42,069,76184,Taylor,Lackawanna County,Borough,Taylor,10.5,4.8,71599.0,7688.0,63911.0,79287.0,627
"Robinson township, Washington County, Pennsylvania",10.5,5.6,82700.0,6637.0,42,125,65376,Robinson,Washington County,Township,Robinson,10.5,5.6,82700.0,6637.0,76063.0,89337.0,627
"Sergeant township, McKean County, Pennsylvania",10.5,12.3,38333.0,18275.0,42,083,69304,Sergeant,McKean County,Township,Sergeant,10.5,12.3,38333.0,18275.0,20058.0,56608.0,627
"Franklin township, Lycoming County, Pennsylvania",10.5,5.5,88125.0,27574.0,42,081,27432,Franklin,Lycoming County,Township,Franklin,10.5,5.5,88125.0,27574.0,60551.0,115699.0,627
"East Manchester township, York County, Pennsylvania",10.5,2.9,101635.0,7703.0,42,133,21464,East Manchester,York County,Township,East Manchester,10.5,2.9,101635.0,7703.0,93932.0,109338.0,627
"Ryan township, Schuylkill County, Pennsylvania",10.5,3.8,91176.0,15411.0,42,107,66944,Ryan,Schuylkill County,Township,Ryan,10.5,3.8,91176.0,15411.0,75765.0,106587.0,627
"Upper Chichester township, Delaware County, Pennsylvania",10.5,2.3,92371.0,11455.0,42,045,78776,Upper Chichester,Delaware County,Township,Upper Chichester,10.5,2.3,92371.0,11455.0,80916.0,103826.0,627
"Penn township, Lancaster County, Pennsylvania",10.5,4.4,87620.0,12603.0,42,071,58840,Penn,Lancaster County,Township,Penn,10.5,4.4,87620.0,12603.0,75017.0,100223.0,627
"Springettsbury township, York County, Pennsylvania",10.4,2.4,86335.0,7354.0,42,133,72992,Springettsbury,York County,Township,Springettsbury,10.4,2.4,86335.0,7354.0,78981.0,93689.0,639
"North Codorus township, York County, Pennsylvania",10.4,3.4,98061.0,14893.0,42,133,54904,North Codorus,York County,Township,North Codorus,10.4,3.4,98061.0,14893.0,83168.0,112954.0,639
"Bath borough, Northampton County, Pennsylvania",10.4,4.4,72391.0,11846.0,42,095,04432,Bath,Northampton County,Borough,Bath,10.4,4.4,72391.0,11846.0,60545.0,84237.0,639
"Armstrong township, Lycoming County, Pennsylvania",10.4,5.7,78929.0,13678.0,42,081,03072,Armstrong,Lycoming County,Township,Armstrong,10.4,5.7,78929.0,13678.0,65251.0,92607.0,639
"East Earl township, Lancaster County, Pennsylvania",10.4,3.6,102410.0,9480.0,42,071,21072,East Earl,Lancaster County,Township,East Earl,10.4,3.6,102410.0,9480.0,92930.0,111890.0,639
"Ulysses township, Potter County, Pennsylvania",10.4,5.4,57266.0,18297.0,42,105,78248,Ulysses,Potter County,Township,Ulysses Township,10.4,5.4,57266.0,18297.0,38969.0,75563.0,639
"Hopewell township, Beaver County, Pennsylvania",10.4,3.0,74185.0,9748.0,42,007,35640,Hopewell,Beaver County,Township,Hopewell,10.4,3.0,74185.0,9748.0,64437.0,83933.0,639
"Greenwich township, Berks County, Pennsylvania",10.4,5.1,103393.0,27735.0,42,011,31352,Greenwich,Berks County,Township,Greenwich,10.4,5.1,103393.0,27735.0,75658.0,131128.0,639
"Neshannock township, Lawrence County, Pennsylvania",10.4,3.1,83115.0,25323.0,42,073,53064,Neshannock,Lawrence County,Township,Neshannock,10.4,3.1,83115.0,25323.0,57792.0,108438.0,639
"Hollidaysburg borough, Blair County, Pennsylvania",10.4,6.3,69458.0,11448.0,42,013,35224,Hollidaysburg,Blair County,Borough,Hollidaysburg,10.4,6.3,69458.0,11448.0,58010.0,80906.0,639
"East Allen township, Northampton County, Pennsylvania",10.3,3.4,98191.0,12242.0,42,095,20736,East Allen,Northampton County,Township,East Allen,10.3,3.4,98191.0,12242.0,85949.0,110433.0,649
"Stewartstown borough, York County, Pennsylvania",10.3,6.5,81250.0,18535.0,42,133,74104,Stewartstown,York County,Borough,Stewartstown,10.3,6.5,81250.0,18535.0,62715.0,99785.0,649
"Lincoln township, Somerset County, Pennsylvania",10.3,5.8,81364.0,14888.0,42,111,43440,Lincoln,Somerset County,Township,Lincoln,10.3,5.8,81364.0,14888.0,66476.0,96252.0,649
"Liberty township, Montour County, Pennsylvania",10.3,3.8,94438.0,13189.0,42,093,43112,Liberty,Montour County,Township,Liberty,10.3,3.8,94438.0,13189.0,81249.0,107627.0,649
"Pittsburgh city, Allegheny County, Pennsylvania",10.3,0.6,65742.0,1484.0,42,003,61000,Pittsburgh,Allegheny County,City,Pittsburgh,10.3,0.6,65742.0,1484.0,64258.0,67226.0,649
"Mount Joy township, Lancaster County, Pennsylvania",10.3,4.4,97926.0,10298.0,42,071,51664,Mount Joy,Lancaster County,Township,Mount Joy Township,10.3,4.4,97926.0,10298.0,87628.0,108224.0,649
"East Donegal township, Lancaster County, Pennsylvania",10.3,3.6,109158.0,7014.0,42,071,21032,East Donegal,Lancaster County,Township,East Donegal,10.3,3.6,109158.0,7014.0,102144.0,116172.0,649
"Gilmore township, Greene County, Pennsylvania",10.3,10.9,73750.0,15476.0,42,059,29152,Gilmore,Greene County,Township,Gilmore,10.3,10.9,73750.0,15476.0,58274.0,89226.0,649
"Reading township, Adams County, Pennsylvania",10.3,4.2,95417.0,20096.0,42,001,63616,Reading,Adams County,Township,Reading,10.3,4.2,95417.0,20096.0,75321.0,115513.0,649
"Shamokin township, Northumberland County, Pennsylvania",10.3,6.7,95000.0,23269.0,42,097,69608,Shamokin,Northumberland County,Township,Shamokin Township,10.3,6.7,95000.0,23269.0,71731.0,118269.0,649
"Packer township, Carbon County, Pennsylvania",10.2,6.5,77981.0,11640.0,42,025,57504,Packer,Carbon County,Township,Packer,10.2,6.5,77981.0,11640.0,66341.0,89621.0,659
"Delaware township, Pike County, Pennsylvania",10.2,3.7,86478.0,6521.0,42,103,18704,Delaware,Pike County,Township,Delaware,10.2,3.7,86478.0,6521.0,79957.0,92999.0,659
"Harborcreek township, Erie County, Pennsylvania",10.2,2.5,87329.0,7794.0,42,049,32520,Harborcreek,Erie County,Township,Harborcreek,10.2,2.5,87329.0,7794.0,79535.0,95123.0,659
"Cherry township, Butler County, Pennsylvania",10.2,5.5,73393.0,11350.0,42,019,12992,Cherry,Butler County,Township,Cherry,10.2,5.5,73393.0,11350.0,62043.0,84743.0,659
"Chartiers township, Washington County, Pennsylvania",10.1,5.0,99777.0,8149.0,42,125,12848,Chartiers,Washington County,Township,Chartiers,10.1,5.0,99777.0,8149.0,91628.0,107926.0,663
"Franklin township, Beaver County, Pennsylvania",10.1,6.4,82917.0,14783.0,42,007,27336,Franklin,Beaver County,Township,Franklin,10.1,6.4,82917.0,14783.0,68134.0,97700.0,663
"Heidelberg township, Berks County, Pennsylvania",10.1,4.2,85000.0,10632.0,42,011,33600,Heidelberg,Berks County,Township,Heidelberg,10.1,4.2,85000.0,10632.0,74368.0,95632.0,663
"North Newton township, Cumberland County, Pennsylvania",10.1,4.5,78125.0,10374.0,42,041,55248,North Newton,Cumberland County,Township,North Newton,10.1,4.5,78125.0,10374.0,67751.0,88499.0,663
"Allegheny township, Westmoreland County, Pennsylvania",10.0,3.8,79894.0,12802.0,42,129,00892,Allegheny,Westmoreland County,Township,Allegheny,10.0,3.8,79894.0,12802.0,67092.0,92696.0,667
"Rutland township, Tioga County, Pennsylvania",10.0,5.4,70500.0,9734.0,42,117,66912,Rutland,Tioga County,Township,Rutland,10.0,5.4,70500.0,9734.0,60766.0,80234.0,667
"West Finley township, Washington County, Pennsylvania",10.0,4.1,77708.0,10219.0,42,125,83000,West Finley,Washington County,Township,West Finley,10.0,4.1,77708.0,10219.0,67489.0,87927.0,667
"Hemlock township, Columbia County, Pennsylvania",10.0,4.2,89091.0,5597.0,42,037,33760,Hemlock,Columbia County,Township,Hemlock,10.0,4.2,89091.0,5597.0,83494.0,94688.0,667
"North Middleton township, Cumberland County, Pennsylvania",10.0,3.5,84580.0,11672.0,42,041,55216,North Middleton,Cumberland County,Township,North Middleton,10.0,3.5,84580.0,11672.0,72908.0,96252.0,667
"Lenox township, Susquehanna County, Pennsylvania",10.0,4.2,75833.0,19166.0,42,115,42760,Lenox,Susquehanna County,Township,Lenox,10.0,4.2,75833.0,19166.0,56667.0,94999.0,667
"Larksville borough, Luzerne County, Pennsylvania",10.0,4.7,56942.0,13937.0,42,079,41608,Larksville,Luzerne County,Borough,Larksville,10.0,4.7,56942.0,13937.0,43005.0,70879.0,667
"Ringtown borough, Schuylkill County, Pennsylvania",10.0,4.8,87955.0,28367.0,42,107,65000,Ringtown,Schuylkill County,Borough,Ringtown,10.0,4.8,87955.0,28367.0,59588.0,116322.0,667
"Washington township, Franklin County, Pennsylvania",9.9,2.7,78477.0,5760.0,42,055,81240,Washington,Franklin County,Township,Washington,9.9,2.7,78477.0,5760.0,72717.0,84237.0,675
"Cherry Ridge township, Wayne County, Pennsylvania",9.9,4.0,80250.0,21403.0,42,127,13096,Cherry Ridge,Wayne County,Township,Cherry Ridge,9.9,4.0,80250.0,21403.0,58847.0,101653.0,675
"Jackson township, Monroe County, Pennsylvania",9.9,4.8,87208.0,10916.0,42,089,37424,Jackson,Monroe County,Township,Jackson,9.9,4.8,87208.0,10916.0,76292.0,98124.0,675
"South Coatesville borough, Chester County, Pennsylvania",9.9,3.8,76005.0,3442.0,42,029,72072,South Coatesville,Chester County,Borough,South Coatesville,9.9,3.8,76005.0,3442.0,72563.0,79447.0,675
"Millcreek township, Erie County, Pennsylvania",9.9,1.6,76390.0,4146.0,42,049,49548,Millcreek,Erie County,Township,Millcreek,9.9,1.6,76390.0,4146.0,72244.0,80536.0,675
"Whiteley township, Greene County, Pennsylvania",9.9,5.9,57875.0,29444.0,42,059,84608,Whiteley,Greene County,Township,Whiteley,9.9,5.9,57875.0,29444.0,28431.0,87319.0,675
"East Pennsboro township, Cumberland County, Pennsylvania",9.9,3.0,83388.0,9334.0,42,041,21680,East Pennsboro,Cumberland County,Township,East Pennsboro,9.9,3.0,83388.0,9334.0,74054.0,92722.0,675
"Damascus township, Wayne County, Pennsylvania",9.9,7.0,75357.0,19431.0,42,127,18104,Damascus,Wayne County,Township,Damascus,9.9,7.0,75357.0,19431.0,55926.0,94788.0,675
"West Hempfield township, Lancaster County, Pennsylvania",9.9,2.5,98099.0,10083.0,42,071,83152,West Hempfield,Lancaster County,Township,West Hempfield,9.9,2.5,98099.0,10083.0,88016.0,108182.0,675
"Prospect Park borough, Delaware County, Pennsylvania",9.9,9.4,63077.0,17968.0,42,045,62792,Prospect Park,Delaware County,Borough,Prospect Park,9.9,9.4,63077.0,17968.0,45109.0,81045.0,675
"Donegal township, Washington County, Pennsylvania",9.9,4.6,79833.0,12348.0,42,125,19464,Donegal,Washington County,Township,Donegal,9.9,4.6,79833.0,12348.0,67485.0,92181.0,675
"Frankstown township, Blair County, Pennsylvania",9.9,3.2,97714.0,10119.0,42,013,27600,Frankstown,Blair County,Township,Frankstown,9.9,3.2,97714.0,10119.0,87595.0,107833.0,675
"District township, Berks County, Pennsylvania",9.9,3.5,100677.0,12349.0,42,011,19312,District,Berks County,Township,District,9.9,3.5,100677.0,12349.0,88328.0,113026.0,675
"Middlesex township, Cumberland County, Pennsylvania",9.9,3.9,76833.0,14766.0,42,041,49072,Middlesex,Cumberland County,Township,Middlesex,9.9,3.9,76833.0,14766.0,62067.0,91599.0,675
"Wharton township, Fayette County, Pennsylvania",9.8,6.5,71667.0,16794.0,42,051,84344,Wharton,Fayette County,Township,Wharton,9.8,6.5,71667.0,16794.0,54873.0,88461.0,689
"Wellsboro borough, Tioga County, Pennsylvania",9.8,5.8,66201.0,3439.0,42,117,82160,Wellsboro,Tioga County,Borough,Wellsboro,9.8,5.8,66201.0,3439.0,62762.0,69640.0,689
"Riegelsville borough, Bucks County, Pennsylvania",9.8,4.1,93750.0,20885.0,42,017,64856,Riegelsville,Bucks County,Borough,Riegelsville,9.8,4.1,93750.0,20885.0,72865.0,114635.0,689
"Buckingham township, Wayne County, Pennsylvania",9.8,5.7,53958.0,11061.0,42,127,09824,Buckingham,Wayne County,Township,Buckingham,9.8,5.7,53958.0,11061.0,42897.0,65019.0,689
"Cassville borough, Huntingdon County, Pennsylvania",9.8,14.4,52292.0,26327.0,42,061,11632,Cassville,Huntingdon County,Borough,Cassville,9.8,14.4,52292.0,26327.0,25965.0,78619.0,689
"Little Mahanoy township, Northumberland County, Pennsylvania",9.8,9.4,71500.0,17517.0,42,097,43912,Little Mahanoy,Northumberland County,Township,Little Mahanoy,9.8,9.4,71500.0,17517.0,53983.0,89017.0,689
"Stevens township, Bradford County, Pennsylvania",9.8,5.9,63000.0,12876.0,42,015,74032,Stevens,Bradford County,Township,Stevens,9.8,5.9,63000.0,12876.0,50124.0,75876.0,689
"Catasauqua borough, Lehigh County, Pennsylvania",9.7,4.5,85049.0,34570.0,42,077,11720,Catasauqua,Lehigh County,Borough,Catasauqua,9.7,4.5,85049.0,34570.0,50479.0,119619.0,696
"South Lebanon township, Lebanon County, Pennsylvania",9.7,2.9,85120.0,10881.0,42,075,72288,South Lebanon,Lebanon County,Township,South Lebanon,9.7,2.9,85120.0,10881.0,74239.0,96001.0,696
"Paupack township, Wayne County, Pennsylvania",9.7,3.9,75302.0,13832.0,42,127,58480,Paupack,Wayne County,Township,Paupack,9.7,3.9,75302.0,13832.0,61470.0,89134.0,696
"Barrett township, Monroe County, Pennsylvania",9.7,6.0,84857.0,18421.0,42,089,04320,Barrett,Monroe County,Township,Barrett,9.7,6.0,84857.0,18421.0,66436.0,103278.0,696
"Bridgewater township, Susquehanna County, Pennsylvania",9.7,5.0,65625.0,14554.0,42,115,08648,Bridgewater,Susquehanna County,Township,Bridgewater,9.7,5.0,65625.0,14554.0,51071.0,80179.0,696
"Millbourne borough, Delaware County, Pennsylvania",9.7,9.7,54219.0,24194.0,42,045,49504,Millbourne,Delaware County,Borough,Millbourne,9.7,9.7,54219.0,24194.0,30025.0,78413.0,696
"Mount Pleasant township, Wayne County, Pennsylvania",9.7,3.8,83750.0,6813.0,42,127,51872,Mount Pleasant,Wayne County,Township,Mount Pleasant,9.7,3.8,83750.0,6813.0,76937.0,90563.0,696
"Huntington township, Adams County, Pennsylvania",9.7,4.2,75324.0,10820.0,42,001,36424,Huntington,Adams County,Township,Huntington,9.7,4.2,75324.0,10820.0,64504.0,86144.0,696
"Wayne township, Clinton County, Pennsylvania",9.7,5.1,72396.0,19785.0,42,035,81728,Wayne,Clinton County,Township,Wayne,9.7,5.1,72396.0,19785.0,52611.0,92181.0,696
"Roseto borough, Northampton County, Pennsylvania",9.7,7.4,74625.0,13524.0,42,095,66168,Roseto,Northampton County,Borough,Roseto,9.7,7.4,74625.0,13524.0,61101.0,88149.0,696
"Nescopeck township, Luzerne County, Pennsylvania",9.7,4.3,85789.0,18725.0,42,079,52992,Nescopeck,Luzerne County,Township,Nescopeck Township,9.7,4.3,85789.0,18725.0,67064.0,104514.0,696
"Beaver borough, Beaver County, Pennsylvania",9.6,4.5,81156.0,17519.0,42,007,04688,Beaver,Beaver County,Borough,Beaver,9.6,4.5,81156.0,17519.0,63637.0,98675.0,707
"Jefferson township, Lackawanna County, Pennsylvania",9.6,4.8,92234.0,8651.0,42,069,37896,Jefferson,Lackawanna County,Township,Jefferson,9.6,4.8,92234.0,8651.0,83583.0,100885.0,707
"Beech Creek township, Clinton County, Pennsylvania",9.6,7.5,75268.0,18013.0,42,035,04992,Beech Creek,Clinton County,Township,Beech Creek Township,9.6,7.5,75268.0,18013.0,57255.0,93281.0,707
"Penn township, Perry County, Pennsylvania",9.6,6.4,59053.0,10856.0,42,099,58856,Penn,Perry County,Township,Penn,9.6,6.4,59053.0,10856.0,48197.0,69909.0,707
"Stewart township, Fayette County, Pennsylvania",9.6,5.8,58750.0,17467.0,42,051,74080,Stewart,Fayette County,Township,Stewart,9.6,5.8,58750.0,17467.0,41283.0,76217.0,707
"Taylor township, Fulton County, Pennsylvania",9.6,6.4,75179.0,15881.0,42,057,76176,Taylor,Fulton County,Township,Taylor,9.6,6.4,75179.0,15881.0,59298.0,91060.0,707
"Ephrata township, Lancaster County, Pennsylvania",9.6,3.6,85058.0,20871.0,42,071,23840,Ephrata,Lancaster County,Township,Ephrata Township,9.6,3.6,85058.0,20871.0,64187.0,105929.0,707
"Dimock township, Susquehanna County, Pennsylvania",9.6,4.7,87946.0,7829.0,42,115,19264,Dimock,Susquehanna County,Township,Dimock,9.6,4.7,87946.0,7829.0,80117.0,95775.0,707
"Fairfield township, Lycoming County, Pennsylvania",9.6,3.7,73409.0,9107.0,42,081,24592,Fairfield,Lycoming County,Township,Fairfield,9.6,3.7,73409.0,9107.0,64302.0,82516.0,707
"South Middleton township, Cumberland County, Pennsylvania",9.6,2.6,92421.0,10687.0,42,041,72336,South Middleton,Cumberland County,Township,South Middleton,9.6,2.6,92421.0,10687.0,81734.0,103108.0,707
"Harford township, Susquehanna County, Pennsylvania",9.6,5.7,90417.0,12492.0,42,115,32568,Harford,Susquehanna County,Township,Harford,9.6,5.7,90417.0,12492.0,77925.0,102909.0,707
"Hatfield borough, Montgomery County, Pennsylvania",9.6,4.6,80962.0,22914.0,42,091,33112,Hatfield,Montgomery County,Borough,Hatfield Borough,9.6,4.6,80962.0,22914.0,58048.0,103876.0,707
"East Stroudsburg borough, Monroe County, Pennsylvania",9.6,4.1,59821.0,7691.0,42,089,21872,East Stroudsburg,Monroe County,Borough,East Stroudsburg,9.6,4.1,59821.0,7691.0,52130.0,67512.0,707
"Sinking Spring borough, Berks County, Pennsylvania",9.5,3.2,82500.0,21321.0,42,011,70880,Sinking Spring,Berks County,Borough,Sinking Spring,9.5,3.2,82500.0,21321.0,61179.0,103821.0,720
"Cooke township, Cumberland County, Pennsylvania",9.5,8.4,103750.0,18093.0,42,041,15920,Cooke,Cumberland County,Township,Cooke,9.5,8.4,103750.0,18093.0,85657.0,121843.0,720
"Quincy township, Franklin County, Pennsylvania",9.5,4.8,63357.0,13484.0,42,055,63200,Quincy,Franklin County,Township,Quincy,9.5,4.8,63357.0,13484.0,49873.0,76841.0,720
"Rockledge borough, Montgomery County, Pennsylvania",9.5,6.3,92639.0,24270.0,42,091,65568,Rockledge,Montgomery County,Borough,Rockledge,9.5,6.3,92639.0,24270.0,68369.0,116909.0,720
"South Manheim township, Schuylkill County, Pennsylvania",9.5,4.1,91979.0,11697.0,42,107,72312,South Manheim,Schuylkill County,Township,South Manheim,9.5,4.1,91979.0,11697.0,80282.0,103676.0,720
"Lehigh township, Northampton County, Pennsylvania",9.5,3.2,89741.0,12847.0,42,095,42424,Lehigh,Northampton County,Township,Lehigh,9.5,3.2,89741.0,12847.0,76894.0,102588.0,720
"Milford borough, Pike County, Pennsylvania",9.5,5.1,74844.0,24286.0,42,103,49400,Milford,Pike County,Borough,Milford Borough,9.5,5.1,74844.0,24286.0,50558.0,99130.0,720
"Ridley Park borough, Delaware County, Pennsylvania",9.5,3.2,93594.0,15312.0,42,045,64832,Ridley Park,Delaware County,Borough,Ridley Park,9.5,3.2,93594.0,15312.0,78282.0,108906.0,720
"Eldred township, Monroe County, Pennsylvania",9.5,7.1,70526.0,16868.0,42,089,22904,Eldred,Monroe County,Township,Eldred,9.5,7.1,70526.0,16868.0,53658.0,87394.0,720
"Haysville borough, Allegheny County, Pennsylvania",9.5,11.3,67778.0,22401.0,42,003,33312,Haysville,Allegheny County,Borough,Haysville,9.5,11.3,67778.0,22401.0,45377.0,90179.0,720
"Eldred township, Lycoming County, Pennsylvania",9.4,3.8,99464.0,22261.0,42,081,22880,Eldred,Lycoming County,Township,Eldred,9.4,3.8,99464.0,22261.0,77203.0,121725.0,730
"South Franklin township, Washington County, Pennsylvania",9.4,4.4,89318.0,35842.0,42,125,72176,South Franklin,Washington County,Township,South Franklin,9.4,4.4,89318.0,35842.0,53476.0,125160.0,730
"Paradise township, Monroe County, Pennsylvania",9.4,5.6,86991.0,19099.0,42,089,57856,Paradise,Monroe County,Township,Paradise,9.4,5.6,86991.0,19099.0,67892.0,106090.0,730
"Dover township, York County, Pennsylvania",9.4,3.1,81452.0,7447.0,42,133,19704,Dover,York County,Township,Dover Township,9.4,3.1,81452.0,7447.0,74005.0,88899.0,730
"Miller township, Perry County, Pennsylvania",9.4,5.0,70769.0,21209.0,42,099,49632,Miller,Perry County,Township,Miller,9.4,5.0,70769.0,21209.0,49560.0,91978.0,730
"Upper Darby township, Delaware County, Pennsylvania",9.4,1.4,71481.0,4188.0,42,045,79000,Upper Darby,Delaware County,Township,Upper Darby,9.4,1.4,71481.0,4188.0,67293.0,75669.0,730
"Franklin township, Columbia County, Pennsylvania",9.4,5.4,61607.0,13264.0,42,037,27384,Franklin,Columbia County,Township,Franklin,9.4,5.4,61607.0,13264.0,48343.0,74871.0,730
"Hamiltonban township, Adams County, Pennsylvania",9.4,4.1,90521.0,18250.0,42,001,32200,Hamiltonban,Adams County,Township,Hamiltonban,9.4,4.1,90521.0,18250.0,72271.0,108771.0,730
"Morris township, Greene County, Pennsylvania",9.4,7.0,81250.0,36862.0,42,059,51064,Morris,Greene County,Township,Morris,9.4,7.0,81250.0,36862.0,44388.0,118112.0,730
"South Creek township, Bradford County, Pennsylvania",9.3,6.6,57000.0,17586.0,42,015,72096,South Creek,Bradford County,Township,South Creek,9.3,6.6,57000.0,17586.0,39414.0,74586.0,739
"West Kittanning borough, Armstrong County, Pennsylvania",9.3,5.0,65547.0,11800.0,42,005,83248,West Kittanning,Armstrong County,Borough,West Kittanning,9.3,5.0,65547.0,11800.0,53747.0,77347.0,739
"Lower Towamensing township, Carbon County, Pennsylvania",9.3,6.1,68789.0,5946.0,42,025,45128,Lower Towamensing,Carbon County,Township,Lower Towamensing,9.3,6.1,68789.0,5946.0,62843.0,74735.0,739
"Sugarloaf township, Columbia County, Pennsylvania",9.3,5.9,67857.0,15454.0,42,037,75048,Sugarloaf,Columbia County,Township,Sugarloaf,9.3,5.9,67857.0,15454.0,52403.0,83311.0,739
"Middle Smithfield township, Monroe County, Pennsylvania",9.3,3.0,88026.0,16185.0,42,089,49080,Middle Smithfield,Monroe County,Township,Middle Smithfield,9.3,3.0,88026.0,16185.0,71841.0,104211.0,739
"Union township, Snyder County, Pennsylvania",9.3,3.9,76339.0,7612.0,42,109,78408,Union,Snyder County,Township,Union,9.3,3.9,76339.0,7612.0,68727.0,83951.0,739
"Juniata township, Perry County, Pennsylvania",9.3,4.4,91522.0,11434.0,42,099,38616,Juniata,Perry County,Township,Juniata,9.3,4.4,91522.0,11434.0,80088.0,102956.0,739
"Matamoras borough, Pike County, Pennsylvania",9.3,5.4,76500.0,18005.0,42,103,48048,Matamoras,Pike County,Borough,Matamoras,9.3,5.4,76500.0,18005.0,58495.0,94505.0,739
"Carroll township, Washington County, Pennsylvania",9.3,4.7,79219.0,11094.0,42,125,11424,Carroll,Washington County,Township,Carroll,9.3,4.7,79219.0,11094.0,68125.0,90313.0,739
"Blair township, Blair County, Pennsylvania",9.3,3.7,85227.0,12049.0,42,013,06872,Blair,Blair County,Township,Blair,9.3,3.7,85227.0,12049.0,73178.0,97276.0,739
"Sadsbury township, Crawford County, Pennsylvania",9.2,4.1,70000.0,15524.0,42,039,67088,Sadsbury,Crawford County,Township,Sadsbury,9.2,4.1,70000.0,15524.0,54476.0,85524.0,749
"Delaware Water Gap borough, Monroe County, Pennsylvania",9.2,7.9,95313.0,33390.0,42,089,18736,Delaware Water Gap,Monroe County,Borough,Delaware Water Gap,9.2,7.9,95313.0,33390.0,61923.0,128703.0,749
"Donegal township, Westmoreland County, Pennsylvania",9.2,5.0,63411.0,9962.0,42,129,19480,Donegal,Westmoreland County,Township,Donegal Township,9.2,5.0,63411.0,9962.0,53449.0,73373.0,749
"Wampum borough, Lawrence County, Pennsylvania",9.2,7.0,48929.0,10110.0,42,073,80880,Wampum,Lawrence County,Borough,Wampum,9.2,7.0,48929.0,10110.0,38819.0,59039.0,749
"Lower Windsor township, York County, Pennsylvania",9.2,3.2,87090.0,12871.0,42,133,45152,Lower Windsor,York County,Township,Lower Windsor,9.2,3.2,87090.0,12871.0,74219.0,99961.0,749
"State College borough, Centre County, Pennsylvania",9.2,1.8,45424.0,6688.0,42,027,73808,State College,Centre County,Borough,State College,9.2,1.8,45424.0,6688.0,38736.0,52112.0,749
"Washington township, Berks County, Pennsylvania",9.2,4.6,98859.0,11425.0,42,011,81184,Washington,Berks County,Township,Washington,9.2,4.6,98859.0,11425.0,87434.0,110284.0,749
"Lehigh township, Wayne County, Pennsylvania",9.2,4.2,55536.0,13466.0,42,127,42432,Lehigh,Wayne County,Township,Lehigh,9.2,4.2,55536.0,13466.0,42070.0,69002.0,749
"Highland township, Clarion County, Pennsylvania",9.1,5.1,79167.0,28566.0,42,031,34456,Highland,Clarion County,Township,Highland,9.1,5.1,79167.0,28566.0,50601.0,107733.0,757
"Center township, Butler County, Pennsylvania",9.1,4.3,90946.0,14931.0,42,019,12024,Center,Butler County,Township,Center,9.1,4.3,90946.0,14931.0,76015.0,105877.0,757
"Moore township, Northampton County, Pennsylvania",9.1,3.5,102789.0,19547.0,42,095,50824,Moore,Northampton County,Township,Moore,9.1,3.5,102789.0,19547.0,83242.0,122336.0,757
"West Homestead borough, Allegheny County, Pennsylvania",9.1,4.9,77250.0,30388.0,42,003,83200,West Homestead,Allegheny County,Borough,West Homestead,9.1,4.9,77250.0,30388.0,46862.0,107638.0,757
"Silverdale borough, Bucks County, Pennsylvania",9.1,5.8,107321.0,23116.0,42,017,70744,Silverdale,Bucks County,Borough,Silverdale,9.1,5.8,107321.0,23116.0,84205.0,130437.0,757
"Homer township, Potter County, Pennsylvania",9.1,4.2,74471.0,8247.0,42,105,35400,Homer,Potter County,Township,Homer,9.1,4.2,74471.0,8247.0,66224.0,82718.0,757
"Hamilton township, Monroe County, Pennsylvania",9.1,4.0,74414.0,16272.0,42,089,32176,Hamilton,Monroe County,Township,Hamilton,9.1,4.0,74414.0,16272.0,58142.0,90686.0,757
"Limestone township, Montour County, Pennsylvania",9.1,6.8,77708.0,16230.0,42,093,43360,Limestone,Montour County,Township,Limestone,9.1,6.8,77708.0,16230.0,61478.0,93938.0,757
"Athens township, Bradford County, Pennsylvania",9.1,3.8,72237.0,16807.0,42,015,03400,Athens,Bradford County,Township,Athens Township,9.1,3.8,72237.0,16807.0,55430.0,89044.0,757
"Fishing Creek township, Columbia County, Pennsylvania",9.1,6.5,81932.0,8197.0,42,037,26056,Fishing Creek,Columbia County,Township,Fishing Creek,9.1,6.5,81932.0,8197.0,73735.0,90129.0,757
"Antrim township, Franklin County, Pennsylvania",9.1,2.9,94205.0,6791.0,42,055,02696,Antrim,Franklin County,Township,Antrim,9.1,2.9,94205.0,6791.0,87414.0,100996.0,757
"Rush township, Centre County, Pennsylvania",9.1,5.5,75732.0,13752.0,42,027,66736,Rush,Centre County,Township,Rush,9.1,5.5,75732.0,13752.0,61980.0,89484.0,757
"Rye township, Perry County, Pennsylvania",9.1,4.0,102159.0,18261.0,42,099,66976,Rye,Perry County,Township,Rye,9.1,4.0,102159.0,18261.0,83898.0,120420.0,757
"Brady township, Lycoming County, Pennsylvania",9.1,5.6,85714.0,22867.0,42,081,08136,Brady,Lycoming County,Township,Brady,9.1,5.6,85714.0,22867.0,62847.0,108581.0,757
"Bastress township, Lycoming County, Pennsylvania",9.0,6.7,97813.0,18522.0,42,081,04424,Bastress,Lycoming County,Township,Bastress,9.0,6.7,97813.0,18522.0,79291.0,116335.0,771
"Richland township, Cambria County, Pennsylvania",9.0,2.5,73209.0,12401.0,42,021,64544,Richland,Cambria County,Township,Richland,9.0,2.5,73209.0,12401.0,60808.0,85610.0,771
"Jackson township, Columbia County, Pennsylvania",9.0,6.4,62500.0,18198.0,42,037,37360,Jackson,Columbia County,Township,Jackson,9.0,6.4,62500.0,18198.0,44302.0,80698.0,771
"Bloomfield township, Bedford County, Pennsylvania",9.0,5.4,90500.0,18961.0,42,009,07024,Bloomfield,Bedford County,Township,Bloomfield,9.0,5.4,90500.0,18961.0,71539.0,109461.0,771
"Herrick township, Susquehanna County, Pennsylvania",9.0,4.8,73295.0,8606.0,42,115,34096,Herrick,Susquehanna County,Township,Herrick,9.0,4.8,73295.0,8606.0,64689.0,81901.0,771
"South Buffalo township, Armstrong County, Pennsylvania",9.0,4.4,93241.0,17165.0,42,005,72000,South Buffalo,Armstrong County,Township,South Buffalo,9.0,4.4,93241.0,17165.0,76076.0,110406.0,771
"North Buffalo township, Armstrong County, Pennsylvania",9.0,6.9,75799.0,13971.0,42,005,54856,North Buffalo,Armstrong County,Township,North Buffalo,9.0,6.9,75799.0,13971.0,61828.0,89770.0,771
"Washington township, Dauphin County, Pennsylvania",9.0,4.6,80682.0,18973.0,42,043,81216,Washington,Dauphin County,Township,Washington,9.0,4.6,80682.0,18973.0,61709.0,99655.0,771
"Franklin township, Butler County, Pennsylvania",9.0,3.2,77593.0,9854.0,42,019,27352,Franklin,Butler County,Township,Franklin,9.0,3.2,77593.0,9854.0,67739.0,87447.0,771
"Cumberland township, Adams County, Pennsylvania",9.0,3.2,83021.0,15599.0,42,001,17640,Cumberland,Adams County,Township,Cumberland,9.0,3.2,83021.0,15599.0,67422.0,98620.0,771
"Albany township, Berks County, Pennsylvania",9.0,3.6,89440.0,12382.0,42,011,00588,Albany,Berks County,Township,Albany,9.0,3.6,89440.0,12382.0,77058.0,101822.0,771
"Ridgebury township, Bradford County, Pennsylvania",9.0,5.9,67262.0,8841.0,42,015,64696,Ridgebury,Bradford County,Township,Ridgebury,9.0,5.9,67262.0,8841.0,58421.0,76103.0,771
"Upper Fairfield township, Lycoming County, Pennsylvania",9.0,3.8,79423.0,9776.0,42,081,79024,Upper Fairfield,Lycoming County,Township,Upper Fairfield,9.0,3.8,79423.0,9776.0,69647.0,89199.0,771
"Cook township, Westmoreland County, Pennsylvania",9.0,4.6,70875.0,33755.0,42,129,15912,Cook,Westmoreland County,Township,Cook,9.0,4.6,70875.0,33755.0,37120.0,104630.0,771
"Shenango township, Lawrence County, Pennsylvania",9.0,4.0,77522.0,10201.0,42,073,70080,Shenango,Lawrence County,Township,Shenango,9.0,4.0,77522.0,10201.0,67321.0,87723.0,771
"Rush township, Dauphin County, Pennsylvania",8.9,12.4,76728.0,9020.0,42,043,66744,Rush,Dauphin County,Township,Rush,8.9,12.4,76728.0,9020.0,67708.0,85748.0,786
"West Manheim township, York County, Pennsylvania",8.9,3.7,97582.0,16259.0,42,133,83440,West Manheim,York County,Township,West Manheim,8.9,3.7,97582.0,16259.0,81323.0,113841.0,786
"West Sunbury borough, Butler County, Pennsylvania",8.9,10.7,47014.0,30399.0,42,019,84064,West Sunbury,Butler County,Borough,West Sunbury,8.9,10.7,47014.0,30399.0,16615.0,77413.0,786
"Hickory township, Lawrence County, Pennsylvania",8.9,5.0,74478.0,8142.0,42,073,34248,Hickory,Lawrence County,Township,Hickory,8.9,5.0,74478.0,8142.0,66336.0,82620.0,786
"Tunnelhill borough, Blair County, Pennsylvania",8.9,15.0,48438.0,24530.0,42,013,77808,Tunnelhill,Blair County,Borough,Tunnelhill,8.9,15.0,48438.0,24530.0,23908.0,72968.0,786
"Philadelphia city, Philadelphia County, Pennsylvania",8.9,0.3,61953.0,919.0,42,101,60000,Philadelphia,Philadelphia County,City,Philadelphia,8.9,0.3,61953.0,919.0,61034.0,62872.0,786
"Prospect borough, Butler County, Pennsylvania",8.9,3.8,88250.0,14922.0,42,019,62752,Prospect,Butler County,Borough,Prospect,8.9,3.8,88250.0,14922.0,73328.0,103172.0,786
"North Heidelberg township, Berks County, Pennsylvania",8.9,3.3,92500.0,23703.0,42,011,55088,North Heidelberg,Berks County,Township,North Heidelberg,8.9,3.3,92500.0,23703.0,68797.0,116203.0,786
"Mohnton borough, Berks County, Pennsylvania",8.9,5.4,80745.0,6842.0,42,011,50272,Mohnton,Berks County,Borough,Mohnton,8.9,5.4,80745.0,6842.0,73903.0,87587.0,786
"Mahoning township, Carbon County, Pennsylvania",8.9,5.6,71881.0,21753.0,42,025,46640,Mahoning,Carbon County,Township,Mahoning,8.9,5.6,71881.0,21753.0,50128.0,93634.0,786
"Cascade township, Lycoming County, Pennsylvania",8.9,4.9,70417.0,23608.0,42,081,11560,Cascade,Lycoming County,Township,Cascade,8.9,4.9,70417.0,23608.0,46809.0,94025.0,786
"Heidelberg borough, Allegheny County, Pennsylvania",8.9,5.4,67829.0,6303.0,42,003,33592,Heidelberg,Allegheny County,Borough,Heidelberg,8.9,5.4,67829.0,6303.0,61526.0,74132.0,786
"Howe township, Perry County, Pennsylvania",8.8,6.6,87386.0,6652.0,42,099,36000,Howe,Perry County,Township,Howe,8.8,6.6,87386.0,6652.0,80734.0,94038.0,798
"Washington township, Westmoreland County, Pennsylvania",8.8,3.9,83587.0,15802.0,42,129,81336,Washington,Westmoreland County,Township,Washington,8.8,3.9,83587.0,15802.0,67785.0,99389.0,798
"Palmyra borough, Lebanon County, Pennsylvania",8.8,3.5,77469.0,6733.0,42,075,57720,Palmyra,Lebanon County,Borough,Palmyra,8.8,3.5,77469.0,6733.0,70736.0,84202.0,798
"Jackson township, Dauphin County, Pennsylvania",8.8,5.1,95515.0,29965.0,42,043,37368,Jackson,Dauphin County,Township,Jackson,8.8,5.1,95515.0,29965.0,65550.0,125480.0,798
"Muddy Creek township, Butler County, Pennsylvania",8.8,3.6,83346.0,14751.0,42,019,52176,Muddy Creek,Butler County,Township,Muddy Creek,8.8,3.6,83346.0,14751.0,68595.0,98097.0,798
"Jefferson township, Mercer County, Pennsylvania",8.8,4.4,67500.0,25943.0,42,085,37904,Jefferson,Mercer County,Township,Jefferson,8.8,4.4,67500.0,25943.0,41557.0,93443.0,798
"Mechanicsburg borough, Cumberland County, Pennsylvania",8.8,3.7,84421.0,13519.0,42,041,48376,Mechanicsburg,Cumberland County,Borough,Mechanicsburg,8.8,3.7,84421.0,13519.0,70902.0,97940.0,798
"Armstrong township, Indiana County, Pennsylvania",8.8,5.2,81404.0,6226.0,42,063,03064,Armstrong,Indiana County,Township,Armstrong,8.8,5.2,81404.0,6226.0,75178.0,87630.0,798
"Spruce Creek township, Huntingdon County, Pennsylvania",8.8,6.9,70000.0,27314.0,42,061,73488,Spruce Creek,Huntingdon County,Township,Spruce Creek,8.8,6.9,70000.0,27314.0,42686.0,97314.0,798
"Eldred township, Schuylkill County, Pennsylvania",8.8,5.0,73250.0,17702.0,42,107,22912,Eldred,Schuylkill County,Township,Eldred,8.8,5.0,73250.0,17702.0,55548.0,90952.0,798
"Darlington township, Beaver County, Pennsylvania",8.8,5.3,64107.0,15478.0,42,007,18200,Darlington,Beaver County,Township,Darlington Township,8.8,5.3,64107.0,15478.0,48629.0,79585.0,798
"Beaver township, Columbia County, Pennsylvania",8.8,6.3,84167.0,12459.0,42,037,04704,Beaver,Columbia County,Township,Beaver,8.8,6.3,84167.0,12459.0,71708.0,96626.0,798
"Upper Burrell township, Westmoreland County, Pennsylvania",8.7,4.7,89229.0,8537.0,42,129,78768,Upper Burrell,Westmoreland County,Township,Upper Burrell,8.7,4.7,89229.0,8537.0,80692.0,97766.0,810
"Bellevue borough, Allegheny County, Pennsylvania",8.7,2.7,68827.0,5645.0,42,003,05312,Bellevue,Allegheny County,Borough,Bellevue,8.7,2.7,68827.0,5645.0,63182.0,74472.0,810
"West Cornwall township, Lebanon County, Pennsylvania",8.7,4.4,84750.0,10811.0,42,075,82752,West Cornwall,Lebanon County,Township,West Cornwall,8.7,4.4,84750.0,10811.0,73939.0,95561.0,810
"Porter township, Pike County, Pennsylvania",8.7,7.1,67857.0,9096.0,42,103,62192,Porter,Pike County,Township,Porter,8.7,7.1,67857.0,9096.0,58761.0,76953.0,810
"Turbot township, Northumberland County, Pennsylvania",8.7,3.2,72000.0,11821.0,42,097,77830,Turbot,Northumberland County,Township,Turbot,8.7,3.2,72000.0,11821.0,60179.0,83821.0,810
"Anthony township, Montour County, Pennsylvania",8.7,3.8,81705.0,9107.0,42,093,02664,Anthony,Montour County,Township,Anthony,8.7,3.8,81705.0,9107.0,72598.0,90812.0,810
"Wilmot township, Bradford County, Pennsylvania",8.7,5.2,85000.0,13213.0,42,015,85544,Wilmot,Bradford County,Township,Wilmot,8.7,5.2,85000.0,13213.0,71787.0,98213.0,810
"New Stanton borough, Westmoreland County, Pennsylvania",8.7,3.3,71250.0,9265.0,42,129,54104,New Stanton,Westmoreland County,Borough,New Stanton,8.7,3.3,71250.0,9265.0,61985.0,80515.0,810
"Rockdale township, Crawford County, Pennsylvania",8.6,7.9,71103.0,5159.0,42,039,65440,Rockdale,Crawford County,Township,Rockdale,8.6,7.9,71103.0,5159.0,65944.0,76262.0,818
"Plain Grove township, Lawrence County, Pennsylvania",8.6,4.4,70750.0,14025.0,42,073,61104,Plain Grove,Lawrence County,Township,Plain Grove,8.6,4.4,70750.0,14025.0,56725.0,84775.0,818
"Sugar Grove borough, Warren County, Pennsylvania",8.6,7.4,71875.0,16203.0,42,123,75024,Sugar Grove,Warren County,Borough,Sugar Grove Borough,8.6,7.4,71875.0,16203.0,55672.0,88078.0,818
"Manheim borough, Lancaster County, Pennsylvania",8.6,4.8,81273.0,8663.0,42,071,46888,Manheim,Lancaster County,Borough,Manheim Borough,8.6,4.8,81273.0,8663.0,72610.0,89936.0,818
"Deer Lake borough, Schuylkill County, Pennsylvania",8.6,4.4,103125.0,22542.0,42,107,18576,Deer Lake,Schuylkill County,Borough,Deer Lake,8.6,4.4,103125.0,22542.0,80583.0,125667.0,818
"Perry township, Greene County, Pennsylvania",8.6,5.9,69609.0,23984.0,42,059,59472,Perry,Greene County,Township,Perry,8.6,5.9,69609.0,23984.0,45625.0,93593.0,818
"Daugherty township, Beaver County, Pennsylvania",8.6,6.2,87969.0,20499.0,42,007,18264,Daugherty,Beaver County,Township,Daugherty,8.6,6.2,87969.0,20499.0,67470.0,108468.0,818
"Waterford township, Erie County, Pennsylvania",8.6,6.6,77286.0,10566.0,42,049,81472,Waterford,Erie County,Township,Waterford Township,8.6,6.6,77286.0,10566.0,66720.0,87852.0,818
"Paradise township, Lancaster County, Pennsylvania",8.6,4.2,107188.0,15553.0,42,071,57848,Paradise,Lancaster County,Township,Paradise,8.6,4.2,107188.0,15553.0,91635.0,122741.0,818
"Elk Creek township, Erie County, Pennsylvania",8.6,4.3,86250.0,13380.0,42,049,23088,Elk Creek,Erie County,Township,Elk Creek,8.6,4.3,86250.0,13380.0,72870.0,99630.0,818
"Lansdale borough, Montgomery County, Pennsylvania",8.6,2.3,88229.0,10563.0,42,091,41432,Lansdale,Montgomery County,Borough,Lansdale,8.6,2.3,88229.0,10563.0,77666.0,98792.0,818
"Rockefeller township, Northumberland County, Pennsylvania",8.5,5.3,90903.0,9624.0,42,097,65472,Rockefeller,Northumberland County,Township,Rockefeller,8.5,5.3,90903.0,9624.0,81279.0,100527.0,829
"Muhlenberg township, Berks County, Pennsylvania",8.5,2.4,88069.0,6561.0,42,011,52200,Muhlenberg,Berks County,Township,Muhlenberg,8.5,2.4,88069.0,6561.0,81508.0,94630.0,829
"Avalon borough, Allegheny County, Pennsylvania",8.5,3.6,51250.0,8623.0,42,003,03608,Avalon,Allegheny County,Borough,Avalon,8.5,3.6,51250.0,8623.0,42627.0,59873.0,829
"Westfall township, Pike County, Pennsylvania",8.5,4.2,72337.0,5674.0,42,103,82928,Westfall,Pike County,Township,Westfall,8.5,4.2,72337.0,5674.0,66663.0,78011.0,829
"Worth township, Butler County, Pennsylvania",8.5,3.1,68611.0,15385.0,42,019,86536,Worth,Butler County,Township,Worth,8.5,3.1,68611.0,15385.0,53226.0,83996.0,829
"Spring City borough, Chester County, Pennsylvania",8.5,4.4,76419.0,12700.0,42,029,72920,Spring,Chester County,Borough,Spring,8.5,4.4,76419.0,12700.0,63719.0,89119.0,829
"Douglass township, Berks County, Pennsylvania",8.5,5.6,79808.0,19006.0,42,011,19664,Douglass,Berks County,Township,Douglass,8.5,5.6,79808.0,19006.0,60802.0,98814.0,829
"Bradford township, McKean County, Pennsylvania",8.5,4.3,90243.0,11379.0,42,083,08048,Bradford,McKean County,Township,Bradford Township,8.5,4.3,90243.0,11379.0,78864.0,101622.0,829
"Elizabeth township, Allegheny County, Pennsylvania",8.5,3.3,80589.0,12884.0,42,003,23000,Elizabeth,Allegheny County,Township,Elizabeth Township,8.5,3.3,80589.0,12884.0,67705.0,93473.0,829
"Union township, Luzerne County, Pennsylvania",8.5,3.8,92991.0,12779.0,42,079,78384,Union,Luzerne County,Township,Union,8.5,3.8,92991.0,12779.0,80212.0,105770.0,829
"Penndel borough, Bucks County, Pennsylvania",8.5,3.1,75517.0,25229.0,42,017,58936,Penndel,Bucks County,Borough,Penndel,8.5,3.1,75517.0,25229.0,50288.0,100746.0,829
"Toby township, Clarion County, Pennsylvania",8.5,3.6,71023.0,10360.0,42,031,76928,Toby,Clarion County,Township,Toby,8.5,3.6,71023.0,10360.0,60663.0,81383.0,829
"New Berlin borough, Union County, Pennsylvania",8.5,5.6,89286.0,19074.0,42,119,53200,New Berlin,Union County,Borough,New Berlin,8.5,5.6,89286.0,19074.0,70212.0,108360.0,829
"Cleveland township, Columbia County, Pennsylvania",8.4,4.7,71923.0,10968.0,42,037,14184,Cleveland,Columbia County,Township,Cleveland,8.4,4.7,71923.0,10968.0,60955.0,82891.0,842
"Washington township, York County, Pennsylvania",8.4,2.5,92226.0,8093.0,42,133,81352,Washington,York County,Township,Washington,8.4,2.5,92226.0,8093.0,84133.0,100319.0,842
"Monroeville municipality, Allegheny County, Pennsylvania",8.4,1.8,79218.0,3899.0,42,003,50528,Monroeville,Allegheny County,Municipality,Monroeville,8.4,1.8,79218.0,3899.0,75319.0,83117.0,842
"Bethel township, Lebanon County, Pennsylvania",8.4,3.4,89911.0,19599.0,42,075,06040,Bethel,Lebanon County,Township,Bethel,8.4,3.4,89911.0,19599.0,70312.0,109510.0,842
"Long Branch borough, Washington County, Pennsylvania",8.4,3.4,75000.0,7912.0,42,125,44512,Long Branch,Washington County,Borough,Long Branch,8.4,3.4,75000.0,7912.0,67088.0,82912.0,842
"Jefferson township, Greene County, Pennsylvania",8.4,4.6,72500.0,11435.0,42,059,37888,Jefferson,Greene County,Township,Jefferson Township,8.4,4.6,72500.0,11435.0,61065.0,83935.0,842
"Newberry township, York County, Pennsylvania",8.4,3.1,95357.0,10573.0,42,133,53224,Newberry,York County,Township,Newberry,8.4,3.1,95357.0,10573.0,84784.0,105930.0,842
"Walker township, Juniata County, Pennsylvania",8.4,3.8,72813.0,8115.0,42,067,80568,Walker,Juniata County,Township,Walker,8.4,3.8,72813.0,8115.0,64698.0,80928.0,842
"Greene township, Pike County, Pennsylvania",8.4,6.6,64219.0,20889.0,42,103,30976,Greene,Pike County,Township,Greene,8.4,6.6,64219.0,20889.0,43330.0,85108.0,842
"Lawrenceville borough, Tioga County, Pennsylvania",8.4,5.8,72708.0,17519.0,42,117,42016,Lawrenceville,Tioga County,Borough,Lawrenceville,8.4,5.8,72708.0,17519.0,55189.0,90227.0,842
"West Pennsboro township, Cumberland County, Pennsylvania",8.4,4.6,81433.0,11056.0,42,041,83800,West Pennsboro,Cumberland County,Township,West Pennsboro,8.4,4.6,81433.0,11056.0,70377.0,92489.0,842
"Southampton township, Cumberland County, Pennsylvania",8.4,4.3,81392.0,9501.0,42,041,71904,Southampton,Cumberland County,Township,Southampton,8.4,4.3,81392.0,9501.0,71891.0,90893.0,842
"East Bangor borough, Northampton County, Pennsylvania",8.4,6.0,81250.0,18466.0,42,095,20776,East Bangor,Northampton County,Borough,East Bangor,8.4,6.0,81250.0,18466.0,62784.0,99716.0,842
"Perry township, Berks County, Pennsylvania",8.4,3.5,94531.0,18660.0,42,011,59448,Perry,Berks County,Township,Perry,8.4,3.5,94531.0,18660.0,75871.0,113191.0,842
"Allegheny township, Cambria County, Pennsylvania",8.3,3.6,90809.0,7748.0,42,021,00868,Allegheny,Cambria County,Township,Allegheny,8.3,3.6,90809.0,7748.0,83061.0,98557.0,856
"Jackson township, Greene County, Pennsylvania",8.3,7.4,67212.0,13799.0,42,059,37376,Jackson,Greene County,Township,Jackson,8.3,7.4,67212.0,13799.0,53413.0,81011.0,856
"Starrucca borough, Wayne County, Pennsylvania",8.3,10.1,70278.0,2749.0,42,127,73784,Starrucca,Wayne County,Borough,Starrucca,8.3,10.1,70278.0,2749.0,67529.0,73027.0,856
"Tunkhannock township, Wyoming County, Pennsylvania",8.3,3.9,83459.0,9205.0,42,131,77792,Tunkhannock,Wyoming County,Township,Tunkhannock Township,8.3,3.9,83459.0,9205.0,74254.0,92664.0,856
"Green Lane borough, Montgomery County, Pennsylvania",8.3,7.4,72054.0,12742.0,42,091,31088,Green Lane,Montgomery County,Borough,Green Lane,8.3,7.4,72054.0,12742.0,59312.0,84796.0,856
"Jackson township, Perry County, Pennsylvania",8.3,5.2,64375.0,12915.0,42,099,37440,Jackson,Perry County,Township,Jackson,8.3,5.2,64375.0,12915.0,51460.0,77290.0,856
"Southwest Madison township, Perry County, Pennsylvania",8.3,3.9,92727.0,8744.0,42,099,72624,Southwest Madison,Perry County,Township,Southwest Madison,8.3,3.9,92727.0,8744.0,83983.0,101471.0,856
"Worthington borough, Armstrong County, Pennsylvania",8.3,8.0,74000.0,30812.0,42,005,86560,Worthington,Armstrong County,Borough,Worthington,8.3,8.0,74000.0,30812.0,43188.0,104812.0,856
"Union township, Centre County, Pennsylvania",8.3,3.6,88500.0,9732.0,42,027,78288,Union,Centre County,Township,Union,8.3,3.6,88500.0,9732.0,78768.0,98232.0,856
"Elkland borough, Tioga County, Pennsylvania",8.3,5.2,54531.0,15546.0,42,117,23152,Elkland,Tioga County,Borough,Elkland,8.3,5.2,54531.0,15546.0,38985.0,70077.0,856
"New Wilmington borough, Lawrence County, Pennsylvania",8.2,4.0,73696.0,12521.0,42,073,54352,New Wilmington,Lawrence County,Borough,New Wilmington,8.2,4.0,73696.0,12521.0,61175.0,86217.0,866
"North Bethlehem township, Washington County, Pennsylvania",8.2,3.7,94922.0,24040.0,42,125,54800,North Bethlehem,Washington County,Township,North Bethlehem,8.2,3.7,94922.0,24040.0,70882.0,118962.0,866
"Kingston township, Luzerne County, Pennsylvania",8.2,3.8,76574.0,22952.0,42,079,39792,Kingston,Luzerne County,Township,Kingston Township,8.2,3.8,76574.0,22952.0,53622.0,99526.0,866
"Wayne township, Schuylkill County, Pennsylvania",8.2,4.5,98300.0,10007.0,42,107,81792,Wayne,Schuylkill County,Township,Wayne,8.2,4.5,98300.0,10007.0,88293.0,108307.0,866
"Upper Paxton township, Dauphin County, Pennsylvania",8.2,3.4,58105.0,19660.0,42,043,79216,Upper Paxton,Dauphin County,Township,Upper Paxton,8.2,3.4,58105.0,19660.0,38445.0,77765.0,866
"Penn township, Snyder County, Pennsylvania",8.2,4.3,61479.0,20511.0,42,109,58864,Penn,Snyder County,Township,Penn,8.2,4.3,61479.0,20511.0,40968.0,81990.0,866
"Overfield township, Wyoming County, Pennsylvania",8.2,6.2,64750.0,14533.0,42,131,57408,Overfield,Wyoming County,Township,Overfield,8.2,6.2,64750.0,14533.0,50217.0,79283.0,866
"Liberty township, Susquehanna County, Pennsylvania",8.2,6.9,73077.0,9421.0,42,115,43120,Liberty,Susquehanna County,Township,Liberty,8.2,6.9,73077.0,9421.0,63656.0,82498.0,866
"South Pymatuning township, Mercer County, Pennsylvania",8.2,3.1,77614.0,10348.0,42,085,72440,South Pymatuning,Mercer County,Township,South Pymatuning,8.2,3.1,77614.0,10348.0,67266.0,87962.0,866
"Lamar township, Clinton County, Pennsylvania",8.1,3.6,92188.0,12666.0,42,035,41112,Lamar,Clinton County,Township,Lamar,8.1,3.6,92188.0,12666.0,79522.0,104854.0,875
"Oxford township, Adams County, Pennsylvania",8.1,3.0,82783.0,10026.0,42,001,57472,Oxford,Adams County,Township,Oxford,8.1,3.0,82783.0,10026.0,72757.0,92809.0,875
"Point township, Northumberland County, Pennsylvania",8.1,5.8,70694.0,7842.0,42,097,61832,Point,Northumberland County,Township,Point,8.1,5.8,70694.0,7842.0,62852.0,78536.0,875
"Mount Pleasant township, Columbia County, Pennsylvania",8.1,3.7,91875.0,15744.0,42,037,51792,Mount Pleasant,Columbia County,Township,Mount Pleasant,8.1,3.7,91875.0,15744.0,76131.0,107619.0,875
"Salem township, Westmoreland County, Pennsylvania",8.1,3.1,80293.0,12286.0,42,129,67496,Salem,Westmoreland County,Township,Salem,8.1,3.1,80293.0,12286.0,68007.0,92579.0,875
"Hummelstown borough, Dauphin County, Pennsylvania",8.1,3.8,63175.0,16363.0,42,043,36232,Hummelstown,Dauphin County,Borough,Hummelstown,8.1,3.8,63175.0,16363.0,46812.0,79538.0,875
"Bristol township, Bucks County, Pennsylvania",8.1,1.7,79101.0,4960.0,42,017,08768,Bristol,Bucks County,Township,Bristol Township,8.1,1.7,79101.0,4960.0,74141.0,84061.0,875
"Clarks Summit borough, Lackawanna County, Pennsylvania",8.1,4.7,92083.0,19866.0,42,069,13880,Clarks Summit,Lackawanna County,Borough,Clarks Summit,8.1,4.7,92083.0,19866.0,72217.0,111949.0,875
"Terry township, Bradford County, Pennsylvania",8.1,5.1,57200.0,15829.0,42,015,76408,Terry,Bradford County,Township,Terry,8.1,5.1,57200.0,15829.0,41371.0,73029.0,875
"Sharon township, Potter County, Pennsylvania",8.1,5.9,78393.0,11782.0,42,105,69736,Sharon,Potter County,Township,Sharon,8.1,5.9,78393.0,11782.0,66611.0,90175.0,875
"Whitehall township, Lehigh County, Pennsylvania",8.1,2.4,75658.0,9411.0,42,077,84528,Whitehall,Lehigh County,Township,Whitehall,8.1,2.4,75658.0,9411.0,66247.0,85069.0,875
"Huntingdon borough, Huntingdon County, Pennsylvania",8.1,4.0,67125.0,10490.0,42,061,36368,Huntingdon,Huntingdon County,Borough,Huntingdon,8.1,4.0,67125.0,10490.0,56635.0,77615.0,875
"Warriors Mark township, Huntingdon County, Pennsylvania",8.1,2.7,87350.0,9550.0,42,061,81104,Warriors Mark,Huntingdon County,Township,Warriors Mark,8.1,2.7,87350.0,9550.0,77800.0,96900.0,875
"Washington township, Lehigh County, Pennsylvania",8.0,5.3,86837.0,12598.0,42,077,81280,Washington,Lehigh County,Township,Washington,8.0,5.3,86837.0,12598.0,74239.0,99435.0,888
"Knox township, Jefferson County, Pennsylvania",8.0,5.0,72500.0,13973.0,42,065,40304,Knox,Jefferson County,Township,Knox,8.0,5.0,72500.0,13973.0,58527.0,86473.0,888
"Pike township, Bradford County, Pennsylvania",8.0,6.1,74688.0,19875.0,42,015,60184,Pike,Bradford County,Township,Pike,8.0,6.1,74688.0,19875.0,54813.0,94563.0,888
"Allegheny township, Somerset County, Pennsylvania",8.0,5.0,75583.0,7630.0,42,111,00876,Allegheny,Somerset County,Township,Allegheny,8.0,5.0,75583.0,7630.0,67953.0,83213.0,888
"Auburn township, Susquehanna County, Pennsylvania",8.0,3.0,88625.0,15324.0,42,115,03496,Auburn,Susquehanna County,Township,Auburn,8.0,3.0,88625.0,15324.0,73301.0,103949.0,888
"Grove township, Cameron County, Pennsylvania",8.0,12.5,56667.0,31617.0,42,023,31632,Grove,Cameron County,Township,Grove,8.0,12.5,56667.0,31617.0,25050.0,88284.0,888
"Upper Mifflin township, Cumberland County, Pennsylvania",8.0,4.9,83047.0,12855.0,42,041,79152,Upper Mifflin,Cumberland County,Township,Upper Mifflin,8.0,4.9,83047.0,12855.0,70192.0,95902.0,888
"Nippenose township, Lycoming County, Pennsylvania",8.0,5.0,66053.0,9236.0,42,081,54504,Nippenose,Lycoming County,Township,Nippenose,8.0,5.0,66053.0,9236.0,56817.0,75289.0,888
"Harrison township, Allegheny County, Pennsylvania",8.0,3.4,66316.0,7451.0,42,003,32832,Harrison,Allegheny County,Township,Harrison,8.0,3.4,66316.0,7451.0,58865.0,73767.0,888
"East Prospect borough, York County, Pennsylvania",8.0,6.2,93438.0,11857.0,42,133,21728,East Prospect,York County,Borough,East Prospect,8.0,6.2,93438.0,11857.0,81581.0,105295.0,888
"Slippery Rock borough, Butler County, Pennsylvania",8.0,5.8,52262.0,15115.0,42,019,71184,Slippery Rock,Butler County,Borough,Slippery Rock Borough,8.0,5.8,52262.0,15115.0,37147.0,67377.0,888
"Sutersville borough, Westmoreland County, Pennsylvania",8.0,8.6,65625.0,16566.0,42,129,75584,Sutersville,Westmoreland County,Borough,Sutersville,8.0,8.6,65625.0,16566.0,49059.0,82191.0,888
"Baldwin township, Allegheny County, Pennsylvania",8.0,4.4,89931.0,16740.0,42,003,03932,Baldwin,Allegheny County,Township,Baldwin Township,8.0,4.4,89931.0,16740.0,73191.0,106671.0,888
"Lewis township, Northumberland County, Pennsylvania",8.0,2.8,76484.0,13820.0,42,097,42952,Lewis,Northumberland County,Township,Lewis,8.0,2.8,76484.0,13820.0,62664.0,90304.0,888
"West Mahoning township, Indiana County, Pennsylvania",8.0,5.3,55156.0,12048.0,42,063,83416,West Mahoning,Indiana County,Township,West Mahoning,8.0,5.3,55156.0,12048.0,43108.0,67204.0,888
"Telford borough, Montgomery County, Pennsylvania",8.0,5.2,95463.0,24937.0,42,091,76304,Telford,Montgomery County,Borough,Telford,8.0,5.2,95463.0,24937.0,70526.0,120400.0,888
"Midland borough, Beaver County, Pennsylvania",8.0,7.9,60096.0,19468.0,42,007,49184,Midland,Beaver County,Borough,Midland,8.0,7.9,60096.0,19468.0,40628.0,79564.0,888
"Colley township, Sullivan County, Pennsylvania",8.0,5.4,93125.0,16213.0,42,113,15208,Colley,Sullivan County,Township,Colley,8.0,5.4,93125.0,16213.0,76912.0,109338.0,888
"Oakland township, Butler County, Pennsylvania",8.0,3.5,74318.0,9410.0,42,019,55992,Oakland,Butler County,Township,Oakland,8.0,3.5,74318.0,9410.0,64908.0,83728.0,888
"Cleona borough, Lebanon County, Pennsylvania",8.0,4.7,72688.0,7763.0,42,075,14160,Cleona,Lebanon County,Borough,Cleona,8.0,4.7,72688.0,7763.0,64925.0,80451.0,888
"Penn township, Huntingdon County, Pennsylvania",7.9,3.4,84821.0,14033.0,42,061,58832,Penn,Huntingdon County,Township,Penn,7.9,3.4,84821.0,14033.0,70788.0,98854.0,908
"Lincoln borough, Allegheny County, Pennsylvania",7.9,4.8,73750.0,14793.0,42,003,43408,Lincoln,Allegheny County,Borough,Lincoln,7.9,4.8,73750.0,14793.0,58957.0,88543.0,908
"East Drumore township, Lancaster County, Pennsylvania",7.9,4.5,78844.0,21297.0,42,071,21040,East Drumore,Lancaster County,Township,East Drumore,7.9,4.5,78844.0,21297.0,57547.0,100141.0,908
"Loyalsock township, Lycoming County, Pennsylvania",7.9,3.0,59491.0,3979.0,42,081,45224,Loyalsock,Lycoming County,Township,Loyalsock,7.9,3.0,59491.0,3979.0,55512.0,63470.0,908
"Orwell township, Bradford County, Pennsylvania",7.9,3.9,89766.0,13233.0,42,015,57176,Orwell,Bradford County,Township,Orwell,7.9,3.9,89766.0,13233.0,76533.0,102999.0,908
"Smithfield township, Bradford County, Pennsylvania",7.9,4.6,77500.0,7953.0,42,015,71312,Smithfield,Bradford County,Township,Smithfield,7.9,4.6,77500.0,7953.0,69547.0,85453.0,908
"West Liberty borough, Butler County, Pennsylvania",7.9,6.3,73365.0,7818.0,42,019,83376,West Liberty,Butler County,Borough,West Liberty,7.9,6.3,73365.0,7818.0,65547.0,81183.0,908
"Edinboro borough, Erie County, Pennsylvania",7.8,3.8,48173.0,18852.0,42,049,22608,Edinboro,Erie County,Borough,Edinboro,7.8,3.8,48173.0,18852.0,29321.0,67025.0,915
"Norwood borough, Delaware County, Pennsylvania",7.8,3.3,96134.0,11265.0,42,045,55664,Norwood,Delaware County,Borough,Norwood,7.8,3.3,96134.0,11265.0,84869.0,107399.0,915
"Heidelberg township, York County, Pennsylvania",7.8,3.4,113355.0,13205.0,42,133,33624,Heidelberg,York County,Township,Heidelberg,7.8,3.4,113355.0,13205.0,100150.0,126560.0,915
"Windsor township, York County, Pennsylvania",7.8,2.6,95700.0,7613.0,42,133,85736,Windsor,York County,Township,Windsor Township,7.8,2.6,95700.0,7613.0,88087.0,103313.0,915
"Pittston township, Luzerne County, Pennsylvania",7.8,2.7,68702.0,2897.0,42,079,61056,Pittston,Luzerne County,Township,Pittston Township,7.8,2.7,68702.0,2897.0,65805.0,71599.0,915
"Beaver township, Crawford County, Pennsylvania",7.8,6.2,64500.0,12735.0,42,039,04720,Beaver,Crawford County,Township,Beaver,7.8,6.2,64500.0,12735.0,51765.0,77235.0,915
"East Carroll township, Cambria County, Pennsylvania",7.8,3.7,81250.0,16540.0,42,021,20952,East Carroll,Cambria County,Township,East Carroll,7.8,3.7,81250.0,16540.0,64710.0,97790.0,915
"New Bethlehem borough, Clarion County, Pennsylvania",7.8,4.1,50000.0,8408.0,42,031,53248,New Bethlehem,Clarion County,Borough,New Bethlehem,7.8,4.1,50000.0,8408.0,41592.0,58408.0,915
"Parkside borough, Delaware County, Pennsylvania",7.8,4.5,93929.0,11431.0,42,045,58176,Parkside,Delaware County,Borough,Parkside,7.8,4.5,93929.0,11431.0,82498.0,105360.0,915
"Venango township, Butler County, Pennsylvania",7.7,5.5,89432.0,11564.0,42,019,79904,Venango,Butler County,Township,Venango,7.7,5.5,89432.0,11564.0,77868.0,100996.0,924
"Conemaugh township, Cambria County, Pennsylvania",7.7,5.0,62500.0,15317.0,42,021,15552,Conemaugh,Cambria County,Township,Conemaugh,7.7,5.0,62500.0,15317.0,47183.0,77817.0,924
"Old Forge borough, Lackawanna County, Pennsylvania",7.7,4.0,71812.0,4483.0,42,069,56576,Old Forge,Lackawanna County,Borough,Old Forge,7.7,4.0,71812.0,4483.0,67329.0,76295.0,924
"Mayfield borough, Lackawanna County, Pennsylvania",7.7,3.6,78750.0,23629.0,42,069,48176,Mayfield,Lackawanna County,Borough,Mayfield,7.7,3.6,78750.0,23629.0,55121.0,102379.0,924
"Penn township, York County, Pennsylvania",7.7,1.9,85199.0,8833.0,42,133,58888,Penn,York County,Township,Penn,7.7,1.9,85199.0,8833.0,76366.0,94032.0,924
"Lackawaxen township, Pike County, Pennsylvania",7.7,3.4,78920.0,12016.0,42,103,40776,Lackawaxen,Pike County,Township,Lackawaxen,7.7,3.4,78920.0,12016.0,66904.0,90936.0,924
"Windham township, Wyoming County, Pennsylvania",7.7,3.9,71250.0,15587.0,42,131,85680,Windham,Wyoming County,Township,Windham,7.7,3.9,71250.0,15587.0,55663.0,86837.0,924
"North East township, Erie County, Pennsylvania",7.7,3.3,80198.0,6040.0,42,049,54960,North East,Erie County,Township,North East Township,7.7,3.3,80198.0,6040.0,74158.0,86238.0,924
"Downingtown borough, Chester County, Pennsylvania",7.7,3.4,96228.0,8481.0,42,029,19752,Downingtown,Chester County,Borough,Downingtown,7.7,3.4,96228.0,8481.0,87747.0,104709.0,924
"Liverpool township, Perry County, Pennsylvania",7.7,3.7,100208.0,31795.0,42,099,43976,Liverpool,Perry County,Township,Liverpool Township,7.7,3.7,100208.0,31795.0,68413.0,132003.0,924
"Boggs township, Armstrong County, Pennsylvania",7.7,5.3,66667.0,23608.0,42,005,07416,Boggs,Armstrong County,Township,Boggs,7.7,5.3,66667.0,23608.0,43059.0,90275.0,924
"East Lackawannock township, Mercer County, Pennsylvania",7.7,3.7,79643.0,12945.0,42,085,21336,East Lackawannock,Mercer County,Township,East Lackawannock,7.7,3.7,79643.0,12945.0,66698.0,92588.0,924
"Middlecreek township, Somerset County, Pennsylvania",7.7,5.1,64583.0,34302.0,42,111,49024,Middlecreek,Somerset County,Township,Middlecreek,7.7,5.1,64583.0,34302.0,30281.0,98885.0,924
"LeBoeuf township, Erie County, Pennsylvania",7.6,4.0,91897.0,10953.0,42,049,42208,LeBoeuf,Erie County,Township,LeBoeuf,7.6,4.0,91897.0,10953.0,80944.0,102850.0,937
"North Lebanon township, Lebanon County, Pennsylvania",7.6,4.2,83690.0,8577.0,42,075,55160,North Lebanon,Lebanon County,Township,North Lebanon,7.6,4.2,83690.0,8577.0,75113.0,92267.0,937
"Scott township, Allegheny County, Pennsylvania",7.6,2.3,89404.0,6024.0,42,003,68388,Scott,Allegheny County,Township,Scott,7.6,2.3,89404.0,6024.0,83380.0,95428.0,937
"Smith township, Washington County, Pennsylvania",7.6,3.3,73452.0,16753.0,42,125,71288,Smith,Washington County,Township,Smith,7.6,3.3,73452.0,16753.0,56699.0,90205.0,937
"Croyle township, Cambria County, Pennsylvania",7.6,3.0,59514.0,14114.0,42,021,17496,Croyle,Cambria County,Township,Croyle,7.6,3.0,59514.0,14114.0,45400.0,73628.0,937
"Archbald borough, Lackawanna County, Pennsylvania",7.6,4.3,71936.0,17113.0,42,069,02832,Archbald,Lackawanna County,Borough,Archbald,7.6,4.3,71936.0,17113.0,54823.0,89049.0,937
"Glenolden borough, Delaware County, Pennsylvania",7.6,3.4,72786.0,11831.0,42,045,29720,Glenolden,Delaware County,Borough,Glenolden,7.6,3.4,72786.0,11831.0,60955.0,84617.0,937
"Earl township, Lancaster County, Pennsylvania",7.6,3.5,83793.0,11712.0,42,071,20688,Earl,Lancaster County,Township,Earl,7.6,3.5,83793.0,11712.0,72081.0,95505.0,937
"Tobyhanna township, Monroe County, Pennsylvania",7.6,3.3,90064.0,36715.0,42,089,76960,Tobyhanna,Monroe County,Township,Tobyhanna,7.6,3.3,90064.0,36715.0,53349.0,126779.0,937
"Corydon township, McKean County, Pennsylvania",7.6,8.0,68750.0,10820.0,42,083,16352,Corydon,McKean County,Township,Corydon,7.6,8.0,68750.0,10820.0,57930.0,79570.0,937
"Moreland township, Lycoming County, Pennsylvania",7.6,4.1,95147.0,19413.0,42,081,50936,Moreland,Lycoming County,Township,Moreland,7.6,4.1,95147.0,19413.0,75734.0,114560.0,937
"Quakertown borough, Bucks County, Pennsylvania",7.6,2.9,85959.0,11322.0,42,017,63048,Quakertown,Bucks County,Borough,Quakertown,7.6,2.9,85959.0,11322.0,74637.0,97281.0,937
"Ogle township, Somerset County, Pennsylvania",7.6,6.5,110250.0,43498.0,42,111,56352,Ogle,Somerset County,Township,Ogle,7.6,6.5,110250.0,43498.0,66752.0,153748.0,937
"Swatara township, Dauphin County, Pennsylvania",7.5,2.3,80444.0,8357.0,42,043,75672,Swatara,Dauphin County,Township,Swatara,7.5,2.3,80444.0,8357.0,72087.0,88801.0,950
"Richmond township, Tioga County, Pennsylvania",7.5,3.9,71667.0,14211.0,42,117,64624,Richmond,Tioga County,Township,Richmond,7.5,3.9,71667.0,14211.0,57456.0,85878.0,950
"Mill Creek township, Lycoming County, Pennsylvania",7.5,6.1,97813.0,29700.0,42,081,49568,Mill Creek,Lycoming County,Township,Mill Creek,7.5,6.1,97813.0,29700.0,68113.0,127513.0,950
"Gilpin township, Armstrong County, Pennsylvania",7.5,5.6,72614.0,14771.0,42,005,29184,Gilpin,Armstrong County,Township,Gilpin,7.5,5.6,72614.0,14771.0,57843.0,87385.0,950
"Elizabethtown borough, Lancaster County, Pennsylvania",7.5,3.1,76105.0,9005.0,42,071,23016,Elizabethtown,Lancaster County,Borough,Elizabethtown,7.5,3.1,76105.0,9005.0,67100.0,85110.0,950
"West Wheatfield township, Indiana County, Pennsylvania",7.5,5.7,72500.0,16932.0,42,063,84184,West Wheatfield,Indiana County,Township,West Wheatfield,7.5,5.7,72500.0,16932.0,55568.0,89432.0,950
"Buffalo township, Perry County, Pennsylvania",7.5,4.1,83036.0,13439.0,42,099,10008,Buffalo,Perry County,Township,Buffalo,7.5,4.1,83036.0,13439.0,69597.0,96475.0,950
"Bethlehem city, Northampton County, Pennsylvania",7.5,1.1,65874.0,4742.0,42,095,06088,Bethlehem,Northampton County,City,Bethlehem City,7.5,1.1,65874.0,4742.0,61132.0,70616.0,950
"Juniata township, Huntingdon County, Pennsylvania",7.5,4.3,72188.0,13747.0,42,061,38608,Juniata,Huntingdon County,Township,Juniata,7.5,4.3,72188.0,13747.0,58441.0,85935.0,950
"Washington township, Jefferson County, Pennsylvania",7.5,4.8,69464.0,14800.0,42,065,81264,Washington,Jefferson County,Township,Washington,7.5,4.8,69464.0,14800.0,54664.0,84264.0,950
"Arendtsville borough, Adams County, Pennsylvania",7.5,6.5,99375.0,33983.0,42,001,02928,Arendtsville,Adams County,Borough,Arendtsville,7.5,6.5,99375.0,33983.0,65392.0,133358.0,950
"Winterstown borough, York County, Pennsylvania",7.5,5.2,62500.0,11964.0,42,133,85872,Winterstown,York County,Borough,Winterstown,7.5,5.2,62500.0,11964.0,50536.0,74464.0,950
"Gallitzin township, Cambria County, Pennsylvania",7.5,3.6,98750.0,14450.0,42,021,28336,Gallitzin,Cambria County,Township,Gallitzin Township,7.5,3.6,98750.0,14450.0,84300.0,113200.0,950
"Union township, Mifflin County, Pennsylvania",7.5,4.4,64615.0,5886.0,42,087,78392,Union,Mifflin County,Township,Union,7.5,4.4,64615.0,5886.0,58729.0,70501.0,950
"Liberty township, Centre County, Pennsylvania",7.5,6.9,75766.0,9658.0,42,027,43080,Liberty,Centre County,Township,Liberty,7.5,6.9,75766.0,9658.0,66108.0,85424.0,950
"Mars borough, Butler County, Pennsylvania",7.5,4.9,50938.0,26791.0,42,019,47672,Mars,Butler County,Borough,Mars,7.5,4.9,50938.0,26791.0,24147.0,77729.0,950
"Macungie borough, Lehigh County, Pennsylvania",7.4,4.3,75677.0,21115.0,42,077,46392,Macungie,Lehigh County,Borough,Macungie,7.4,4.3,75677.0,21115.0,54562.0,96792.0,966
"Conyngham borough, Luzerne County, Pennsylvania",7.4,4.9,69737.0,27220.0,42,079,15888,Conyngham,Luzerne County,Borough,Conyngham Borough,7.4,4.9,69737.0,27220.0,42517.0,96957.0,966
"Hughestown borough, Luzerne County, Pennsylvania",7.4,3.5,84091.0,18764.0,42,079,36152,Hughestown,Luzerne County,Borough,Hughestown,7.4,3.5,84091.0,18764.0,65327.0,102855.0,966
"Butler township, Butler County, Pennsylvania",7.4,2.2,77381.0,6081.0,42,019,10472,Butler,Butler County,Township,Butler Township,7.4,2.2,77381.0,6081.0,71300.0,83462.0,966
"Baldwin borough, Allegheny County, Pennsylvania",7.4,1.8,80983.0,7079.0,42,003,03928,Baldwin,Allegheny County,Borough,Baldwin Borough,7.4,1.8,80983.0,7079.0,73904.0,88062.0,966
"Clinton township, Butler County, Pennsylvania",7.4,3.0,84839.0,13603.0,42,019,14320,Clinton,Butler County,Township,Clinton,7.4,3.0,84839.0,13603.0,71236.0,98442.0,966
"Longswamp township, Berks County, Pennsylvania",7.4,3.3,81948.0,5692.0,42,011,44584,Longswamp,Berks County,Township,Longswamp,7.4,3.3,81948.0,5692.0,76256.0,87640.0,966
"Morton borough, Delaware County, Pennsylvania",7.4,4.2,61563.0,16035.0,42,045,51176,Morton,Delaware County,Borough,Morton,7.4,4.2,61563.0,16035.0,45528.0,77598.0,966
"Glen Hope borough, Clearfield County, Pennsylvania",7.4,7.1,68750.0,37229.0,42,033,29632,Glen Hope,Clearfield County,Borough,Glen Hope,7.4,7.1,68750.0,37229.0,31521.0,105979.0,966
"Chapman borough, Northampton County, Pennsylvania",7.4,11.2,73125.0,25290.0,42,095,12656,Chapman,Northampton County,Borough,Chapman,7.4,11.2,73125.0,25290.0,47835.0,98415.0,966
"Brookhaven borough, Delaware County, Pennsylvania",7.4,2.8,91042.0,18155.0,42,045,09080,Brookhaven,Delaware County,Borough,Brookhaven,7.4,2.8,91042.0,18155.0,72887.0,109197.0,966
"Norwegian township, Schuylkill County, Pennsylvania",7.4,4.8,85272.0,32519.0,42,107,55624,Norwegian,Schuylkill County,Township,Norwegian,7.4,4.8,85272.0,32519.0,52753.0,117791.0,966
"Clinton township, Lycoming County, Pennsylvania",7.4,5.0,74063.0,11667.0,42,081,14336,Clinton,Lycoming County,Township,Clinton,7.4,5.0,74063.0,11667.0,62396.0,85730.0,966
"Tyrone township, Blair County, Pennsylvania",7.4,3.7,91667.0,9482.0,42,013,78176,Tyrone,Blair County,Township,Tyrone Township,7.4,3.7,91667.0,9482.0,82185.0,101149.0,966
"Jackson township, Mercer County, Pennsylvania",7.4,2.9,75515.0,6353.0,42,085,37416,Jackson,Mercer County,Township,Jackson,7.4,2.9,75515.0,6353.0,69162.0,81868.0,966
"Hop Bottom borough, Susquehanna County, Pennsylvania",7.4,6.5,66875.0,15586.0,42,115,35624,Hop Bottom,Susquehanna County,Borough,Hop Bottom,7.4,6.5,66875.0,15586.0,51289.0,82461.0,966
"Porter township, Clarion County, Pennsylvania",7.4,4.5,70156.0,12147.0,42,031,62144,Porter,Clarion County,Township,Porter,7.4,4.5,70156.0,12147.0,58009.0,82303.0,966
"Fox township, Elk County, Pennsylvania",7.4,5.6,74934.0,19982.0,42,047,27088,Fox,Elk County,Township,Fox,7.4,5.6,74934.0,19982.0,54952.0,94916.0,966
"Perry township, Jefferson County, Pennsylvania",7.4,4.1,72426.0,15153.0,42,065,59480,Perry,Jefferson County,Township,Perry,7.4,4.1,72426.0,15153.0,57273.0,87579.0,966
"East Bethlehem township, Washington County, Pennsylvania",7.4,5.9,68438.0,26202.0,42,125,20808,East Bethlehem,Washington County,Township,East Bethlehem,7.4,5.9,68438.0,26202.0,42236.0,94640.0,966
"Centerville borough, Washington County, Pennsylvania",7.4,4.2,71250.0,14486.0,42,125,12224,Centerville,Washington County,Borough,Centerville,7.4,4.2,71250.0,14486.0,56764.0,85736.0,966
"Black Creek township, Luzerne County, Pennsylvania",7.4,4.2,90368.0,18093.0,42,079,06672,Black Creek,Luzerne County,Township,Black Creek,7.4,4.2,90368.0,18093.0,72275.0,108461.0,966
"La Plume township, Lackawanna County, Pennsylvania",7.4,8.4,36932.0,18696.0,42,069,41504,La Plume,Lackawanna County,Township,La Plume,7.4,8.4,36932.0,18696.0,18236.0,55628.0,966
"New Alexandria borough, Westmoreland County, Pennsylvania",7.3,5.1,76250.0,18130.0,42,129,53160,New Alexandria,Westmoreland County,Borough,New Alexandria,7.3,5.1,76250.0,18130.0,58120.0,94380.0,989
"Woodward township, Clinton County, Pennsylvania",7.3,4.2,86083.0,9163.0,42,035,86448,Woodward,Clinton County,Township,Woodward,7.3,4.2,86083.0,9163.0,76920.0,95246.0,989
"Tunkhannock township, Monroe County, Pennsylvania",7.3,4.1,69700.0,8156.0,42,089,77776,Tunkhannock,Monroe County,Township,Tunkhannock,7.3,4.1,69700.0,8156.0,61544.0,77856.0,989
"North Beaver township, Lawrence County, Pennsylvania",7.3,3.7,70828.0,12105.0,42,073,54768,North Beaver,Lawrence County,Township,North Beaver,7.3,3.7,70828.0,12105.0,58723.0,82933.0,989
"Tuscarora township, Bradford County, Pennsylvania",7.3,4.6,95313.0,12511.0,42,015,77936,Tuscarora,Bradford County,Township,Tuscarora,7.3,4.6,95313.0,12511.0,82802.0,107824.0,989
"Monroe township, Juniata County, Pennsylvania",7.3,4.0,67000.0,9535.0,42,067,50480,Monroe,Juniata County,Township,Monroe,7.3,4.0,67000.0,9535.0,57465.0,76535.0,989
"Cogan House township, Lycoming County, Pennsylvania",7.3,4.4,75833.0,26207.0,42,081,14872,Cogan House,Lycoming County,Township,Cogan House,7.3,4.4,75833.0,26207.0,49626.0,102040.0,989
"South Huntingdon township, Westmoreland County, Pennsylvania",7.3,5.6,71425.0,8668.0,42,129,72256,South Huntingdon,Westmoreland County,Township,South Huntingdon,7.3,5.6,71425.0,8668.0,62757.0,80093.0,989
"Springdale borough, Allegheny County, Pennsylvania",7.3,3.4,65893.0,10185.0,42,003,72960,Springdale,Allegheny County,Borough,Springdale Borough,7.3,3.4,65893.0,10185.0,55708.0,76078.0,989
"Somerset township, Washington County, Pennsylvania",7.3,3.2,75500.0,28743.0,42,125,71792,Somerset,Washington County,Township,Somerset,7.3,3.2,75500.0,28743.0,46757.0,104243.0,989
"Wayne township, Greene County, Pennsylvania",7.3,4.9,79375.0,18220.0,42,059,81768,Wayne,Greene County,Township,Wayne,7.3,4.9,79375.0,18220.0,61155.0,97595.0,989
"Wernersville borough, Berks County, Pennsylvania",7.3,3.4,75750.0,27826.0,42,011,82296,Wernersville,Berks County,Borough,Wernersville,7.3,3.4,75750.0,27826.0,47924.0,103576.0,989
"Middle Taylor township, Cambria County, Pennsylvania",7.3,4.8,68281.0,16119.0,42,021,49104,Middle Taylor,Cambria County,Township,Middle Taylor,7.3,4.8,68281.0,16119.0,52162.0,84400.0,989
"Beaver township, Clarion County, Pennsylvania",7.2,6.0,63594.0,10674.0,42,031,04696,Beaver,Clarion County,Township,Beaver,7.2,6.0,63594.0,10674.0,52920.0,74268.0,1002
"Worth township, Centre County, Pennsylvania",7.2,3.6,76250.0,14606.0,42,027,86544,Worth,Centre County,Township,Worth,7.2,3.6,76250.0,14606.0,61644.0,90856.0,1002
"Porter township, Lycoming County, Pennsylvania",7.2,6.2,73920.0,16714.0,42,081,62184,Porter,Lycoming County,Township,Porter,7.2,6.2,73920.0,16714.0,57206.0,90634.0,1002
"Dormont borough, Allegheny County, Pennsylvania",7.2,2.3,80526.0,3351.0,42,003,19576,Dormont,Allegheny County,Borough,Dormont,7.2,2.3,80526.0,3351.0,77175.0,83877.0,1002
"Greensburg city, Westmoreland County, Pennsylvania",7.2,2.6,64914.0,5686.0,42,129,31200,Greensburg,Westmoreland County,City,Greensburg,7.2,2.6,64914.0,5686.0,59228.0,70600.0,1002
"Fairfield township, Westmoreland County, Pennsylvania",7.2,5.9,70815.0,14851.0,42,129,24608,Fairfield,Westmoreland County,Township,Fairfield,7.2,5.9,70815.0,14851.0,55964.0,85666.0,1002
"Venango township, Crawford County, Pennsylvania",7.2,3.5,82143.0,14964.0,42,039,79920,Venango,Crawford County,Township,Venango Township,7.2,3.5,82143.0,14964.0,67179.0,97107.0,1002
"Metal township, Franklin County, Pennsylvania",7.2,4.3,79750.0,8731.0,42,055,48888,Metal,Franklin County,Township,Metal,7.2,4.3,79750.0,8731.0,71019.0,88481.0,1002
"Columbus township, Warren County, Pennsylvania",7.2,5.4,73417.0,13895.0,42,123,15408,Columbus,Warren County,Township,Columbus,7.2,5.4,73417.0,13895.0,59522.0,87312.0,1002
"Braintrim township, Wyoming County, Pennsylvania",7.2,5.4,72344.0,9728.0,42,131,08176,Braintrim,Wyoming County,Township,Braintrim,7.2,5.4,72344.0,9728.0,62616.0,82072.0,1002
"Washington township, Schuylkill County, Pennsylvania",7.2,4.2,89306.0,14397.0,42,107,81312,Washington,Schuylkill County,Township,Washington,7.2,4.2,89306.0,14397.0,74909.0,103703.0,1002
"Port Clinton borough, Schuylkill County, Pennsylvania",7.2,7.8,61563.0,31269.0,42,107,62136,Port Clinton,Schuylkill County,Borough,Port Clinton,7.2,7.8,61563.0,31269.0,30294.0,92832.0,1002
"New Vernon township, Mercer County, Pennsylvania",7.2,5.7,68250.0,12848.0,42,085,54304,New Vernon,Mercer County,Township,New Vernon,7.2,5.7,68250.0,12848.0,55402.0,81098.0,1002
"Richlandtown borough, Bucks County, Pennsylvania",7.2,5.2,74439.0,17812.0,42,017,64584,Richlandtown,Bucks County,Borough,Richlandtown,7.2,5.2,74439.0,17812.0,56627.0,92251.0,1002
"Jeddo borough, Luzerne County, Pennsylvania",7.2,10.8,65903.0,22656.0,42,079,37792,Jeddo,Luzerne County,Borough,Jeddo,7.2,10.8,65903.0,22656.0,43247.0,88559.0,1002
"Bethlehem city, Lehigh County, Pennsylvania",7.1,1.6,75411.0,7308.0,42,077,06088,Bethlehem,Lehigh County,City,Bethlehem,7.1,1.6,75411.0,7308.0,68103.0,82719.0,1017
"West Pittston borough, Luzerne County, Pennsylvania",7.1,3.9,63706.0,8976.0,42,079,83856,West Pittston,Luzerne County,Borough,West Pittston,7.1,3.9,63706.0,8976.0,54730.0,72682.0,1017
"Drumore township, Lancaster County, Pennsylvania",7.1,3.9,82969.0,24704.0,42,071,20032,Drumore,Lancaster County,Township,Drumore,7.1,3.9,82969.0,24704.0,58265.0,107673.0,1017
"Kingston borough, Luzerne County, Pennsylvania",7.1,2.1,55347.0,8660.0,42,079,39784,Kingston,Luzerne County,Borough,Kingston Borough,7.1,2.1,55347.0,8660.0,46687.0,64007.0,1017
"Twilight borough, Washington County, Pennsylvania",7.1,7.8,98750.0,58773.0,42,125,78008,Twilight,Washington County,Borough,Twilight,7.1,7.8,98750.0,58773.0,39977.0,157523.0,1017
"Dunmore borough, Lackawanna County, Pennsylvania",7.1,2.2,71302.0,7081.0,42,069,20352,Dunmore,Lackawanna County,Borough,Dunmore,7.1,2.2,71302.0,7081.0,64221.0,78383.0,1017
"Jones township, Elk County, Pennsylvania",7.1,4.4,67500.0,5548.0,42,047,38368,Jones,Elk County,Township,Jones,7.1,4.4,67500.0,5548.0,61952.0,73048.0,1017
"Colebrookdale township, Berks County, Pennsylvania",7.1,3.6,90378.0,9179.0,42,011,14984,Colebrookdale,Berks County,Township,Colebrookdale,7.1,3.6,90378.0,9179.0,81199.0,99557.0,1017
"Guilford township, Franklin County, Pennsylvania",7.1,2.0,78389.0,7278.0,42,055,31720,Guilford,Franklin County,Township,Guilford,7.1,2.0,78389.0,7278.0,71111.0,85667.0,1017
"Wolf Creek township, Mercer County, Pennsylvania",7.1,5.4,67011.0,7345.0,42,085,85992,Wolf Creek,Mercer County,Township,Wolf Creek,7.1,5.4,67011.0,7345.0,59666.0,74356.0,1017
"Union township, Erie County, Pennsylvania",7.1,4.3,81326.0,11650.0,42,049,78312,Union,Erie County,Township,Union Township,7.1,4.3,81326.0,11650.0,69676.0,92976.0,1017
"Mountville borough, Lancaster County, Pennsylvania",7.1,4.9,97206.0,22241.0,42,071,52016,Mountville,Lancaster County,Borough,Mountville,7.1,4.9,97206.0,22241.0,74965.0,119447.0,1017
"Newport borough, Perry County, Pennsylvania",7.1,4.8,62944.0,5968.0,42,099,53968,Newport,Perry County,Borough,Newport,7.1,4.8,62944.0,5968.0,56976.0,68912.0,1017
"Marion township, Centre County, Pennsylvania",7.1,5.1,67405.0,37711.0,42,027,47456,Marion,Centre County,Township,Marion,7.1,5.1,67405.0,37711.0,29694.0,105116.0,1017
"Barree township, Huntingdon County, Pennsylvania",7.1,4.2,84148.0,1973.0,42,061,04288,Barree,Huntingdon County,Township,Barree,7.1,4.2,84148.0,1973.0,82175.0,86121.0,1017
"St. Thomas township, Franklin County, Pennsylvania",7.1,5.1,73642.0,13888.0,42,055,67400,St. Thomas,Franklin County,Township,St. Thomas,7.1,5.1,73642.0,13888.0,59754.0,87530.0,1017
"Pleasantville borough, Venango County, Pennsylvania",7.0,4.4,50972.0,9587.0,42,121,61512,Pleasantville,Venango County,Borough,Pleasantville,7.0,4.4,50972.0,9587.0,41385.0,60559.0,1033
"Oregon township, Wayne County, Pennsylvania",7.0,3.7,75625.0,15429.0,42,127,57000,Oregon,Wayne County,Township,Oregon,7.0,3.7,75625.0,15429.0,60196.0,91054.0,1033
"Bolivar borough, Westmoreland County, Pennsylvania",7.0,6.2,64583.0,17388.0,42,129,07480,Bolivar,Westmoreland County,Borough,Bolivar,7.0,6.2,64583.0,17388.0,47195.0,81971.0,1033
"Delaware township, Juniata County, Pennsylvania",7.0,3.9,80833.0,16334.0,42,067,18680,Delaware,Juniata County,Township,Delaware,7.0,3.9,80833.0,16334.0,64499.0,97167.0,1033
"Franklin township, Adams County, Pennsylvania",7.0,4.8,100475.0,15491.0,42,001,27320,Franklin,Adams County,Township,Franklin,7.0,4.8,100475.0,15491.0,84984.0,115966.0,1033
"Ross township, Luzerne County, Pennsylvania",7.0,4.8,87697.0,9400.0,42,079,66272,Ross,Luzerne County,Township,Ross,7.0,4.8,87697.0,9400.0,78297.0,97097.0,1033
"Jim Thorpe borough, Carbon County, Pennsylvania",7.0,6.0,72904.0,15291.0,42,025,38200,Jim Thorpe,Carbon County,Borough,Jim Thorpe,7.0,6.0,72904.0,15291.0,57613.0,88195.0,1033
"Peters township, Franklin County, Pennsylvania",7.0,4.4,76829.0,15210.0,42,055,59600,Peters,Franklin County,Township,Peters,7.0,4.4,76829.0,15210.0,61619.0,92039.0,1033
"South Waverly borough, Bradford County, Pennsylvania",7.0,4.7,87813.0,15760.0,42,015,72592,South Waverly,Bradford County,Borough,South Waverly,7.0,4.7,87813.0,15760.0,72053.0,103573.0,1033
"Lemoyne borough, Cumberland County, Pennsylvania",7.0,3.9,62086.0,12040.0,42,041,42648,Lemoyne,Cumberland County,Borough,Lemoyne,7.0,3.9,62086.0,12040.0,50046.0,74126.0,1033
"Upper Frankford township, Cumberland County, Pennsylvania",7.0,4.3,77862.0,9240.0,42,041,79032,Upper Frankford,Cumberland County,Township,Upper Frankford,7.0,4.3,77862.0,9240.0,68622.0,87102.0,1033
"New Holland borough, Lancaster County, Pennsylvania",7.0,3.5,63182.0,12710.0,42,071,53696,New Holland,Lancaster County,Borough,New Holland,7.0,3.5,63182.0,12710.0,50472.0,75892.0,1033
"Eagles Mere borough, Sullivan County, Pennsylvania",7.0,7.1,104375.0,23645.0,42,113,20648,Eagles Mere,Sullivan County,Borough,Eagles Mere,7.0,7.1,104375.0,23645.0,80730.0,128020.0,1033
"Redstone township, Fayette County, Pennsylvania",7.0,6.2,59954.0,9076.0,42,051,63904,Redstone,Fayette County,Township,Redstone,7.0,6.2,59954.0,9076.0,50878.0,69030.0,1033
"Fairhope township, Somerset County, Pennsylvania",7.0,8.7,39375.0,23900.0,42,111,24680,Fairhope,Somerset County,Township,Fairhope,7.0,8.7,39375.0,23900.0,15475.0,63275.0,1033
"New Milford borough, Susquehanna County, Pennsylvania",7.0,4.7,56875.0,16152.0,42,115,53880,New Milford,Susquehanna County,Borough,New Milford Borough,7.0,4.7,56875.0,16152.0,40723.0,73027.0,1033
"Darby township, Delaware County, Pennsylvania",7.0,3.3,81458.0,12086.0,42,045,18160,Darby,Delaware County,Township,Darby Township,7.0,3.3,81458.0,12086.0,69372.0,93544.0,1033
"White township, Indiana County, Pennsylvania",7.0,2.2,66186.0,8587.0,42,063,84472,White,Indiana County,Township,White,7.0,2.2,66186.0,8587.0,57599.0,74773.0,1033
"Upper Mahanoy township, Northumberland County, Pennsylvania",7.0,3.5,76806.0,12124.0,42,097,79112,Upper Mahanoy,Northumberland County,Township,Upper Mahanoy,7.0,3.5,76806.0,12124.0,64682.0,88930.0,1033
"Menallen township, Adams County, Pennsylvania",7.0,4.3,86083.0,6872.0,42,001,48608,Menallen,Adams County,Township,Menallen,7.0,4.3,86083.0,6872.0,79211.0,92955.0,1033
"Elmhurst township, Lackawanna County, Pennsylvania",7.0,4.3,79205.0,8211.0,42,069,23336,Elmhurst,Lackawanna County,Township,Elmhurst,7.0,4.3,79205.0,8211.0,70994.0,87416.0,1033
"Briar Creek township, Columbia County, Pennsylvania",6.9,4.1,77333.0,14493.0,42,037,08480,Briar Creek,Columbia County,Township,Briar Creek Township,6.9,4.1,77333.0,14493.0,62840.0,91826.0,1054
"Tyrone township, Perry County, Pennsylvania",6.9,3.1,70347.0,8784.0,42,099,78184,Tyrone,Perry County,Township,Tyrone,6.9,3.1,70347.0,8784.0,61563.0,79131.0,1054
"Crescent township, Allegheny County, Pennsylvania",6.9,2.9,81992.0,8340.0,42,003,17048,Crescent,Allegheny County,Township,Crescent,6.9,2.9,81992.0,8340.0,73652.0,90332.0,1054
"Walker township, Schuylkill County, Pennsylvania",6.9,4.2,88571.0,13055.0,42,107,80576,Walker,Schuylkill County,Township,Walker,6.9,4.2,88571.0,13055.0,75516.0,101626.0,1054
"Keating township, Potter County, Pennsylvania",6.9,4.7,52500.0,14391.0,42,105,38920,Keating,Potter County,Township,Keating,6.9,4.7,52500.0,14391.0,38109.0,66891.0,1054
"Lykens township, Dauphin County, Pennsylvania",6.9,3.4,72679.0,9355.0,42,043,45600,Lykens,Dauphin County,Township,Lykens Township,6.9,3.4,72679.0,9355.0,63324.0,82034.0,1054
"Oakland borough, Susquehanna County, Pennsylvania",6.9,5.4,54625.0,15117.0,42,115,56008,Oakland,Susquehanna County,Borough,Oakland Borough,6.9,5.4,54625.0,15117.0,39508.0,69742.0,1054
"Mount Joy borough, Lancaster County, Pennsylvania",6.9,3.2,90061.0,7177.0,42,071,51656,Mount Joy,Lancaster County,Borough,Mount Joy Borough,6.9,3.2,90061.0,7177.0,82884.0,97238.0,1054
"Oliver township, Jefferson County, Pennsylvania",6.9,3.4,67440.0,12383.0,42,065,56712,Oliver,Jefferson County,Township,Oliver,6.9,3.4,67440.0,12383.0,55057.0,79823.0,1054
"Limestone township, Union County, Pennsylvania",6.9,3.1,88281.0,15375.0,42,119,43368,Limestone,Union County,Township,Limestone,6.9,3.1,88281.0,15375.0,72906.0,103656.0,1054
"Great Bend township, Susquehanna County, Pennsylvania",6.9,2.9,81016.0,12882.0,42,115,30736,Great Bend,Susquehanna County,Township,Great Bend Township,6.9,2.9,81016.0,12882.0,68134.0,93898.0,1054
"Jonestown borough, Lebanon County, Pennsylvania",6.9,4.1,89000.0,20385.0,42,075,38400,Jonestown,Lebanon County,Borough,Jonestown,6.9,4.1,89000.0,20385.0,68615.0,109385.0,1054
"Hopewell township, Washington County, Pennsylvania",6.9,3.7,74375.0,14114.0,42,125,35696,Hopewell,Washington County,Township,Hopewell,6.9,3.7,74375.0,14114.0,60261.0,88489.0,1054
"Coalmont borough, Huntingdon County, Pennsylvania",6.9,15.2,38750.0,22445.0,42,061,14640,Coalmont,Huntingdon County,Borough,Coalmont,6.9,15.2,38750.0,22445.0,16305.0,61195.0,1054
"Preston township, Wayne County, Pennsylvania",6.9,3.4,71250.0,24645.0,42,127,62600,Preston,Wayne County,Township,Preston,6.9,3.4,71250.0,24645.0,46605.0,95895.0,1054
"Dillsburg borough, York County, Pennsylvania",6.8,3.7,84102.0,5929.0,42,133,19208,Dillsburg,York County,Borough,Dillsburg,6.8,3.7,84102.0,5929.0,78173.0,90031.0,1069
"Delmont borough, Westmoreland County, Pennsylvania",6.8,4.1,56806.0,22992.0,42,129,18768,Delmont,Westmoreland County,Borough,Delmont,6.8,4.1,56806.0,22992.0,33814.0,79798.0,1069
"Hanover township, Washington County, Pennsylvania",6.8,3.4,81875.0,14909.0,42,125,32440,Hanover,Washington County,Township,Hanover,6.8,3.4,81875.0,14909.0,66966.0,96784.0,1069
"Leetsdale borough, Allegheny County, Pennsylvania",6.8,5.6,66346.0,17925.0,42,003,42392,Leetsdale,Allegheny County,Borough,Leetsdale,6.8,5.6,66346.0,17925.0,48421.0,84271.0,1069
"Wysox township, Bradford County, Pennsylvania",6.8,3.2,60357.0,22666.0,42,015,86912,Wysox,Bradford County,Township,Wysox,6.8,3.2,60357.0,22666.0,37691.0,83023.0,1069
"Hepburn township, Lycoming County, Pennsylvania",6.8,3.5,81488.0,25662.0,42,081,33944,Hepburn,Lycoming County,Township,Hepburn,6.8,3.5,81488.0,25662.0,55826.0,107150.0,1069
"Jenkins township, Luzerne County, Pennsylvania",6.8,4.2,54878.0,13277.0,42,079,37984,Jenkins,Luzerne County,Township,Jenkins,6.8,4.2,54878.0,13277.0,41601.0,68155.0,1069
"Connoquenessing township, Butler County, Pennsylvania",6.8,4.5,85369.0,17570.0,42,019,15816,Connoquenessing,Butler County,Township,Connoquenessing Township,6.8,4.5,85369.0,17570.0,67799.0,102939.0,1069
"Brookfield township, Tioga County, Pennsylvania",6.8,5.7,50417.0,18277.0,42,117,09072,Brookfield,Tioga County,Township,Brookfield,6.8,5.7,50417.0,18277.0,32140.0,68694.0,1069
"Kiskiminetas township, Armstrong County, Pennsylvania",6.8,3.5,64896.0,22547.0,42,005,39968,Kiskiminetas,Armstrong County,Township,Kiskiminetas,6.8,3.5,64896.0,22547.0,42349.0,87443.0,1069
"Greenwood township, Perry County, Pennsylvania",6.8,3.8,90250.0,14209.0,42,099,31440,Greenwood,Perry County,Township,Greenwood,6.8,3.8,90250.0,14209.0,76041.0,104459.0,1069
"Cambria township, Cambria County, Pennsylvania",6.8,5.6,72822.0,13986.0,42,021,10880,Cambria,Cambria County,Township,Cambria,6.8,5.6,72822.0,13986.0,58836.0,86808.0,1069
"Grampian borough, Clearfield County, Pennsylvania",6.8,6.8,40000.0,36409.0,42,033,30280,Grampian,Clearfield County,Borough,Grampian,6.8,6.8,40000.0,36409.0,3591.0,76409.0,1069
"Paradise township, York County, Pennsylvania",6.7,3.4,79152.0,7736.0,42,133,57872,Paradise,York County,Township,Paradise,6.7,3.4,79152.0,7736.0,71416.0,86888.0,1082
"North Woodbury township, Blair County, Pennsylvania",6.7,3.7,69539.0,11569.0,42,013,55592,North Woodbury,Blair County,Township,North Woodbury,6.7,3.7,69539.0,11569.0,57970.0,81108.0,1082
"Franklin township, Erie County, Pennsylvania",6.7,3.1,101750.0,14313.0,42,049,27392,Franklin,Erie County,Township,Franklin,6.7,3.1,101750.0,14313.0,87437.0,116063.0,1082
"Millersville borough, Lancaster County, Pennsylvania",6.7,2.8,67866.0,9249.0,42,071,49728,Millersville,Lancaster County,Borough,Millersville,6.7,2.8,67866.0,9249.0,58617.0,77115.0,1082
"Logan township, Blair County, Pennsylvania",6.7,2.1,73333.0,6222.0,42,013,44328,Logan,Blair County,Township,Logan,6.7,2.1,73333.0,6222.0,67111.0,79555.0,1082
"Kittanning borough, Armstrong County, Pennsylvania",6.7,3.5,51711.0,12955.0,42,005,40040,Kittanning,Armstrong County,Borough,Kittanning Borough,6.7,3.5,51711.0,12955.0,38756.0,64666.0,1082
"Asylum township, Bradford County, Pennsylvania",6.7,4.7,73382.0,15801.0,42,015,03360,Asylum,Bradford County,Township,Asylum,6.7,4.7,73382.0,15801.0,57581.0,89183.0,1082
"Tunkhannock borough, Wyoming County, Pennsylvania",6.7,3.7,57546.0,9969.0,42,131,77784,Tunkhannock,Wyoming County,Borough,Tunkhannock Borough,6.7,3.7,57546.0,9969.0,47577.0,67515.0,1082
"Spring township, Perry County, Pennsylvania",6.7,3.8,81528.0,13931.0,42,099,72848,Spring,Perry County,Township,Spring,6.7,3.8,81528.0,13931.0,67597.0,95459.0,1082
"Herndon borough, Northumberland County, Pennsylvania",6.7,6.7,75000.0,16393.0,42,097,34080,Herndon,Northumberland County,Borough,Herndon,6.7,6.7,75000.0,16393.0,58607.0,91393.0,1082
"Brady township, Clarion County, Pennsylvania",6.7,9.7,66250.0,15327.0,42,031,08112,Brady,Clarion County,Township,Brady,6.7,9.7,66250.0,15327.0,50923.0,81577.0,1082
"Donegal township, Butler County, Pennsylvania",6.7,3.7,79519.0,14524.0,42,019,19456,Donegal,Butler County,Township,Donegal,6.7,3.7,79519.0,14524.0,64995.0,94043.0,1082
"Scott township, Lawrence County, Pennsylvania",6.7,2.7,83602.0,4516.0,42,073,68408,Scott,Lawrence County,Township,Scott,6.7,2.7,83602.0,4516.0,79086.0,88118.0,1082
"Franklin township, Greene County, Pennsylvania",6.7,3.3,68482.0,10295.0,42,059,27408,Franklin,Greene County,Township,Franklin,6.7,3.3,68482.0,10295.0,58187.0,78777.0,1082
"East Greenville borough, Montgomery County, Pennsylvania",6.7,3.8,87396.0,17624.0,42,091,21200,East Greenville,Montgomery County,Borough,East Greenville,6.7,3.8,87396.0,17624.0,69772.0,105020.0,1082
"Penn township, Cumberland County, Pennsylvania",6.7,4.0,80500.0,7758.0,42,041,58824,Penn,Cumberland County,Township,Penn,6.7,4.0,80500.0,7758.0,72742.0,88258.0,1082
"Victory township, Venango County, Pennsylvania",6.7,4.6,73000.0,14050.0,42,121,80168,Victory,Venango County,Township,Victory,6.7,4.6,73000.0,14050.0,58950.0,87050.0,1082
"Lower Burrell city, Westmoreland County, Pennsylvania",6.7,3.0,84602.0,7812.0,42,129,44864,Lower Burrell,Westmoreland County,City,Lower Burrell,6.7,3.0,84602.0,7812.0,76790.0,92414.0,1082
"Berlin township, Wayne County, Pennsylvania",6.7,3.0,68494.0,11026.0,42,127,05784,Berlin,Wayne County,Township,Berlin,6.7,3.0,68494.0,11026.0,57468.0,79520.0,1082
"Dover borough, York County, Pennsylvania",6.6,4.9,75347.0,11308.0,42,133,19696,Dover,York County,Borough,Dover Borough,6.6,4.9,75347.0,11308.0,64039.0,86655.0,1101
"Huntington township, Luzerne County, Pennsylvania",6.6,4.3,62212.0,10676.0,42,079,36432,Huntington,Luzerne County,Township,Huntington,6.6,4.3,62212.0,10676.0,51536.0,72888.0,1101
"New Beaver borough, Lawrence County, Pennsylvania",6.6,2.4,61417.0,7140.0,42,073,53184,New Beaver,Lawrence County,Borough,New Beaver,6.6,2.4,61417.0,7140.0,54277.0,68557.0,1101
"Perry township, Lawrence County, Pennsylvania",6.6,3.1,86576.0,7822.0,42,073,59488,Perry,Lawrence County,Township,Perry,6.6,3.1,86576.0,7822.0,78754.0,94398.0,1101
"Gaines township, Tioga County, Pennsylvania",6.6,4.3,53281.0,19605.0,42,117,28264,Gaines,Tioga County,Township,Gaines,6.6,4.3,53281.0,19605.0,33676.0,72886.0,1101
"Franklin township, Susquehanna County, Pennsylvania",6.6,3.9,72250.0,17910.0,42,115,27448,Franklin,Susquehanna County,Township,Franklin,6.6,3.9,72250.0,17910.0,54340.0,90160.0,1101
"Hallstead borough, Susquehanna County, Pennsylvania",6.6,4.3,50833.0,11585.0,42,115,32080,Hallstead,Susquehanna County,Borough,Hallstead,6.6,4.3,50833.0,11585.0,39248.0,62418.0,1101
"South Newton township, Cumberland County, Pennsylvania",6.6,3.2,78167.0,11982.0,42,041,72384,South Newton,Cumberland County,Township,South Newton,6.6,3.2,78167.0,11982.0,66185.0,90149.0,1101
"Washingtonville borough, Montour County, Pennsylvania",6.6,10.6,55909.0,39575.0,42,093,81424,Washingtonville,Montour County,Borough,Washingtonville,6.6,10.6,55909.0,39575.0,16334.0,95484.0,1101
"Southmont borough, Cambria County, Pennsylvania",6.6,4.2,73400.0,14302.0,42,021,72344,Southmont,Cambria County,Borough,Southmont,6.6,4.2,73400.0,14302.0,59098.0,87702.0,1101
"Summit township, Erie County, Pennsylvania",6.6,3.4,73553.0,6154.0,42,049,75208,Summit,Erie County,Township,Summit,6.6,3.4,73553.0,6154.0,67399.0,79707.0,1101
"Black township, Somerset County, Pennsylvania",6.6,3.8,70536.0,8424.0,42,111,06640,Black,Somerset County,Township,Black,6.6,3.8,70536.0,8424.0,62112.0,78960.0,1101
"Greene township, Clinton County, Pennsylvania",6.6,2.9,73517.0,4795.0,42,035,30928,Greene,Clinton County,Township,Greene,6.6,2.9,73517.0,4795.0,68722.0,78312.0,1101
"Lower Chichester township, Delaware County, Pennsylvania",6.5,6.4,82589.0,13632.0,42,045,44888,Lower Chichester,Delaware County,Township,Lower Chichester,6.5,6.4,82589.0,13632.0,68957.0,96221.0,1114
"Carroll township, Perry County, Pennsylvania",6.5,5.0,78672.0,14778.0,42,099,11416,Carroll,Perry County,Township,Carroll,6.5,5.0,78672.0,14778.0,63894.0,93450.0,1114
"Liverpool borough, Perry County, Pennsylvania",6.5,3.5,59539.0,17602.0,42,099,43968,Liverpool,Perry County,Borough,Liverpool Borough,6.5,3.5,59539.0,17602.0,41937.0,77141.0,1114
"East Petersburg borough, Lancaster County, Pennsylvania",6.5,5.5,91930.0,8775.0,42,071,21688,East Petersburg,Lancaster County,Borough,East Petersburg,6.5,5.5,91930.0,8775.0,83155.0,100705.0,1114
"Knox township, Clarion County, Pennsylvania",6.5,3.3,86250.0,20790.0,42,031,40288,Knox,Clarion County,Township,Knox Township,6.5,3.3,86250.0,20790.0,65460.0,107040.0,1114
"Biglerville borough, Adams County, Pennsylvania",6.5,4.4,52407.0,9672.0,42,001,06296,Biglerville,Adams County,Borough,Biglerville,6.5,4.4,52407.0,9672.0,42735.0,62079.0,1114
"Slippery Rock township, Lawrence County, Pennsylvania",6.5,4.0,78583.0,23053.0,42,073,71200,Slippery Rock,Lawrence County,Township,Slippery Rock,6.5,4.0,78583.0,23053.0,55530.0,101636.0,1114
"Emmaus borough, Lehigh County, Pennsylvania",6.5,2.8,83917.0,8494.0,42,077,23584,Emmaus,Lehigh County,Borough,Emmaus,6.5,2.8,83917.0,8494.0,75423.0,92411.0,1114
"Vernon township, Crawford County, Pennsylvania",6.5,3.5,76030.0,5138.0,42,039,80000,Vernon,Crawford County,Township,Vernon,6.5,3.5,76030.0,5138.0,70892.0,81168.0,1114
"Quarryville borough, Lancaster County, Pennsylvania",6.5,2.3,79744.0,8114.0,42,071,63064,Quarryville,Lancaster County,Borough,Quarryville,6.5,2.3,79744.0,8114.0,71630.0,87858.0,1114
"Berrysburg borough, Dauphin County, Pennsylvania",6.5,7.7,61964.0,8378.0,42,043,05856,Berrysburg,Dauphin County,Borough,Berrysburg,6.5,7.7,61964.0,8378.0,53586.0,70342.0,1114
"Ford Cliff borough, Armstrong County, Pennsylvania",6.5,7.9,70833.0,12886.0,42,005,26520,Ford Cliff,Armstrong County,Borough,Ford Cliff,6.5,7.9,70833.0,12886.0,57947.0,83719.0,1114
"Fairview township, Butler County, Pennsylvania",6.5,2.6,83438.0,16938.0,42,019,24840,Fairview,Butler County,Township,Fairview Township,6.5,2.6,83438.0,16938.0,66500.0,100376.0,1114
"Sharpsburg borough, Allegheny County, Pennsylvania",6.5,3.8,59228.0,14835.0,42,003,69776,Sharpsburg,Allegheny County,Borough,Sharpsburg,6.5,3.8,59228.0,14835.0,44393.0,74063.0,1114
"Goldsboro borough, York County, Pennsylvania",6.5,3.9,79563.0,6059.0,42,133,30016,Goldsboro,York County,Borough,Goldsboro,6.5,3.9,79563.0,6059.0,73504.0,85622.0,1114
"Thompson borough, Susquehanna County, Pennsylvania",6.5,7.5,58393.0,8886.0,42,115,76496,Thompson,Susquehanna County,Borough,Thompson Borough,6.5,7.5,58393.0,8886.0,49507.0,67279.0,1114
"South Union township, Fayette County, Pennsylvania",6.5,2.6,77708.0,7317.0,42,051,72544,South Union,Fayette County,Township,South Union,6.5,2.6,77708.0,7317.0,70391.0,85025.0,1114
"Rome township, Bradford County, Pennsylvania",6.5,4.9,90769.0,43769.0,42,015,65952,Rome,Bradford County,Township,Rome Township,6.5,4.9,90769.0,43769.0,47000.0,134538.0,1114
"Benton township, Columbia County, Pennsylvania",6.5,3.9,73664.0,5890.0,42,037,05688,Benton,Columbia County,Township,Benton Township,6.5,3.9,73664.0,5890.0,67774.0,79554.0,1114
"Crafton borough, Allegheny County, Pennsylvania",6.4,2.8,64006.0,17005.0,42,003,16848,Crafton,Allegheny County,Borough,Crafton,6.4,2.8,64006.0,17005.0,47001.0,81011.0,1133
"Ransom township, Lackawanna County, Pennsylvania",6.4,2.7,59886.0,11819.0,42,069,63432,Ransom,Lackawanna County,Township,Ransom,6.4,2.7,59886.0,11819.0,48067.0,71705.0,1133
"Monroe township, Clarion County, Pennsylvania",6.4,3.0,67067.0,7228.0,42,031,50464,Monroe,Clarion County,Township,Monroe,6.4,3.0,67067.0,7228.0,59839.0,74295.0,1133
"Coolspring township, Mercer County, Pennsylvania",6.4,3.6,87750.0,18992.0,42,085,15992,Coolspring,Mercer County,Township,Coolspring,6.4,3.6,87750.0,18992.0,68758.0,106742.0,1133
"Washington township, Lycoming County, Pennsylvania",6.4,3.8,76538.0,9250.0,42,081,81288,Washington,Lycoming County,Township,Washington,6.4,3.8,76538.0,9250.0,67288.0,85788.0,1133
"Fallston borough, Beaver County, Pennsylvania",6.4,4.7,73906.0,17896.0,42,007,25152,Fallston,Beaver County,Borough,Fallston,6.4,4.7,73906.0,17896.0,56010.0,91802.0,1133
"Jay township, Elk County, Pennsylvania",6.4,4.1,67036.0,7574.0,42,047,37760,Jay,Elk County,Township,Jay,6.4,4.1,67036.0,7574.0,59462.0,74610.0,1133
"Upper Augusta township, Northumberland County, Pennsylvania",6.4,3.6,68750.0,19555.0,42,097,78744,Upper Augusta,Northumberland County,Township,Upper Augusta,6.4,3.6,68750.0,19555.0,49195.0,88305.0,1133
"Harrison township, Bedford County, Pennsylvania",6.4,5.0,57639.0,12318.0,42,009,32840,Harrison,Bedford County,Township,Harrison,6.4,5.0,57639.0,12318.0,45321.0,69957.0,1133
"Gallagher township, Clinton County, Pennsylvania",6.4,5.6,66406.0,21164.0,42,035,28296,Gallagher,Clinton County,Township,Gallagher,6.4,5.6,66406.0,21164.0,45242.0,87570.0,1133
"Turbett township, Juniata County, Pennsylvania",6.4,3.4,87132.0,6443.0,42,067,77824,Turbett,Juniata County,Township,Turbett,6.4,3.4,87132.0,6443.0,80689.0,93575.0,1133
"East Brady borough, Clarion County, Pennsylvania",6.4,4.0,66250.0,16180.0,42,031,20840,East Brady,Clarion County,Borough,East Brady,6.4,4.0,66250.0,16180.0,50070.0,82430.0,1133
"Olyphant borough, Lackawanna County, Pennsylvania",6.4,4.2,66423.0,10267.0,42,069,56792,Olyphant,Lackawanna County,Borough,Olyphant,6.4,4.2,66423.0,10267.0,56156.0,76690.0,1133
"Bristol borough, Bucks County, Pennsylvania",6.4,2.3,76042.0,22106.0,42,017,08760,Bristol,Bucks County,Borough,Bristol Borough,6.4,2.3,76042.0,22106.0,53936.0,98148.0,1133
"Burrell township, Armstrong County, Pennsylvania",6.4,5.5,53625.0,14931.0,42,005,10344,Burrell,Armstrong County,Township,Burrell,6.4,5.5,53625.0,14931.0,38694.0,68556.0,1133
"Fallowfield township, Washington County, Pennsylvania",6.4,3.5,66802.0,10201.0,42,125,25104,Fallowfield,Washington County,Township,Fallowfield,6.4,3.5,66802.0,10201.0,56601.0,77003.0,1133
"Oklahoma borough, Westmoreland County, Pennsylvania",6.4,4.6,68203.0,14019.0,42,129,56496,Oklahoma,Westmoreland County,Borough,Oklahoma,6.4,4.6,68203.0,14019.0,54184.0,82222.0,1133
"Summit township, Somerset County, Pennsylvania",6.3,3.6,54688.0,13691.0,42,111,75232,Summit,Somerset County,Township,Summit,6.3,3.6,54688.0,13691.0,40997.0,68379.0,1150
"Delta borough, York County, Pennsylvania",6.3,6.2,76000.0,30768.0,42,133,18800,Delta,York County,Borough,Delta,6.3,6.2,76000.0,30768.0,45232.0,106768.0,1150
"Grugan township, Clinton County, Pennsylvania",6.3,18.0,76563.0,5558.0,42,035,31680,Grugan,Clinton County,Township,Grugan,6.3,18.0,76563.0,5558.0,71005.0,82121.0,1150
"South Williamsport borough, Lycoming County, Pennsylvania",6.3,3.4,64583.0,7534.0,42,081,72648,South Williamsport,Lycoming County,Borough,South Williamsport,6.3,3.4,64583.0,7534.0,57049.0,72117.0,1150
"Jefferson township, Dauphin County, Pennsylvania",6.3,3.5,111875.0,15138.0,42,043,37864,Jefferson,Dauphin County,Township,Jefferson,6.3,3.5,111875.0,15138.0,96737.0,127013.0,1150
"Pike township, Potter County, Pennsylvania",6.3,4.1,52500.0,15673.0,42,105,60200,Pike,Potter County,Township,Pike,6.3,4.1,52500.0,15673.0,36827.0,68173.0,1150
"Fairfield township, Crawford County, Pennsylvania",6.3,3.0,69063.0,20571.0,42,039,24568,Fairfield,Crawford County,Township,Fairfield,6.3,3.0,69063.0,20571.0,48492.0,89634.0,1150
"Huston township, Centre County, Pennsylvania",6.3,2.6,81250.0,15690.0,42,027,36504,Huston,Centre County,Township,Huston,6.3,2.6,81250.0,15690.0,65560.0,96940.0,1150
"Young township, Jefferson County, Pennsylvania",6.3,3.3,60795.0,4441.0,42,065,87168,Young,Jefferson County,Township,Young,6.3,3.3,60795.0,4441.0,56354.0,65236.0,1150
"Coraopolis borough, Allegheny County, Pennsylvania",6.3,2.8,63828.0,4381.0,42,003,16144,Coraopolis,Allegheny County,Borough,Coraopolis,6.3,2.8,63828.0,4381.0,59447.0,68209.0,1150
"Coopersburg borough, Lehigh County, Pennsylvania",6.3,3.8,84357.0,24711.0,42,077,16056,Coopersburg,Lehigh County,Borough,Coopersburg,6.3,3.8,84357.0,24711.0,59646.0,109068.0,1150
"Gregg township, Centre County, Pennsylvania",6.3,3.0,67292.0,7753.0,42,027,31472,Gregg,Centre County,Township,Gregg,6.3,3.0,67292.0,7753.0,59539.0,75045.0,1150
"Center township, Greene County, Pennsylvania",6.3,5.5,67500.0,23142.0,42,059,12032,Center,Greene County,Township,Center,6.3,5.5,67500.0,23142.0,44358.0,90642.0,1150
"Miles township, Centre County, Pennsylvania",6.3,3.5,71544.0,6390.0,42,027,49360,Miles,Centre County,Township,Miles,6.3,3.5,71544.0,6390.0,65154.0,77934.0,1150
"Dunnstable township, Clinton County, Pennsylvania",6.3,3.7,82431.0,8288.0,42,035,20408,Dunnstable,Clinton County,Township,Dunnstable,6.3,3.7,82431.0,8288.0,74143.0,90719.0,1150
"North Branch township, Wyoming County, Pennsylvania",6.3,8.2,66458.0,26892.0,42,131,54824,North Branch,Wyoming County,Township,North Branch,6.3,8.2,66458.0,26892.0,39566.0,93350.0,1150
"Tremont borough, Schuylkill County, Pennsylvania",6.2,3.6,77188.0,10472.0,42,107,77392,Tremont,Schuylkill County,Borough,Tremont Borough,6.2,3.6,77188.0,10472.0,66716.0,87660.0,1166
"Springfield township, Mercer County, Pennsylvania",6.2,2.3,76786.0,8073.0,42,085,73080,Springfield,Mercer County,Township,Springfield,6.2,2.3,76786.0,8073.0,68713.0,84859.0,1166
"Bullskin township, Fayette County, Pennsylvania",6.2,2.6,69814.0,8246.0,42,051,10152,Bullskin,Fayette County,Township,Bullskin,6.2,2.6,69814.0,8246.0,61568.0,78060.0,1166
"Montour township, Columbia County, Pennsylvania",6.2,4.5,68203.0,9373.0,42,037,50704,Montour,Columbia County,Township,Montour,6.2,4.5,68203.0,9373.0,58830.0,77576.0,1166
"Fermanagh township, Juniata County, Pennsylvania",6.2,3.1,58444.0,10248.0,42,067,25648,Fermanagh,Juniata County,Township,Fermanagh,6.2,3.1,58444.0,10248.0,48196.0,68692.0,1166
"Beallsville borough, Washington County, Pennsylvania",6.2,5.4,64896.0,24379.0,42,125,04568,Beallsville,Washington County,Borough,Beallsville,6.2,5.4,64896.0,24379.0,40517.0,89275.0,1166
"Laurel Run borough, Luzerne County, Pennsylvania",6.2,5.5,58542.0,17450.0,42,079,41848,Laurel Run,Luzerne County,Borough,Laurel Run,6.2,5.5,58542.0,17450.0,41092.0,75992.0,1166
"Shippensburg borough, Franklin County, Pennsylvania",6.2,7.6,75518.0,3629.0,42,055,70352,Shippensburg,Franklin County,Borough,Shippensburg,6.2,7.6,75518.0,3629.0,71889.0,79147.0,1166
"Girard township, Erie County, Pennsylvania",6.2,4.1,95461.0,16077.0,42,049,29240,Girard,Erie County,Township,Girard Township,6.2,4.1,95461.0,16077.0,79384.0,111538.0,1166
"Laureldale borough, Berks County, Pennsylvania",6.2,3.6,69821.0,17518.0,42,011,41768,Laureldale,Berks County,Borough,Laureldale,6.2,3.6,69821.0,17518.0,52303.0,87339.0,1166
"Modena borough, Chester County, Pennsylvania",6.2,6.1,82895.0,10568.0,42,029,50232,Modena,Chester County,Borough,Modena,6.2,6.1,82895.0,10568.0,72327.0,93463.0,1166
"Marion township, Berks County, Pennsylvania",6.2,2.7,80294.0,14988.0,42,011,47440,Marion,Berks County,Township,Marion,6.2,2.7,80294.0,14988.0,65306.0,95282.0,1166
"Paxtang borough, Dauphin County, Pennsylvania",6.2,2.9,87083.0,16470.0,42,043,58504,Paxtang,Dauphin County,Borough,Paxtang,6.2,2.9,87083.0,16470.0,70613.0,103553.0,1166
"Bowmanstown borough, Carbon County, Pennsylvania",6.2,6.4,68365.0,17340.0,42,025,07880,Bowmanstown,Carbon County,Borough,Bowmanstown,6.2,6.4,68365.0,17340.0,51025.0,85705.0,1166
"Clay township, Lancaster County, Pennsylvania",6.2,3.4,84389.0,10264.0,42,071,13960,Clay,Lancaster County,Township,Clay,6.2,3.4,84389.0,10264.0,74125.0,94653.0,1166
"Franklin township, York County, Pennsylvania",6.2,4.1,85276.0,9830.0,42,133,27480,Franklin,York County,Township,Franklin,6.2,4.1,85276.0,9830.0,75446.0,95106.0,1166
"Woodcock township, Crawford County, Pennsylvania",6.1,2.8,66719.0,13491.0,42,039,86168,Woodcock,Crawford County,Township,Woodcock Township,6.1,2.8,66719.0,13491.0,53228.0,80210.0,1182
"Spring Grove borough, York County, Pennsylvania",6.1,3.4,76620.0,13028.0,42,133,73192,Spring Grove,York County,Borough,Spring Grove,6.1,3.4,76620.0,13028.0,63592.0,89648.0,1182
"Bentleyville borough, Washington County, Pennsylvania",6.1,3.1,51174.0,6071.0,42,125,05672,Bentleyville,Washington County,Borough,Bentleyville,6.1,3.1,51174.0,6071.0,45103.0,57245.0,1182
"East Mahoning township, Indiana County, Pennsylvania",6.1,3.5,71563.0,18755.0,42,063,21456,East Mahoning,Indiana County,Township,East Mahoning,6.1,3.5,71563.0,18755.0,52808.0,90318.0,1182
"Sellersville borough, Bucks County, Pennsylvania",6.1,2.6,95022.0,12532.0,42,017,69248,Sellersville,Bucks County,Borough,Sellersville,6.1,2.6,95022.0,12532.0,82490.0,107554.0,1182
"Allegheny township, Blair County, Pennsylvania",6.1,3.0,58375.0,8971.0,42,013,00852,Allegheny,Blair County,Township,Allegheny,6.1,3.0,58375.0,8971.0,49404.0,67346.0,1182
"Harmony township, Beaver County, Pennsylvania",6.1,4.1,70926.0,10017.0,42,007,32680,Harmony,Beaver County,Township,Harmony,6.1,4.1,70926.0,10017.0,60909.0,80943.0,1182
"Paint township, Clarion County, Pennsylvania",6.1,3.4,62083.0,10846.0,42,031,57536,Paint,Clarion County,Township,Paint,6.1,3.4,62083.0,10846.0,51237.0,72929.0,1182
"Lackawannock township, Mercer County, Pennsylvania",6.1,2.9,57500.0,17290.0,42,085,40760,Lackawannock,Mercer County,Township,Lackawannock,6.1,2.9,57500.0,17290.0,40210.0,74790.0,1182
"Lewisburg borough, Union County, Pennsylvania",6.1,3.1,54767.0,14192.0,42,119,42976,Lewisburg,Union County,Borough,Lewisburg,6.1,3.1,54767.0,14192.0,40575.0,68959.0,1182
"Felton borough, York County, Pennsylvania",6.1,4.5,77083.0,5888.0,42,133,25584,Felton,York County,Borough,Felton,6.1,4.5,77083.0,5888.0,71195.0,82971.0,1182
"Hermitage city, Mercer County, Pennsylvania",6.1,1.9,70052.0,8128.0,42,085,34064,Hermitage,Mercer County,City,Hermitage,6.1,1.9,70052.0,8128.0,61924.0,78180.0,1182
"Ross township, Monroe County, Pennsylvania",6.0,4.6,64392.0,29775.0,42,089,66280,Ross,Monroe County,Township,Ross,6.0,4.6,64392.0,29775.0,34617.0,94167.0,1194
"Brothersvalley township, Somerset County, Pennsylvania",6.0,3.0,70417.0,13486.0,42,111,09256,Brothersvalley,Somerset County,Township,Brothersvalley,6.0,3.0,70417.0,13486.0,56931.0,83903.0,1194
"Topton borough, Berks County, Pennsylvania",6.0,3.0,92552.0,13758.0,42,011,77104,Topton,Berks County,Borough,Topton,6.0,3.0,92552.0,13758.0,78794.0,106310.0,1194
"Easton city, Northampton County, Pennsylvania",6.0,1.8,69348.0,6783.0,42,095,21648,Easton,Northampton County,City,Easton,6.0,1.8,69348.0,6783.0,62565.0,76131.0,1194
"Price township, Monroe County, Pennsylvania",6.0,4.2,82898.0,26925.0,42,089,62632,Price,Monroe County,Township,Price,6.0,4.2,82898.0,26925.0,55973.0,109823.0,1194
"Rayne township, Indiana County, Pennsylvania",6.0,3.4,60582.0,13118.0,42,063,63584,Rayne,Indiana County,Township,Rayne,6.0,3.4,60582.0,13118.0,47464.0,73700.0,1194
"Greene township, Erie County, Pennsylvania",6.0,3.2,85750.0,7609.0,42,049,30936,Greene,Erie County,Township,Greene,6.0,3.2,85750.0,7609.0,78141.0,93359.0,1194
"Patterson township, Beaver County, Pennsylvania",6.0,3.8,67171.0,15504.0,42,007,58375,Patterson,Beaver County,Township,Patterson,6.0,3.8,67171.0,15504.0,51667.0,82675.0,1194
"Franklin township, Bradford County, Pennsylvania",6.0,4.2,57778.0,16505.0,42,015,27344,Franklin,Bradford County,Township,Franklin,6.0,4.2,57778.0,16505.0,41273.0,74283.0,1194
"Newport township, Luzerne County, Pennsylvania",6.0,3.8,57541.0,11355.0,42,079,53960,Newport,Luzerne County,Township,Newport,6.0,3.8,57541.0,11355.0,46186.0,68896.0,1194
"Fairview borough, Butler County, Pennsylvania",6.0,5.8,80000.0,35482.0,42,019,24832,Fairview,Butler County,Borough,Fairview Borough,6.0,5.8,80000.0,35482.0,44518.0,115482.0,1194
"Dreher township, Wayne County, Pennsylvania",6.0,3.4,51648.0,6932.0,42,127,19864,Dreher,Wayne County,Township,Dreher,6.0,3.4,51648.0,6932.0,44716.0,58580.0,1194
"Bendersville borough, Adams County, Pennsylvania",6.0,7.1,77500.0,20339.0,42,001,05536,Bendersville,Adams County,Borough,Bendersville,6.0,7.1,77500.0,20339.0,57161.0,97839.0,1194
"Falls township, Wyoming County, Pennsylvania",6.0,3.6,74191.0,12705.0,42,131,25128,Falls,Wyoming County,Township,Falls,6.0,3.6,74191.0,12705.0,61486.0,86896.0,1194
"Madison township, Lackawanna County, Pennsylvania",6.0,3.3,79769.0,17584.0,42,069,46480,Madison,Lackawanna County,Township,Madison,6.0,3.3,79769.0,17584.0,62185.0,97353.0,1194
"Osceola Mills borough, Clearfield County, Pennsylvania",6.0,5.1,67656.0,17606.0,42,033,57232,Osceola Mills,Clearfield County,Borough,Osceola Mills,6.0,5.1,67656.0,17606.0,50050.0,85262.0,1194
"Old Lycoming township, Lycoming County, Pennsylvania",6.0,4.1,62609.0,12141.0,42,081,56608,Old Lycoming,Lycoming County,Township,Old Lycoming,6.0,4.1,62609.0,12141.0,50468.0,74750.0,1194
"North Irwin borough, Westmoreland County, Pennsylvania",5.9,5.4,49063.0,9319.0,42,129,55136,North Irwin,Westmoreland County,Borough,North Irwin,5.9,5.4,49063.0,9319.0,39744.0,58382.0,1211
"Greenwood township, Columbia County, Pennsylvania",5.9,2.7,68167.0,11928.0,42,037,31392,Greenwood,Columbia County,Township,Greenwood,5.9,2.7,68167.0,11928.0,56239.0,80095.0,1211
"Thompson township, Fulton County, Pennsylvania",5.9,3.1,81932.0,6848.0,42,057,76488,Thompson,Fulton County,Township,Thompson,5.9,3.1,81932.0,6848.0,75084.0,88780.0,1211
"Plum township, Venango County, Pennsylvania",5.9,3.7,63438.0,16464.0,42,121,61552,Plum,Venango County,Township,Plum,5.9,3.7,63438.0,16464.0,46974.0,79902.0,1211
"Unionville borough, Centre County, Pennsylvania",5.9,4.6,61354.0,5398.0,42,027,78616,Unionville,Centre County,Borough,Unionville,5.9,4.6,61354.0,5398.0,55956.0,66752.0,1211
"Warren township, Bradford County, Pennsylvania",5.9,4.0,70625.0,22654.0,42,015,80984,Warren,Bradford County,Township,Warren,5.9,4.0,70625.0,22654.0,47971.0,93279.0,1211
"Canonsburg borough, Washington County, Pennsylvania",5.9,2.9,79227.0,7316.0,42,125,11152,Canonsburg,Washington County,Borough,Canonsburg,5.9,2.9,79227.0,7316.0,71911.0,86543.0,1211
"Barr township, Cambria County, Pennsylvania",5.9,3.9,78036.0,17574.0,42,021,04272,Barr,Cambria County,Township,Barr,5.9,3.9,78036.0,17574.0,60462.0,95610.0,1211
"Hanover township, Beaver County, Pennsylvania",5.9,3.5,91140.0,18978.0,42,007,32392,Hanover,Beaver County,Township,Hanover,5.9,3.5,91140.0,18978.0,72162.0,110118.0,1211
"Susquehanna township, Juniata County, Pennsylvania",5.9,5.4,70833.0,13137.0,42,067,75536,Susquehanna,Juniata County,Township,Susquehanna,5.9,5.4,70833.0,13137.0,57696.0,83970.0,1211
"Allison township, Clinton County, Pennsylvania",5.9,5.2,106250.0,15977.0,42,035,02032,Allison,Clinton County,Township,Allison,5.9,5.2,106250.0,15977.0,90273.0,122227.0,1211
"Centre township, Perry County, Pennsylvania",5.9,3.1,90243.0,3833.0,42,099,12360,Centre,Perry County,Township,Centre,5.9,3.1,90243.0,3833.0,86410.0,94076.0,1211
"Addison township, Somerset County, Pennsylvania",5.9,3.4,64750.0,6072.0,42,111,00404,Addison,Somerset County,Township,Addison Township,5.9,3.4,64750.0,6072.0,58678.0,70822.0,1211
"Upper Yoder township, Cambria County, Pennsylvania",5.8,3.9,66974.0,13669.0,42,021,79360,Upper Yoder,Cambria County,Township,Upper Yoder,5.8,3.9,66974.0,13669.0,53305.0,80643.0,1224
"Hanover borough, York County, Pennsylvania",5.8,2.5,61293.0,7213.0,42,133,32448,Hanover,York County,Borough,Hanover,5.8,2.5,61293.0,7213.0,54080.0,68506.0,1224
"Youngsville borough, Warren County, Pennsylvania",5.8,3.6,58789.0,8476.0,42,123,87224,Youngsville,Warren County,Borough,Youngsville,5.8,3.6,58789.0,8476.0,50313.0,67265.0,1224
"Alburtis borough, Lehigh County, Pennsylvania",5.8,3.6,107500.0,7533.0,42,077,00660,Alburtis,Lehigh County,Borough,Alburtis,5.8,3.6,107500.0,7533.0,99967.0,115033.0,1224
"Adams township, Cambria County, Pennsylvania",5.8,3.2,69639.0,11785.0,42,021,00308,Adams,Cambria County,Township,Adams,5.8,3.2,69639.0,11785.0,57854.0,81424.0,1224
"Exeter borough, Luzerne County, Pennsylvania",5.8,3.6,57639.0,16461.0,42,079,24392,Exeter,Luzerne County,Borough,Exeter Borough,5.8,3.6,57639.0,16461.0,41178.0,74100.0,1224
"Luzerne borough, Luzerne County, Pennsylvania",5.8,5.3,42135.0,13354.0,42,079,45568,Luzerne,Luzerne County,Borough,Luzerne,5.8,5.3,42135.0,13354.0,28781.0,55489.0,1224
"Watson township, Warren County, Pennsylvania",5.8,5.5,71071.0,10237.0,42,123,81584,Watson,Warren County,Township,Watson,5.8,5.5,71071.0,10237.0,60834.0,81308.0,1224
"East Huntingdon township, Westmoreland County, Pennsylvania",5.8,2.5,68286.0,13937.0,42,129,21304,East Huntingdon,Westmoreland County,Township,East Huntingdon,5.8,2.5,68286.0,13937.0,54349.0,82223.0,1224
"Lausanne township, Carbon County, Pennsylvania",5.8,7.0,95417.0,27622.0,42,025,41888,Lausanne,Carbon County,Township,Lausanne,5.8,7.0,95417.0,27622.0,67795.0,123039.0,1224
"Carlisle borough, Cumberland County, Pennsylvania",5.8,2.0,61720.0,7247.0,42,041,11272,Carlisle,Cumberland County,Borough,Carlisle,5.8,2.0,61720.0,7247.0,54473.0,68967.0,1224
"Cherrytree township, Venango County, Pennsylvania",5.8,3.1,56971.0,9922.0,42,121,13136,Cherrytree,Venango County,Township,Cherrytree,5.8,3.1,56971.0,9922.0,47049.0,66893.0,1224
"Sandy Lake township, Mercer County, Pennsylvania",5.8,2.7,61458.0,13006.0,42,085,67856,Sandy Lake,Mercer County,Township,Sandy Lake Township,5.8,2.7,61458.0,13006.0,48452.0,74464.0,1224
"Salem township, Luzerne County, Pennsylvania",5.8,4.1,78560.0,9062.0,42,079,67456,Salem,Luzerne County,Township,Salem,5.8,4.1,78560.0,9062.0,69498.0,87622.0,1224
"Bruin borough, Butler County, Pennsylvania",5.8,6.0,67031.0,17092.0,42,019,09528,Bruin,Butler County,Borough,Bruin,5.8,6.0,67031.0,17092.0,49939.0,84123.0,1224
"Glade township, Warren County, Pennsylvania",5.8,3.5,73388.0,14887.0,42,123,29328,Glade,Warren County,Township,Glade,5.8,3.5,73388.0,14887.0,58501.0,88275.0,1224
"Lurgan township, Franklin County, Pennsylvania",5.8,3.3,88333.0,11012.0,42,055,45496,Lurgan,Franklin County,Township,Lurgan,5.8,3.3,88333.0,11012.0,77321.0,99345.0,1224
"Kistler borough, Mifflin County, Pennsylvania",5.8,7.8,61250.0,23235.0,42,087,40016,Kistler,Mifflin County,Borough,Kistler,5.8,7.8,61250.0,23235.0,38015.0,84485.0,1224
"Farrell city, Mercer County, Pennsylvania",5.8,4.9,42595.0,7824.0,42,085,25360,Farrell,Mercer County,City,Farrell,5.8,4.9,42595.0,7824.0,34771.0,50419.0,1224
"Wetmore township, McKean County, Pennsylvania",5.8,6.3,82988.0,3674.0,42,083,84312,Wetmore,McKean County,Township,Wetmore,5.8,6.3,82988.0,3674.0,79314.0,86662.0,1224
"Jackson township, York County, Pennsylvania",5.8,2.5,88589.0,8226.0,42,133,37488,Jackson,York County,Township,Jackson,5.8,2.5,88589.0,8226.0,80363.0,96815.0,1224
"East St. Clair township, Bedford County, Pennsylvania",5.8,8.5,41993.0,23441.0,42,009,21788,East St. Clair,Bedford County,Township,East St. Clair,5.8,8.5,41993.0,23441.0,18552.0,65434.0,1224
"Pen Argyl borough, Northampton County, Pennsylvania",5.8,5.1,76096.0,12356.0,42,095,58696,Pen Argyl,Northampton County,Borough,Pen Argyl,5.8,5.1,76096.0,12356.0,63740.0,88452.0,1224
"Concord township, Erie County, Pennsylvania",5.8,4.5,68214.0,12199.0,42,049,15504,Concord,Erie County,Township,Concord,5.8,4.5,68214.0,12199.0,56015.0,80413.0,1224
"Luzerne township, Fayette County, Pennsylvania",5.8,4.7,57827.0,11635.0,42,051,45560,Luzerne,Fayette County,Township,Luzerne,5.8,4.7,57827.0,11635.0,46192.0,69462.0,1224
"Springfield township, Bradford County, Pennsylvania",5.8,3.4,65553.0,4440.0,42,015,73008,Springfield,Bradford County,Township,Springfield,5.8,3.4,65553.0,4440.0,61113.0,69993.0,1224
"Antis township, Blair County, Pennsylvania",5.8,3.0,71889.0,19680.0,42,013,02680,Antis,Blair County,Township,Antis,5.8,3.0,71889.0,19680.0,52209.0,91569.0,1224
"Letterkenny township, Franklin County, Pennsylvania",5.8,3.3,82629.0,11961.0,42,055,42888,Letterkenny,Franklin County,Township,Letterkenny,5.8,3.3,82629.0,11961.0,70668.0,94590.0,1224
"Spring township, Centre County, Pennsylvania",5.7,3.3,77266.0,12426.0,42,027,72832,Spring,Centre County,Township,Spring,5.7,3.3,77266.0,12426.0,64840.0,89692.0,1252
"Saltlick township, Fayette County, Pennsylvania",5.7,5.8,72210.0,9906.0,42,051,67640,Saltlick,Fayette County,Township,Saltlick,5.7,5.8,72210.0,9906.0,62304.0,82116.0,1252
"Hopewell township, Bedford County, Pennsylvania",5.7,4.0,64199.0,15458.0,42,009,35656,Hopewell,Bedford County,Township,Hopewell Township,5.7,4.0,64199.0,15458.0,48741.0,79657.0,1252
"Newell borough, Fayette County, Pennsylvania",5.7,4.6,49750.0,9672.0,42,051,53504,Newell,Fayette County,Borough,Newell,5.7,4.6,49750.0,9672.0,40078.0,59422.0,1252
"Chapman township, Clinton County, Pennsylvania",5.7,3.3,53938.0,4148.0,42,035,12640,Chapman,Clinton County,Township,Chapman,5.7,3.3,53938.0,4148.0,49790.0,58086.0,1252
"Franklin township, Huntingdon County, Pennsylvania",5.7,5.8,95714.0,8474.0,42,061,27416,Franklin,Huntingdon County,Township,Franklin,5.7,5.8,95714.0,8474.0,87240.0,104188.0,1252
"Todd township, Huntingdon County, Pennsylvania",5.7,3.7,70625.0,3530.0,42,061,77000,Todd,Huntingdon County,Township,Todd,5.7,3.7,70625.0,3530.0,67095.0,74155.0,1252
"Juniata township, Bedford County, Pennsylvania",5.7,3.7,62813.0,25345.0,42,009,38576,Juniata,Bedford County,Township,Juniata,5.7,3.7,62813.0,25345.0,37468.0,88158.0,1252
"Strasburg borough, Lancaster County, Pennsylvania",5.7,3.9,85750.0,16619.0,42,071,74712,Strasburg,Lancaster County,Borough,Strasburg Borough,5.7,3.9,85750.0,16619.0,69131.0,102369.0,1252
"Brush Valley township, Indiana County, Pennsylvania",5.7,4.6,76509.0,10497.0,42,063,09624,Brush Valley,Indiana County,Township,Brush Valley,5.7,4.6,76509.0,10497.0,66012.0,87006.0,1252
"Clearfield township, Butler County, Pennsylvania",5.7,3.4,88095.0,15220.0,42,019,14048,Clearfield,Butler County,Township,Clearfield,5.7,3.4,88095.0,15220.0,72875.0,103315.0,1252
"Mercer borough, Mercer County, Pennsylvania",5.7,3.6,47054.0,6735.0,42,085,48696,Mercer,Mercer County,Borough,Mercer,5.7,3.6,47054.0,6735.0,40319.0,53789.0,1252
"Taylor township, Centre County, Pennsylvania",5.7,3.2,77143.0,14941.0,42,027,76168,Taylor,Centre County,Township,Taylor,5.7,3.2,77143.0,14941.0,62202.0,92084.0,1252
"Kimmel township, Bedford County, Pennsylvania",5.6,4.2,62000.0,9230.0,42,009,39658,Kimmel,Bedford County,Township,Kimmel,5.6,4.2,62000.0,9230.0,52770.0,71230.0,1265
"Mount Pleasant township, Adams County, Pennsylvania",5.6,3.8,90833.0,19692.0,42,001,51776,Mount Pleasant,Adams County,Township,Mount Pleasant,5.6,3.8,90833.0,19692.0,71141.0,110525.0,1265
"Pennsburg borough, Montgomery County, Pennsylvania",5.6,3.7,111848.0,11915.0,42,091,59120,Pennsburg,Montgomery County,Borough,Pennsburg,5.6,3.7,111848.0,11915.0,99933.0,123763.0,1265
"Ohioville borough, Beaver County, Pennsylvania",5.6,2.8,80673.0,9226.0,42,007,56432,Ohioville,Beaver County,Borough,Ohioville,5.6,2.8,80673.0,9226.0,71447.0,89899.0,1265
"Richland township, Clarion County, Pennsylvania",5.6,4.6,63125.0,31883.0,42,031,64552,Richland,Clarion County,Township,Richland,5.6,4.6,63125.0,31883.0,31242.0,95008.0,1265
"North Sewickley township, Beaver County, Pennsylvania",5.6,2.9,76663.0,6568.0,42,007,55400,North Sewickley,Beaver County,Township,North Sewickley,5.6,2.9,76663.0,6568.0,70095.0,83231.0,1265
"Bernville borough, Berks County, Pennsylvania",5.6,4.1,89167.0,13237.0,42,011,05848,Bernville,Berks County,Borough,Bernville,5.6,4.1,89167.0,13237.0,75930.0,102404.0,1265
"Rush township, Northumberland County, Pennsylvania",5.6,3.7,91771.0,10957.0,42,097,66752,Rush,Northumberland County,Township,Rush,5.6,3.7,91771.0,10957.0,80814.0,102728.0,1265
"West Perry township, Snyder County, Pennsylvania",5.6,4.1,61528.0,12247.0,42,109,83808,West Perry,Snyder County,Township,West Perry,5.6,4.1,61528.0,12247.0,49281.0,73775.0,1265
"Tulpehocken township, Berks County, Pennsylvania",5.6,2.5,81685.0,11770.0,42,011,77752,Tulpehocken,Berks County,Township,Tulpehocken,5.6,2.5,81685.0,11770.0,69915.0,93455.0,1265
"Lower Frankford township, Cumberland County, Pennsylvania",5.6,2.4,76797.0,8885.0,42,041,44904,Lower Frankford,Cumberland County,Township,Lower Frankford,5.6,2.4,76797.0,8885.0,67912.0,85682.0,1265
"Thompson township, Susquehanna County, Pennsylvania",5.6,3.3,60893.0,23952.0,42,115,76504,Thompson,Susquehanna County,Township,Thompson Township,5.6,3.3,60893.0,23952.0,36941.0,84845.0,1265
"West Wyoming borough, Luzerne County, Pennsylvania",5.6,3.0,66382.0,9168.0,42,079,84272,West Wyoming,Luzerne County,Borough,West Wyoming,5.6,3.0,66382.0,9168.0,57214.0,75550.0,1265
"Sugarcreek township, Armstrong County, Pennsylvania",5.6,2.8,57583.0,9832.0,42,005,74992,Sugarcreek,Armstrong County,Township,Sugarcreek,5.6,2.8,57583.0,9832.0,47751.0,67415.0,1265
"Lincoln township, Huntingdon County, Pennsylvania",5.6,6.7,66458.0,15077.0,42,061,43424,Lincoln,Huntingdon County,Township,Lincoln,5.6,6.7,66458.0,15077.0,51381.0,81535.0,1265
"Randolph township, Crawford County, Pennsylvania",5.6,3.5,75714.0,16859.0,42,039,63400,Randolph,Crawford County,Township,Randolph,5.6,3.5,75714.0,16859.0,58855.0,92573.0,1265
"Cambridge township, Crawford County, Pennsylvania",5.6,3.6,82243.0,3220.0,42,039,10904,Cambridge,Crawford County,Township,Cambridge,5.6,3.6,82243.0,3220.0,79023.0,85463.0,1265
"West Pike Run township, Washington County, Pennsylvania",5.6,4.6,76563.0,13404.0,42,125,83840,West Pike Run,Washington County,Township,West Pike Run,5.6,4.6,76563.0,13404.0,63159.0,89967.0,1265
"Petersburg borough, Huntingdon County, Pennsylvania",5.6,6.1,66250.0,26208.0,42,061,59616,Petersburg,Huntingdon County,Borough,Petersburg,5.6,6.1,66250.0,26208.0,40042.0,92458.0,1265
"Miller township, Huntingdon County, Pennsylvania",5.6,3.2,68438.0,7597.0,42,061,49624,Miller,Huntingdon County,Township,Miller,5.6,3.2,68438.0,7597.0,60841.0,76035.0,1265
"Fawn Grove borough, York County, Pennsylvania",5.6,3.8,84375.0,20721.0,42,133,25416,Fawn Grove,York County,Borough,Fawn Grove,5.6,3.8,84375.0,20721.0,63654.0,105096.0,1265
"Jackson township, Lebanon County, Pennsylvania",5.6,2.5,84241.0,8510.0,42,075,37392,Jackson,Lebanon County,Township,Jackson,5.6,2.5,84241.0,8510.0,75731.0,92751.0,1265
"Black Lick township, Indiana County, Pennsylvania",5.6,2.9,69485.0,10096.0,42,063,06752,Black Lick,Indiana County,Township,Black Lick,5.6,2.9,69485.0,10096.0,59389.0,79581.0,1265
"Penn Forest township, Carbon County, Pennsylvania",5.6,3.1,67045.0,8615.0,42,025,58968,Penn Forest,Carbon County,Township,Penn Forest,5.6,3.1,67045.0,8615.0,58430.0,75660.0,1265
"Swatara township, Lebanon County, Pennsylvania",5.5,3.8,79944.0,17126.0,42,075,75680,Swatara,Lebanon County,Township,Swatara,5.5,3.8,79944.0,17126.0,62818.0,97070.0,1289
"Wrightsville borough, York County, Pennsylvania",5.5,3.7,67198.0,16661.0,42,133,86640,Wrightsville,York County,Borough,Wrightsville,5.5,3.7,67198.0,16661.0,50537.0,83859.0,1289
"Dyberry township, Wayne County, Pennsylvania",5.5,3.3,88438.0,16919.0,42,127,20576,Dyberry,Wayne County,Township,Dyberry,5.5,3.3,88438.0,16919.0,71519.0,105357.0,1289
"Pennsbury Village borough, Allegheny County, Pennsylvania",5.5,3.5,69167.0,8488.0,42,003,59152,Pennsbury Village,Allegheny County,Borough,Pennsbury Village,5.5,3.5,69167.0,8488.0,60679.0,77655.0,1289
"Clearfield township, Cambria County, Pennsylvania",5.5,3.2,87813.0,20970.0,42,021,14056,Clearfield,Cambria County,Township,Clearfield,5.5,3.2,87813.0,20970.0,66843.0,108783.0,1289
"Slippery Rock township, Butler County, Pennsylvania",5.5,3.9,56556.0,1609.0,42,019,71192,Slippery Rock,Butler County,Township,Slippery Rock Township,5.5,3.9,56556.0,1609.0,54947.0,58165.0,1289
"Freeland borough, Luzerne County, Pennsylvania",5.5,3.5,57833.0,18423.0,42,079,27744,Freeland,Luzerne County,Borough,Freeland,5.5,3.5,57833.0,18423.0,39410.0,76256.0,1289
"Duryea borough, Luzerne County, Pennsylvania",5.5,3.5,62462.0,14202.0,42,079,20512,Duryea,Luzerne County,Borough,Duryea,5.5,3.5,62462.0,14202.0,48260.0,76664.0,1289
"Penn township, Lycoming County, Pennsylvania",5.5,3.5,80000.0,16872.0,42,081,58848,Penn,Lycoming County,Township,Penn,5.5,3.5,80000.0,16872.0,63128.0,96872.0,1289
"Dublin borough, Bucks County, Pennsylvania",5.5,3.5,87813.0,28325.0,42,017,20104,Dublin,Bucks County,Borough,Dublin,5.5,3.5,87813.0,28325.0,59488.0,116138.0,1289
"Nazareth borough, Northampton County, Pennsylvania",5.5,2.6,56855.0,21146.0,42,095,52808,Nazareth,Northampton County,Borough,Nazareth,5.5,2.6,56855.0,21146.0,35709.0,78001.0,1289
"Hubley township, Schuylkill County, Pennsylvania",5.5,4.0,71932.0,23254.0,42,107,36072,Hubley,Schuylkill County,Township,Hubley,5.5,4.0,71932.0,23254.0,48678.0,95186.0,1289
"Indiana borough, Indiana County, Pennsylvania",5.5,2.8,40857.0,11418.0,42,063,36816,Indiana,Indiana County,Borough,Indiana,5.5,2.8,40857.0,11418.0,29439.0,52275.0,1289
"Millerstown borough, Perry County, Pennsylvania",5.5,3.1,91964.0,17189.0,42,099,49720,Millerstown,Perry County,Borough,Millerstown,5.5,3.1,91964.0,17189.0,74775.0,109153.0,1289
"Upper Tulpehocken township, Berks County, Pennsylvania",5.5,3.4,90833.0,16569.0,42,011,79328,Upper Tulpehocken,Berks County,Township,Upper Tulpehocken,5.5,3.4,90833.0,16569.0,74264.0,107402.0,1289
"Stonycreek township, Somerset County, Pennsylvania",5.5,3.5,73438.0,14440.0,42,111,74440,Stonycreek,Somerset County,Township,Stonycreek,5.5,3.5,73438.0,14440.0,58998.0,87878.0,1289
"Somerset borough, Somerset County, Pennsylvania",5.5,2.9,47102.0,8818.0,42,111,71776,Somerset,Somerset County,Borough,Somerset Borough,5.5,2.9,47102.0,8818.0,38284.0,55920.0,1289
"Conemaugh township, Somerset County, Pennsylvania",5.5,4.9,75459.0,9786.0,42,111,15568,Conemaugh,Somerset County,Township,Conemaugh,5.5,4.9,75459.0,9786.0,65673.0,85245.0,1289
"Steelton borough, Dauphin County, Pennsylvania",5.5,3.8,58194.0,18934.0,42,043,73888,Steelton,Dauphin County,Borough,Steelton,5.5,3.8,58194.0,18934.0,39260.0,77128.0,1289
"Forks township, Sullivan County, Pennsylvania",5.5,5.5,71250.0,27553.0,42,113,26736,Forks,Sullivan County,Township,Forks,5.5,5.5,71250.0,27553.0,43697.0,98803.0,1289
"Midway borough, Washington County, Pennsylvania",5.5,3.1,55329.0,9671.0,42,125,49240,Midway,Washington County,Borough,Midway,5.5,3.1,55329.0,9671.0,45658.0,65000.0,1289
"Spring township, Crawford County, Pennsylvania",5.5,3.6,61950.0,5298.0,42,039,72840,Spring,Crawford County,Township,Spring,5.5,3.6,61950.0,5298.0,56652.0,67248.0,1289
"Swissvale borough, Allegheny County, Pennsylvania",5.5,2.2,60341.0,4644.0,42,003,75816,Swissvale,Allegheny County,Borough,Swissvale,5.5,2.2,60341.0,4644.0,55697.0,64985.0,1289
"Milford township, Juniata County, Pennsylvania",5.5,2.1,66250.0,17014.0,42,067,49392,Milford,Juniata County,Township,Milford,5.5,2.1,66250.0,17014.0,49236.0,83264.0,1289
"Towamensing township, Carbon County, Pennsylvania",5.5,3.2,69245.0,11897.0,42,025,77160,Towamensing,Carbon County,Township,Towamensing,5.5,3.2,69245.0,11897.0,57348.0,81142.0,1289
"Locust township, Columbia County, Pennsylvania",5.5,2.4,72292.0,16712.0,42,037,44208,Locust,Columbia County,Township,Locust,5.5,2.4,72292.0,16712.0,55580.0,89004.0,1289
"Clover township, Jefferson County, Pennsylvania",5.5,4.6,76094.0,6589.0,42,065,14408,Clover,Jefferson County,Township,Clover,5.5,4.6,76094.0,6589.0,69505.0,82683.0,1289
"East Franklin township, Armstrong County, Pennsylvania",5.5,4.1,98025.0,15281.0,42,005,21160,East Franklin,Armstrong County,Township,East Franklin,5.5,4.1,98025.0,15281.0,82744.0,113306.0,1289
"Madison township, Columbia County, Pennsylvania",5.4,2.4,76500.0,11336.0,42,037,46472,Madison,Columbia County,Township,Madison,5.4,2.4,76500.0,11336.0,65164.0,87836.0,1317
"Forward township, Allegheny County, Pennsylvania",5.4,3.4,67171.0,16918.0,42,003,26896,Forward,Allegheny County,Township,Forward,5.4,3.4,67171.0,16918.0,50253.0,84089.0,1317
"Ridgway township, Elk County, Pennsylvania",5.4,3.5,76691.0,9332.0,42,047,64792,Ridgway,Elk County,Township,Ridgway Township,5.4,3.5,76691.0,9332.0,67359.0,86023.0,1317
"Towanda township, Bradford County, Pennsylvania",5.4,4.6,50179.0,14879.0,42,015,77176,Towanda,Bradford County,Township,Towanda Township,5.4,4.6,50179.0,14879.0,35300.0,65058.0,1317
"East Wheatfield township, Indiana County, Pennsylvania",5.4,2.9,51164.0,18235.0,42,063,22048,East Wheatfield,Indiana County,Township,East Wheatfield,5.4,2.9,51164.0,18235.0,32929.0,69399.0,1317
"Clay township, Butler County, Pennsylvania",5.4,2.6,83661.0,12410.0,42,019,13936,Clay,Butler County,Township,Clay,5.4,2.6,83661.0,12410.0,71251.0,96071.0,1317
"Spruce Hill township, Juniata County, Pennsylvania",5.4,4.1,65313.0,13024.0,42,067,73504,Spruce Hill,Juniata County,Township,Spruce Hill,5.4,4.1,65313.0,13024.0,52289.0,78337.0,1317
"Cross Roads borough, York County, Pennsylvania",5.4,3.9,98333.0,28414.0,42,133,17416,Cross Roads,York County,Borough,Cross Roads,5.4,3.9,98333.0,28414.0,69919.0,126747.0,1317
"Greenville township, Somerset County, Pennsylvania",5.4,3.0,67500.0,23871.0,42,111,31336,Greenville,Somerset County,Township,Greenville,5.4,3.0,67500.0,23871.0,43629.0,91371.0,1317
"Akron borough, Lancaster County, Pennsylvania",5.4,3.7,76569.0,6083.0,42,071,00540,Akron,Lancaster County,Borough,Akron,5.4,3.7,76569.0,6083.0,70486.0,82652.0,1317
"Lower Turkeyfoot township, Somerset County, Pennsylvania",5.4,3.8,56786.0,14972.0,42,111,45136,Lower Turkeyfoot,Somerset County,Township,Lower Turkeyfoot,5.4,3.8,56786.0,14972.0,41814.0,71758.0,1317
"Brady township, Clearfield County, Pennsylvania",5.4,2.9,66944.0,6044.0,42,033,08120,Brady,Clearfield County,Township,Brady,5.4,2.9,66944.0,6044.0,60900.0,72988.0,1317
"North Union township, Schuylkill County, Pennsylvania",5.4,2.9,71250.0,11871.0,42,107,55472,North Union,Schuylkill County,Township,North Union,5.4,2.9,71250.0,11871.0,59379.0,83121.0,1317
"Mount Carmel township, Northumberland County, Pennsylvania",5.4,3.0,71339.0,14364.0,42,097,51504,Mount Carmel,Northumberland County,Township,Mount Carmel Township,5.4,3.0,71339.0,14364.0,56975.0,85703.0,1317
"Eldred borough, McKean County, Pennsylvania",5.4,4.5,49063.0,12508.0,42,083,22888,Eldred,McKean County,Borough,Eldred Borough,5.4,4.5,49063.0,12508.0,36555.0,61571.0,1317
"Rome borough, Bradford County, Pennsylvania",5.4,7.5,55000.0,12113.0,42,015,65944,Rome,Bradford County,Borough,Rome Borough,5.4,7.5,55000.0,12113.0,42887.0,67113.0,1317
"Avondale borough, Chester County, Pennsylvania",5.4,3.8,78681.0,26702.0,42,029,03656,Avondale,Chester County,Borough,Avondale,5.4,3.8,78681.0,26702.0,51979.0,105383.0,1317
"Pulaski township, Lawrence County, Pennsylvania",5.4,4.7,74583.0,16012.0,42,073,62904,Pulaski,Lawrence County,Township,Pulaski,5.4,4.7,74583.0,16012.0,58571.0,90595.0,1317
"Hellertown borough, Northampton County, Pennsylvania",5.4,2.6,72813.0,11418.0,42,095,33744,Hellertown,Northampton County,Borough,Hellertown,5.4,2.6,72813.0,11418.0,61395.0,84231.0,1317
"Taylor township, Blair County, Pennsylvania",5.4,3.5,78950.0,16055.0,42,013,76160,Taylor,Blair County,Township,Taylor,5.4,3.5,78950.0,16055.0,62895.0,95005.0,1317
"Jackson township, Northumberland County, Pennsylvania",5.4,2.6,67981.0,5984.0,42,097,37432,Jackson,Northumberland County,Township,Jackson,5.4,2.6,67981.0,5984.0,61997.0,73965.0,1317
"Butler township, Schuylkill County, Pennsylvania",5.4,3.9,79730.0,26507.0,42,107,10488,Butler,Schuylkill County,Township,Butler,5.4,3.9,79730.0,26507.0,53223.0,106237.0,1317
"Salem township, Clarion County, Pennsylvania",5.4,2.6,68125.0,14312.0,42,031,67432,Salem,Clarion County,Township,Salem,5.4,2.6,68125.0,14312.0,53813.0,82437.0,1317
"Farmington township, Warren County, Pennsylvania",5.4,3.6,72159.0,18320.0,42,123,25304,Farmington,Warren County,Township,Farmington,5.4,3.6,72159.0,18320.0,53839.0,90479.0,1317
"Forkston township, Wyoming County, Pennsylvania",5.4,5.3,69821.0,20454.0,42,131,26752,Forkston,Wyoming County,Township,Forkston,5.4,5.3,69821.0,20454.0,49367.0,90275.0,1317
"Factoryville borough, Wyoming County, Pennsylvania",5.4,3.8,54028.0,13521.0,42,131,24488,Factoryville,Wyoming County,Borough,Factoryville,5.4,3.8,54028.0,13521.0,40507.0,67549.0,1317
"Gettysburg borough, Adams County, Pennsylvania",5.3,2.7,54365.0,8047.0,42,001,28960,Gettysburg,Adams County,Borough,Gettysburg,5.3,2.7,54365.0,8047.0,46318.0,62412.0,1343
"Woodward township, Clearfield County, Pennsylvania",5.3,3.0,61953.0,4907.0,42,033,86440,Woodward,Clearfield County,Township,Woodward,5.3,3.0,61953.0,4907.0,57046.0,66860.0,1343
"Ayr township, Fulton County, Pennsylvania",5.3,2.7,61818.0,10663.0,42,057,03704,Ayr,Fulton County,Township,Ayr,5.3,2.7,61818.0,10663.0,51155.0,72481.0,1343
"McHenry township, Lycoming County, Pennsylvania",5.3,5.6,66250.0,32778.0,42,081,46184,McHenry,Lycoming County,Township,McHenry,5.3,5.6,66250.0,32778.0,33472.0,99028.0,1343
"Lower Tyrone township, Fayette County, Pennsylvania",5.3,4.8,74792.0,39989.0,42,051,45144,Lower Tyrone,Fayette County,Township,Lower Tyrone,5.3,4.8,74792.0,39989.0,34803.0,114781.0,1343
"Foxburg borough, Clarion County, Pennsylvania",5.3,4.7,81250.0,30076.0,42,031,27112,Foxburg,Clarion County,Borough,Foxburg,5.3,4.7,81250.0,30076.0,51174.0,111326.0,1343
"Little Beaver township, Lawrence County, Pennsylvania",5.3,3.4,60938.0,10110.0,42,073,43824,Little Beaver,Lawrence County,Township,Little Beaver,5.3,3.4,60938.0,10110.0,50828.0,71048.0,1343
"Terre Hill borough, Lancaster County, Pennsylvania",5.3,4.3,63750.0,32740.0,42,071,76400,Terre Hill,Lancaster County,Borough,Terre Hill,5.3,4.3,63750.0,32740.0,31010.0,96490.0,1343
"New Centerville borough, Somerset County, Pennsylvania",5.3,6.1,62813.0,22751.0,42,111,53416,New Centerville,Somerset County,Borough,New Centerville,5.3,6.1,62813.0,22751.0,40062.0,85564.0,1343
"Frailey township, Schuylkill County, Pennsylvania",5.3,4.1,64375.0,10843.0,42,107,27248,Frailey,Schuylkill County,Township,Frailey,5.3,4.1,64375.0,10843.0,53532.0,75218.0,1343
"West View borough, Allegheny County, Pennsylvania",5.3,2.8,84063.0,18049.0,42,003,84144,West View,Allegheny County,Borough,West View,5.3,2.8,84063.0,18049.0,66014.0,102112.0,1343
"Penn Hills township, Allegheny County, Pennsylvania",5.3,1.5,65479.0,4987.0,42,003,59032,Penn Hills,Allegheny County,Township,Penn Hills,5.3,1.5,65479.0,4987.0,60492.0,70466.0,1343
"Castle Shannon borough, Allegheny County, Pennsylvania",5.2,2.9,64071.0,8312.0,42,003,11680,Castle Shannon,Allegheny County,Borough,Castle Shannon,5.2,2.9,64071.0,8312.0,55759.0,72383.0,1355
"Wheatfield township, Perry County, Pennsylvania",5.2,4.0,94200.0,16937.0,42,099,84368,Wheatfield,Perry County,Township,Wheatfield,5.2,4.0,94200.0,16937.0,77263.0,111137.0,1355
"East Taylor township, Cambria County, Pennsylvania",5.2,3.7,70313.0,14264.0,42,021,21896,East Taylor,Cambria County,Township,East Taylor,5.2,3.7,70313.0,14264.0,56049.0,84577.0,1355
"Frenchcreek township, Venango County, Pennsylvania",5.2,3.1,69044.0,11766.0,42,121,27832,Frenchcreek,Venango County,Township,Frenchcreek,5.2,3.1,69044.0,11766.0,57278.0,80810.0,1355
"Horton township, Elk County, Pennsylvania",5.2,3.0,54000.0,21890.0,42,047,35816,Horton,Elk County,Township,Horton,5.2,3.0,54000.0,21890.0,32110.0,75890.0,1355
"Middlebury township, Tioga County, Pennsylvania",5.2,3.7,62083.0,14036.0,42,117,48968,Middlebury,Tioga County,Township,Middlebury,5.2,3.7,62083.0,14036.0,48047.0,76119.0,1355
"Christiana borough, Lancaster County, Pennsylvania",5.2,3.5,74766.0,8689.0,42,071,13512,Christiana,Lancaster County,Borough,Christiana,5.2,3.5,74766.0,8689.0,66077.0,83455.0,1355
"New Milford township, Susquehanna County, Pennsylvania",5.2,2.9,61932.0,14019.0,42,115,53888,New Milford,Susquehanna County,Township,New Milford Township,5.2,2.9,61932.0,14019.0,47913.0,75951.0,1355
"Scott township, Columbia County, Pennsylvania",5.2,2.5,85368.0,10177.0,42,037,68392,Scott,Columbia County,Township,Scott,5.2,2.5,85368.0,10177.0,75191.0,95545.0,1355
"Seven Valleys borough, York County, Pennsylvania",5.2,3.6,73798.0,15674.0,42,133,69360,Seven Valleys,York County,Borough,Seven Valleys,5.2,3.6,73798.0,15674.0,58124.0,89472.0,1355
"Chambersburg borough, Franklin County, Pennsylvania",5.2,2.2,56576.0,7167.0,42,055,12536,Chambersburg,Franklin County,Borough,Chambersburg,5.2,2.2,56576.0,7167.0,49409.0,63743.0,1355
"Richmond township, Crawford County, Pennsylvania",5.2,2.5,69145.0,11208.0,42,039,64600,Richmond,Crawford County,Township,Richmond,5.2,2.5,69145.0,11208.0,57937.0,80353.0,1355
"Blawnox borough, Allegheny County, Pennsylvania",5.2,3.3,60333.0,15555.0,42,003,07000,Blawnox,Allegheny County,Borough,Blawnox,5.2,3.3,60333.0,15555.0,44778.0,75888.0,1355
"Picture Rocks borough, Lycoming County, Pennsylvania",5.2,3.8,94821.0,25999.0,42,081,60136,Picture Rocks,Lycoming County,Borough,Picture Rocks,5.2,3.8,94821.0,25999.0,68822.0,120820.0,1355
"Forty Fort borough, Luzerne County, Pennsylvania",5.2,3.4,74432.0,9050.0,42,079,26880,Forty Fort,Luzerne County,Borough,Forty Fort,5.2,3.4,74432.0,9050.0,65382.0,83482.0,1355
"Arnold city, Westmoreland County, Pennsylvania",5.2,5.8,45417.0,14548.0,42,129,03088,Arnold,Westmoreland County,City,Arnold,5.2,5.8,45417.0,14548.0,30869.0,59965.0,1355
"Clinton township, Wayne County, Pennsylvania",5.2,3.1,67708.0,19068.0,42,127,14352,Clinton,Wayne County,Township,Clinton,5.2,3.1,67708.0,19068.0,48640.0,86776.0,1355
"Concord township, Butler County, Pennsylvania",5.2,3.3,65402.0,7990.0,42,019,15480,Concord,Butler County,Township,Concord,5.2,3.3,65402.0,7990.0,57412.0,73392.0,1355
"Columbia township, Bradford County, Pennsylvania",5.2,3.6,69688.0,15314.0,42,015,15376,Columbia,Bradford County,Township,Columbia,5.2,3.6,69688.0,15314.0,54374.0,85002.0,1355
"Washington township, Lawrence County, Pennsylvania",5.2,3.8,72188.0,23620.0,42,073,81272,Washington,Lawrence County,Township,Washington,5.2,3.8,72188.0,23620.0,48568.0,95808.0,1355
"Hegins township, Schuylkill County, Pennsylvania",5.1,3.0,92861.0,5281.0,42,107,33584,Hegins,Schuylkill County,Township,Hegins,5.1,3.0,92861.0,5281.0,87580.0,98142.0,1375
"Lower Mifflin township, Cumberland County, Pennsylvania",5.1,2.1,60682.0,13903.0,42,041,44984,Lower Mifflin,Cumberland County,Township,Lower Mifflin,5.1,2.1,60682.0,13903.0,46779.0,74585.0,1375
"Tinicum township, Delaware County, Pennsylvania",5.1,2.2,53451.0,7730.0,42,045,76792,Tinicum,Delaware County,Township,Tinicum,5.1,2.2,53451.0,7730.0,45721.0,61181.0,1375
"Jackson township, Tioga County, Pennsylvania",5.1,3.2,68906.0,10819.0,42,117,37472,Jackson,Tioga County,Township,Jackson,5.1,3.2,68906.0,10819.0,58087.0,79725.0,1375
"Hovey township, Armstrong County, Pennsylvania",5.1,8.1,68750.0,34230.0,42,005,35936,Hovey,Armstrong County,Township,Hovey,5.1,8.1,68750.0,34230.0,34520.0,102980.0,1375
"Emsworth borough, Allegheny County, Pennsylvania",5.1,2.2,64816.0,6692.0,42,003,23616,Emsworth,Allegheny County,Borough,Emsworth,5.1,2.2,64816.0,6692.0,58124.0,71508.0,1375
"Hopewell township, Cumberland County, Pennsylvania",5.1,3.5,75515.0,27580.0,42,041,35672,Hopewell,Cumberland County,Township,Hopewell,5.1,3.5,75515.0,27580.0,47935.0,103095.0,1375
"East Hanover township, Lebanon County, Pennsylvania",5.1,2.7,59122.0,13564.0,42,075,21224,East Hanover,Lebanon County,Township,East Hanover,5.1,2.7,59122.0,13564.0,45558.0,72686.0,1375
"Mount Pleasant township, Westmoreland County, Pennsylvania",5.1,2.2,68131.0,7839.0,42,129,51888,Mount Pleasant,Westmoreland County,Township,Mount Pleasant Township,5.1,2.2,68131.0,7839.0,60292.0,75970.0,1375
"Milton borough, Northumberland County, Pennsylvania",5.1,2.7,54577.0,8271.0,42,097,50016,Milton,Northumberland County,Borough,Milton,5.1,2.7,54577.0,8271.0,46306.0,62848.0,1375
"Sugar Grove township, Mercer County, Pennsylvania",5.1,4.9,62000.0,18072.0,42,085,75008,Sugar Grove,Mercer County,Township,Sugar Grove,5.1,4.9,62000.0,18072.0,43928.0,80072.0,1375
"Sheshequin township, Bradford County, Pennsylvania",5.1,2.7,62321.0,15733.0,42,015,70208,Sheshequin,Bradford County,Township,Sheshequin,5.1,2.7,62321.0,15733.0,46588.0,78054.0,1375
"Granville township, Bradford County, Pennsylvania",5.1,2.9,76250.0,14270.0,42,015,30464,Granville,Bradford County,Township,Granville,5.1,2.9,76250.0,14270.0,61980.0,90520.0,1375
"West Mead township, Crawford County, Pennsylvania",5.1,3.3,64837.0,19555.0,42,039,83480,West Mead,Crawford County,Township,West Mead,5.1,3.3,64837.0,19555.0,45282.0,84392.0,1375
"Southampton township, Franklin County, Pennsylvania",5.1,3.0,80357.0,9406.0,42,055,71912,Southampton,Franklin County,Township,Southampton,5.1,3.0,80357.0,9406.0,70951.0,89763.0,1375
"Hazle township, Luzerne County, Pennsylvania",5.1,2.7,59134.0,11988.0,42,079,33376,Hazle,Luzerne County,Township,Hazle,5.1,2.7,59134.0,11988.0,47146.0,71122.0,1375
"Brown township, Mifflin County, Pennsylvania",5.1,3.3,79821.0,21376.0,42,087,09288,Brown,Mifflin County,Township,Brown,5.1,3.3,79821.0,21376.0,58445.0,101197.0,1375
"Reserve township, Allegheny County, Pennsylvania",5.1,2.7,81724.0,11392.0,42,003,64240,Reserve,Allegheny County,Township,Reserve,5.1,2.7,81724.0,11392.0,70332.0,93116.0,1375
"Eldred township, McKean County, Pennsylvania",5.1,2.8,73542.0,11511.0,42,083,22896,Eldred,McKean County,Township,Eldred Township,5.1,2.8,73542.0,11511.0,62031.0,85053.0,1375
"Speers borough, Washington County, Pennsylvania",5.1,3.2,72813.0,10262.0,42,125,72736,Speers,Washington County,Borough,Speers,5.1,3.2,72813.0,10262.0,62551.0,83075.0,1375
"Windsor borough, York County, Pennsylvania",5.1,4.0,63781.0,4044.0,42,133,85728,Windsor,York County,Borough,Windsor Borough,5.1,4.0,63781.0,4044.0,59737.0,67825.0,1375
"Ward township, Tioga County, Pennsylvania",5.1,5.2,65000.0,20686.0,42,117,80936,Ward,Tioga County,Township,Ward,5.1,5.2,65000.0,20686.0,44314.0,85686.0,1375
"Bigler township, Clearfield County, Pennsylvania",5.1,2.6,60625.0,10605.0,42,033,06288,Bigler,Clearfield County,Township,Bigler,5.1,2.6,60625.0,10605.0,50020.0,71230.0,1375
"West Carroll township, Cambria County, Pennsylvania",5.1,3.8,50833.0,13463.0,42,021,82688,West Carroll,Cambria County,Township,West Carroll,5.1,3.8,50833.0,13463.0,37370.0,64296.0,1375
"Bell township, Jefferson County, Pennsylvania",5.0,3.1,56731.0,16558.0,42,065,05200,Bell,Jefferson County,Township,Bell,5.0,3.1,56731.0,16558.0,40173.0,73289.0,1399
"Clarion borough, Clarion County, Pennsylvania",5.0,4.1,47181.0,15253.0,42,031,13800,Clarion,Clarion County,Borough,Clarion Borough,5.0,4.1,47181.0,15253.0,31928.0,62434.0,1399
"Delaware township, Northumberland County, Pennsylvania",5.0,4.1,75042.0,17365.0,42,097,18696,Delaware,Northumberland County,Township,Delaware,5.0,4.1,75042.0,17365.0,57677.0,92407.0,1399
"Rochester township, Beaver County, Pennsylvania",5.0,3.4,60500.0,13476.0,42,007,65400,Rochester,Beaver County,Township,Rochester Township,5.0,3.4,60500.0,13476.0,47024.0,73976.0,1399
"Pine Grove township, Schuylkill County, Pennsylvania",5.0,3.4,84934.0,16592.0,42,107,60464,Pine Grove,Schuylkill County,Township,Pine Grove Township,5.0,3.4,84934.0,16592.0,68342.0,101526.0,1399
"East Fairfield township, Crawford County, Pennsylvania",5.0,3.1,70833.0,8654.0,42,039,21096,East Fairfield,Crawford County,Township,East Fairfield,5.0,3.1,70833.0,8654.0,62179.0,79487.0,1399
"Lewis Run borough, McKean County, Pennsylvania",5.0,3.9,73523.0,11696.0,42,083,42984,Lewis Run,McKean County,Borough,Lewis Run,5.0,3.9,73523.0,11696.0,61827.0,85219.0,1399
"Harmony township, Forest County, Pennsylvania",5.0,4.6,63000.0,13856.0,42,053,32704,Harmony,Forest County,Township,Harmony,5.0,4.6,63000.0,13856.0,49144.0,76856.0,1399
"Wilkins township, Allegheny County, Pennsylvania",5.0,2.4,65625.0,9566.0,42,003,85184,Wilkins,Allegheny County,Township,Wilkins,5.0,2.4,65625.0,9566.0,56059.0,75191.0,1399
"Sandy Creek township, Mercer County, Pennsylvania",5.0,4.7,60313.0,9702.0,42,085,67816,Sandy Creek,Mercer County,Township,Sandy Creek,5.0,4.7,60313.0,9702.0,50611.0,70015.0,1399
"Latrobe borough, Westmoreland County, Pennsylvania",5.0,2.3,56318.0,8403.0,42,129,41680,Latrobe,Westmoreland County,Borough,Latrobe,5.0,2.3,56318.0,8403.0,47915.0,64721.0,1399
"Volant borough, Lawrence County, Pennsylvania",5.0,7.9,66250.0,27086.0,42,073,80368,Volant,Lawrence County,Borough,Volant,5.0,7.9,66250.0,27086.0,39164.0,93336.0,1399
"Stroudsburg borough, Monroe County, Pennsylvania",5.0,2.9,66674.0,4371.0,42,089,74888,Stroudsburg,Monroe County,Borough,Stroudsburg,5.0,2.9,66674.0,4371.0,62303.0,71045.0,1399
"Marietta borough, Lancaster County, Pennsylvania",5.0,3.2,54167.0,12874.0,42,071,47424,Marietta,Lancaster County,Borough,Marietta,5.0,3.2,54167.0,12874.0,41293.0,67041.0,1399
"New Washington borough, Clearfield County, Pennsylvania",5.0,9.6,62500.0,33251.0,42,033,54344,New Washington,Clearfield County,Borough,New Washington,5.0,9.6,62500.0,33251.0,29249.0,95751.0,1399
"Pike township, Clearfield County, Pennsylvania",5.0,2.9,83958.0,15600.0,42,033,60192,Pike,Clearfield County,Township,Pike,5.0,2.9,83958.0,15600.0,68358.0,99558.0,1399
"Waterford borough, Erie County, Pennsylvania",5.0,4.8,51250.0,15067.0,42,049,81456,Waterford,Erie County,Borough,Waterford Borough,5.0,4.8,51250.0,15067.0,36183.0,66317.0,1399
"Coolbaugh township, Monroe County, Pennsylvania",5.0,1.9,82615.0,5718.0,42,089,15960,Coolbaugh,Monroe County,Township,Coolbaugh,5.0,1.9,82615.0,5718.0,76897.0,88333.0,1399
"Todd township, Fulton County, Pennsylvania",5.0,3.0,74485.0,10510.0,42,057,76984,Todd,Fulton County,Township,Todd,5.0,3.0,74485.0,10510.0,63975.0,84995.0,1399
"Sterling township, Wayne County, Pennsylvania",5.0,2.1,70417.0,23595.0,42,127,73968,Sterling,Wayne County,Township,Sterling,5.0,2.1,70417.0,23595.0,46822.0,94012.0,1399
"West Mifflin borough, Allegheny County, Pennsylvania",5.0,1.6,76563.0,9410.0,42,003,83512,West Mifflin,Allegheny County,Borough,West Mifflin,5.0,1.6,76563.0,9410.0,67153.0,85973.0,1399
"Henderson township, Jefferson County, Pennsylvania",5.0,2.5,58750.0,11167.0,42,065,33816,Henderson,Jefferson County,Township,Henderson,5.0,2.5,58750.0,11167.0,47583.0,69917.0,1399
"Perry township, Armstrong County, Pennsylvania",5.0,4.5,59375.0,13921.0,42,005,59440,Perry,Armstrong County,Township,Perry,5.0,4.5,59375.0,13921.0,45454.0,73296.0,1399
"Selinsgrove borough, Snyder County, Pennsylvania",5.0,3.6,65650.0,10993.0,42,109,69216,Selinsgrove,Snyder County,Borough,Selinsgrove,5.0,3.6,65650.0,10993.0,54657.0,76643.0,1399
"Jackson township, Snyder County, Pennsylvania",5.0,3.1,72171.0,8283.0,42,109,37448,Jackson,Snyder County,Township,Jackson,5.0,3.1,72171.0,8283.0,63888.0,80454.0,1399
"White township, Cambria County, Pennsylvania",5.0,3.9,50000.0,14432.0,42,021,84448,White,Cambria County,Township,White,5.0,3.9,50000.0,14432.0,35568.0,64432.0,1399
"Lehighton borough, Carbon County, Pennsylvania",5.0,4.8,64651.0,23488.0,42,025,42472,Lehighton,Carbon County,Borough,Lehighton,5.0,4.8,64651.0,23488.0,41163.0,88139.0,1399
"Farmington township, Tioga County, Pennsylvania",5.0,3.5,58750.0,17962.0,42,117,25296,Farmington,Tioga County,Township,Farmington,5.0,3.5,58750.0,17962.0,40788.0,76712.0,1399
"Nicholson township, Fayette County, Pennsylvania",5.0,3.0,65096.0,12925.0,42,051,54392,Nicholson,Fayette County,Township,Nicholson,5.0,3.0,65096.0,12925.0,52171.0,78021.0,1399
"Valencia borough, Butler County, Pennsylvania",5.0,3.4,68500.0,13675.0,42,019,79504,Valencia,Butler County,Borough,Valencia,5.0,3.4,68500.0,13675.0,54825.0,82175.0,1399
"Woodward township, Lycoming County, Pennsylvania",5.0,3.9,72989.0,11068.0,42,081,86456,Woodward,Lycoming County,Township,Woodward,5.0,3.9,72989.0,11068.0,61921.0,84057.0,1399
"Cass township, Huntingdon County, Pennsylvania",5.0,2.3,78750.0,21396.0,42,061,11600,Cass,Huntingdon County,Township,Cass,5.0,2.3,78750.0,21396.0,57354.0,100146.0,1399
"Texas township, Wayne County, Pennsylvania",5.0,3.1,42403.0,12555.0,42,127,76424,Texas,Wayne County,Township,Texas,5.0,3.1,42403.0,12555.0,29848.0,54958.0,1399
"Belfast township, Fulton County, Pennsylvania",5.0,2.4,64074.0,4132.0,42,057,05144,Belfast,Fulton County,Township,Belfast,5.0,2.4,64074.0,4132.0,59942.0,68206.0,1399
"Conoy township, Lancaster County, Pennsylvania",5.0,3.8,73511.0,9371.0,42,071,15824,Conoy,Lancaster County,Township,Conoy,5.0,3.8,73511.0,9371.0,64140.0,82882.0,1399
"Winslow township, Jefferson County, Pennsylvania",4.9,2.6,67763.0,9340.0,42,065,85840,Winslow,Jefferson County,Township,Winslow,4.9,2.6,67763.0,9340.0,58423.0,77103.0,1434
"Snyder township, Jefferson County, Pennsylvania",4.9,3.1,69886.0,7540.0,42,065,71632,Snyder,Jefferson County,Township,Snyder,4.9,3.1,69886.0,7540.0,62346.0,77426.0,1434
"Aldan borough, Delaware County, Pennsylvania",4.9,3.6,74514.0,11384.0,42,045,00676,Aldan,Delaware County,Borough,Aldan,4.9,3.6,74514.0,11384.0,63130.0,85898.0,1434
"Kelly township, Union County, Pennsylvania",4.9,3.5,54886.0,15845.0,42,119,39136,Kelly,Union County,Township,Kelly,4.9,3.5,54886.0,15845.0,39041.0,70731.0,1434
"Washington township, Cambria County, Pennsylvania",4.9,2.7,76406.0,10543.0,42,021,81200,Washington,Cambria County,Township,Washington,4.9,2.7,76406.0,10543.0,65863.0,86949.0,1434
"Lancaster city, Lancaster County, Pennsylvania",4.9,0.8,63690.0,3939.0,42,071,41216,Lancaster,Lancaster County,City,Lancaster City,4.9,0.8,63690.0,3939.0,59751.0,67629.0,1434
"Nelson township, Tioga County, Pennsylvania",4.9,5.9,82813.0,14493.0,42,117,52960,Nelson,Tioga County,Township,Nelson,4.9,5.9,82813.0,14493.0,68320.0,97306.0,1434
"North Apollo borough, Armstrong County, Pennsylvania",4.9,4.1,66629.0,8548.0,42,005,54728,North Apollo,Armstrong County,Borough,North Apollo,4.9,4.1,66629.0,8548.0,58081.0,75177.0,1434
"Chapman township, Snyder County, Pennsylvania",4.9,2.6,81016.0,14443.0,42,109,12672,Chapman,Snyder County,Township,Chapman,4.9,2.6,81016.0,14443.0,66573.0,95459.0,1434
"Punxsutawney borough, Jefferson County, Pennsylvania",4.9,2.8,42183.0,5309.0,42,065,62920,Punxsutawney,Jefferson County,Borough,Punxsutawney,4.9,2.8,42183.0,5309.0,36874.0,47492.0,1434
"Little Meadows borough, Susquehanna County, Pennsylvania",4.9,5.0,57500.0,20318.0,42,115,43928,Little Meadows,Susquehanna County,Borough,Little Meadows,4.9,5.0,57500.0,20318.0,37182.0,77818.0,1434
"Oil Creek township, Crawford County, Pennsylvania",4.9,2.8,66250.0,13950.0,42,039,56464,Oil Creek,Crawford County,Township,Oil Creek,4.9,2.8,66250.0,13950.0,52300.0,80200.0,1434
"Perry township, Mercer County, Pennsylvania",4.9,3.7,60250.0,12506.0,42,085,59496,Perry,Mercer County,Township,Perry,4.9,3.7,60250.0,12506.0,47744.0,72756.0,1434
"Fairmount township, Luzerne County, Pennsylvania",4.9,4.2,80417.0,24895.0,42,079,24752,Fairmount,Luzerne County,Township,Fairmount,4.9,4.2,80417.0,24895.0,55522.0,105312.0,1434
"East Mead township, Crawford County, Pennsylvania",4.9,4.6,86429.0,19023.0,42,039,21504,East Mead,Crawford County,Township,East Mead,4.9,4.6,86429.0,19023.0,67406.0,105452.0,1434
"Gulich township, Clearfield County, Pennsylvania",4.9,2.9,82457.0,10127.0,42,033,31752,Gulich,Clearfield County,Township,Gulich,4.9,2.9,82457.0,10127.0,72330.0,92584.0,1434
"Sheakleyville borough, Mercer County, Pennsylvania",4.9,5.7,73542.0,8100.0,42,085,69936,Sheakleyville,Mercer County,Borough,Sheakleyville,4.9,5.7,73542.0,8100.0,65442.0,81642.0,1434
"Franklin township, Fayette County, Pennsylvania",4.9,3.3,57250.0,17182.0,42,051,27400,Franklin,Fayette County,Township,Franklin,4.9,3.3,57250.0,17182.0,40068.0,74432.0,1434
"Duncansville borough, Blair County, Pennsylvania",4.9,4.2,55469.0,10239.0,42,013,20248,Duncansville,Blair County,Borough,Duncansville,4.9,4.2,55469.0,10239.0,45230.0,65708.0,1434
"Lehigh township, Carbon County, Pennsylvania",4.9,4.7,62500.0,15242.0,42,025,42400,Lehigh,Carbon County,Township,Lehigh,4.9,4.7,62500.0,15242.0,47258.0,77742.0,1434
"Girardville borough, Schuylkill County, Pennsylvania",4.9,7.3,41964.0,15110.0,42,107,29264,Girardville,Schuylkill County,Borough,Girardville,4.9,7.3,41964.0,15110.0,26854.0,57074.0,1434
"Koppel borough, Beaver County, Pennsylvania",4.9,4.5,76250.0,20119.0,42,007,40400,Koppel,Beaver County,Borough,Koppel,4.9,4.5,76250.0,20119.0,56131.0,96369.0,1434
"Bloomfield borough, Perry County, Pennsylvania",4.8,3.2,73542.0,11142.0,42,099,07040,Bloomfield,Perry County,Borough,Bloomfield,4.8,3.2,73542.0,11142.0,62400.0,84684.0,1456
"Gaskill township, Jefferson County, Pennsylvania",4.8,2.5,56917.0,21798.0,42,065,28592,Gaskill,Jefferson County,Township,Gaskill,4.8,2.5,56917.0,21798.0,35119.0,78715.0,1456
"Northeast Madison township, Perry County, Pennsylvania",4.8,3.1,76042.0,15215.0,42,099,54968,Northeast Madison,Perry County,Township,Northeast Madison,4.8,3.1,76042.0,15215.0,60827.0,91257.0,1456
"Morris township, Tioga County, Pennsylvania",4.8,3.1,63750.0,10907.0,42,117,51096,Morris,Tioga County,Township,Morris,4.8,3.1,63750.0,10907.0,52843.0,74657.0,1456
"Conyngham township, Luzerne County, Pennsylvania",4.8,2.5,60265.0,6497.0,42,079,15904,Conyngham,Luzerne County,Township,Conyngham Township,4.8,2.5,60265.0,6497.0,53768.0,66762.0,1456
"Springboro borough, Crawford County, Pennsylvania",4.8,5.2,51250.0,15620.0,42,039,72872,Springboro,Crawford County,Borough,Springboro,4.8,5.2,51250.0,15620.0,35630.0,66870.0,1456
"Cummings township, Lycoming County, Pennsylvania",4.8,3.7,72813.0,12035.0,42,081,17696,Cummings,Lycoming County,Township,Cummings,4.8,3.7,72813.0,12035.0,60778.0,84848.0,1456
"Hughesville borough, Lycoming County, Pennsylvania",4.8,3.1,64917.0,17391.0,42,081,36160,Hughesville,Lycoming County,Borough,Hughesville,4.8,3.1,64917.0,17391.0,47526.0,82308.0,1456
"Fountain Hill borough, Lehigh County, Pennsylvania",4.8,3.4,64107.0,12496.0,42,077,27008,Fountain Hill,Lehigh County,Borough,Fountain Hill,4.8,3.4,64107.0,12496.0,51611.0,76603.0,1456
"Wayne township, Erie County, Pennsylvania",4.8,2.8,73281.0,7795.0,42,049,81760,Wayne,Erie County,Township,Wayne,4.8,2.8,73281.0,7795.0,65486.0,81076.0,1456
"Royersford borough, Montgomery County, Pennsylvania",4.8,2.6,75288.0,10938.0,42,091,66576,Royersford,Montgomery County,Borough,Royersford,4.8,2.6,75288.0,10938.0,64350.0,86226.0,1456
"Bradys Bend township, Armstrong County, Pennsylvania",4.8,3.2,65536.0,16242.0,42,005,08152,Bradys Bend,Armstrong County,Township,Bradys Bend,4.8,3.2,65536.0,16242.0,49294.0,81778.0,1456
"White Deer township, Union County, Pennsylvania",4.8,4.0,83611.0,11957.0,42,119,84496,White Deer,Union County,Township,White Deer,4.8,4.0,83611.0,11957.0,71654.0,95568.0,1456
"North Belle Vernon borough, Westmoreland County, Pennsylvania",4.8,2.9,50588.0,9413.0,42,129,54776,North Belle Vernon,Westmoreland County,Borough,North Belle Vernon,4.8,2.9,50588.0,9413.0,41175.0,60001.0,1456
"Lower Alsace township, Berks County, Pennsylvania",4.8,3.1,76250.0,11779.0,42,011,44840,Lower Alsace,Berks County,Township,Lower Alsace,4.8,3.1,76250.0,11779.0,64471.0,88029.0,1456
"Birdsboro borough, Berks County, Pennsylvania",4.8,3.0,86290.0,14744.0,42,011,06504,Birdsboro,Berks County,Borough,Birdsboro,4.8,3.0,86290.0,14744.0,71546.0,101034.0,1456
"Munster township, Cambria County, Pennsylvania",4.8,2.8,93281.0,16837.0,42,021,52360,Munster,Cambria County,Township,Munster,4.8,2.8,93281.0,16837.0,76444.0,110118.0,1456
"Sandycreek township, Venango County, Pennsylvania",4.8,2.5,87794.0,19182.0,42,121,67824,Sandycreek,Venango County,Township,Sandycreek,4.8,2.5,87794.0,19182.0,68612.0,106976.0,1456
"Alsace township, Berks County, Pennsylvania",4.8,3.4,71103.0,17117.0,42,011,02120,Alsace,Berks County,Township,Alsace,4.8,3.4,71103.0,17117.0,53986.0,88220.0,1456
"Rainsburg borough, Bedford County, Pennsylvania",4.8,8.2,42500.0,16141.0,42,009,63312,Rainsburg,Bedford County,Borough,Rainsburg,4.8,8.2,42500.0,16141.0,26359.0,58641.0,1456
"Somerset township, Somerset County, Pennsylvania",4.8,3.4,62587.0,7605.0,42,111,71784,Somerset,Somerset County,Township,Somerset Township,4.8,3.4,62587.0,7605.0,54982.0,70192.0,1456
"Adams township, Snyder County, Pennsylvania",4.8,2.9,77625.0,12330.0,42,109,00316,Adams,Snyder County,Township,Adams,4.8,2.9,77625.0,12330.0,65295.0,89955.0,1456
"Montrose borough, Susquehanna County, Pennsylvania",4.8,3.5,53269.0,11935.0,42,115,50736,Montrose,Susquehanna County,Borough,Montrose,4.8,3.5,53269.0,11935.0,41334.0,65204.0,1456
"Middletown township, Susquehanna County, Pennsylvania",4.8,6.2,77250.0,18551.0,42,115,49152,Middletown,Susquehanna County,Township,Middletown,4.8,6.2,77250.0,18551.0,58699.0,95801.0,1456
"Ebensburg borough, Cambria County, Pennsylvania",4.7,3.0,58179.0,10831.0,42,021,22144,Ebensburg,Cambria County,Borough,Ebensburg,4.7,3.0,58179.0,10831.0,47348.0,69010.0,1480
"Callensburg borough, Clarion County, Pennsylvania",4.7,5.8,61875.0,23010.0,42,031,10792,Callensburg,Clarion County,Borough,Callensburg,4.7,5.8,61875.0,23010.0,38865.0,84885.0,1480
"Perry township, Snyder County, Pennsylvania",4.7,2.2,65236.0,3781.0,42,109,59504,Perry,Snyder County,Township,Perry,4.7,2.2,65236.0,3781.0,61455.0,69017.0,1480
"Rural Valley borough, Armstrong County, Pennsylvania",4.7,4.1,68512.0,13777.0,42,005,66720,Rural Valley,Armstrong County,Borough,Rural Valley,4.7,4.1,68512.0,13777.0,54735.0,82289.0,1480
"Chicora borough, Butler County, Pennsylvania",4.7,4.0,65813.0,22288.0,42,019,13440,Chicora,Butler County,Borough,Chicora,4.7,4.0,65813.0,22288.0,43525.0,88101.0,1480
"Troy township, Bradford County, Pennsylvania",4.7,3.4,63224.0,2520.0,42,015,77592,Troy,Bradford County,Township,Troy Township,4.7,3.4,63224.0,2520.0,60704.0,65744.0,1480
"Otter Creek township, Mercer County, Pennsylvania",4.7,3.2,43750.0,8223.0,42,085,57304,Otter Creek,Mercer County,Township,Otter Creek,4.7,3.2,43750.0,8223.0,35527.0,51973.0,1480
"Fairview township, Mercer County, Pennsylvania",4.7,4.1,61375.0,14952.0,42,085,24904,Fairview,Mercer County,Township,Fairview,4.7,4.1,61375.0,14952.0,46423.0,76327.0,1480
"Bonneauville borough, Adams County, Pennsylvania",4.7,2.3,59000.0,14245.0,42,001,07560,Bonneauville,Adams County,Borough,Bonneauville,4.7,2.3,59000.0,14245.0,44755.0,73245.0,1480
"Union township, Clearfield County, Pennsylvania",4.7,2.9,60294.0,9563.0,42,033,78296,Union,Clearfield County,Township,Union,4.7,2.9,60294.0,9563.0,50731.0,69857.0,1480
"Evans City borough, Butler County, Pennsylvania",4.7,2.2,74107.0,5360.0,42,019,24248,Evans,Butler County,Borough,Evans,4.7,2.2,74107.0,5360.0,68747.0,79467.0,1480
"Hanover township, Luzerne County, Pennsylvania",4.7,1.4,61056.0,9181.0,42,079,32416,Hanover,Luzerne County,Township,Hanover,4.7,1.4,61056.0,9181.0,51875.0,70237.0,1480
"Standing Stone township, Bradford County, Pennsylvania",4.7,3.8,87292.0,19074.0,42,015,73632,Standing Stone,Bradford County,Township,Standing Stone,4.7,3.8,87292.0,19074.0,68218.0,106366.0,1480
"Womelsdorf borough, Berks County, Pennsylvania",4.7,4.2,110735.0,17721.0,42,011,86056,Womelsdorf,Berks County,Borough,Womelsdorf,4.7,4.2,110735.0,17721.0,93014.0,128456.0,1480
"Henry Clay township, Fayette County, Pennsylvania",4.7,4.1,78056.0,27243.0,42,051,33896,Henry Clay,Fayette County,Township,Henry Clay,4.7,4.1,78056.0,27243.0,50813.0,105299.0,1480
"Perry township, Fayette County, Pennsylvania",4.7,2.3,67833.0,9416.0,42,051,59464,Perry,Fayette County,Township,Perry,4.7,2.3,67833.0,9416.0,58417.0,77249.0,1480
"Wayne township, Lawrence County, Pennsylvania",4.7,3.8,74375.0,14631.0,42,073,81776,Wayne,Lawrence County,Township,Wayne,4.7,3.8,74375.0,14631.0,59744.0,89006.0,1480
"Greenfield township, Erie County, Pennsylvania",4.7,2.7,83343.0,4708.0,42,049,31008,Greenfield,Erie County,Township,Greenfield,4.7,2.7,83343.0,4708.0,78635.0,88051.0,1480
"St. Lawrence borough, Berks County, Pennsylvania",4.7,2.4,85625.0,12456.0,42,011,67304,St. Lawrence,Berks County,Borough,St. Lawrence,4.7,2.4,85625.0,12456.0,73169.0,98081.0,1480
"South Woodbury township, Bedford County, Pennsylvania",4.7,2.0,74722.0,6102.0,42,009,72656,South Woodbury,Bedford County,Township,South Woodbury,4.7,2.0,74722.0,6102.0,68620.0,80824.0,1480
"Loyalhanna township, Westmoreland County, Pennsylvania",4.7,3.7,76389.0,21752.0,42,129,45200,Loyalhanna,Westmoreland County,Township,Loyalhanna,4.7,3.7,76389.0,21752.0,54637.0,98141.0,1480
"Mount Holly Springs borough, Cumberland County, Pennsylvania",4.7,5.0,65156.0,20576.0,42,041,51592,Mount Holly Springs,Cumberland County,Borough,Mount Holly Springs,4.7,5.0,65156.0,20576.0,44580.0,85732.0,1480
"Tower City borough, Schuylkill County, Pennsylvania",4.7,3.4,68482.0,3995.0,42,107,77184,Tower,Schuylkill County,Borough,Tower,4.7,3.4,68482.0,3995.0,64487.0,72477.0,1480
"Allegany township, Potter County, Pennsylvania",4.7,3.2,71250.0,14694.0,42,105,00836,Allegany,Potter County,Township,Allegany,4.7,3.2,71250.0,14694.0,56556.0,85944.0,1480
"East Penn township, Carbon County, Pennsylvania",4.7,2.5,70294.0,14068.0,42,025,21664,East Penn,Carbon County,Township,East Penn,4.7,2.5,70294.0,14068.0,56226.0,84362.0,1480
"Londonderry township, Dauphin County, Pennsylvania",4.6,4.0,91905.0,15181.0,42,043,44464,Londonderry,Dauphin County,Township,Londonderry,4.6,4.0,91905.0,15181.0,76724.0,107086.0,1505
"Monroe township, Wyoming County, Pennsylvania",4.6,2.4,59286.0,10221.0,42,131,50496,Monroe,Wyoming County,Township,Monroe,4.6,2.4,59286.0,10221.0,49065.0,69507.0,1505
"Big Beaver borough, Beaver County, Pennsylvania",4.6,2.3,71678.0,7515.0,42,007,06240,Big Beaver,Beaver County,Borough,Big Beaver,4.6,2.3,71678.0,7515.0,64163.0,79193.0,1505
"Hunlock township, Luzerne County, Pennsylvania",4.6,3.2,69769.0,15007.0,42,079,36296,Hunlock,Luzerne County,Township,Hunlock,4.6,3.2,69769.0,15007.0,54762.0,84776.0,1505
"Littlestown borough, Adams County, Pennsylvania",4.6,3.1,70901.0,20310.0,42,001,43944,Littlestown,Adams County,Borough,Littlestown,4.6,3.1,70901.0,20310.0,50591.0,91211.0,1505
"Lycoming township, Lycoming County, Pennsylvania",4.6,3.3,71563.0,10139.0,42,081,45584,Lycoming,Lycoming County,Township,Lycoming,4.6,3.3,71563.0,10139.0,61424.0,81702.0,1505
"Lake township, Mercer County, Pennsylvania",4.6,2.6,56250.0,14878.0,42,085,40928,Lake,Mercer County,Township,Lake,4.6,2.6,56250.0,14878.0,41372.0,71128.0,1505
"Butler city, Butler County, Pennsylvania",4.6,2.4,44247.0,4007.0,42,019,10464,Butler,Butler County,City,Butler City,4.6,2.4,44247.0,4007.0,40240.0,48254.0,1505
"Cresson township, Cambria County, Pennsylvania",4.6,3.1,61875.0,19131.0,42,021,17144,Cresson,Cambria County,Township,Cresson Township,4.6,3.1,61875.0,19131.0,42744.0,81006.0,1505
"Shiremanstown borough, Cumberland County, Pennsylvania",4.6,2.8,75260.0,5655.0,42,041,70384,Shiremanstown,Cumberland County,Borough,Shiremanstown,4.6,2.8,75260.0,5655.0,69605.0,80915.0,1505
"Cornplanter township, Venango County, Pennsylvania",4.6,3.0,68929.0,10675.0,42,121,16232,Cornplanter,Venango County,Township,Cornplanter,4.6,3.0,68929.0,10675.0,58254.0,79604.0,1505
"Center township, Snyder County, Pennsylvania",4.6,4.1,70298.0,14708.0,42,109,12060,Center,Snyder County,Township,Center,4.6,4.1,70298.0,14708.0,55590.0,85006.0,1505
"Kenhorst borough, Berks County, Pennsylvania",4.6,4.7,86705.0,8858.0,42,011,39256,Kenhorst,Berks County,Borough,Kenhorst,4.6,4.7,86705.0,8858.0,77847.0,95563.0,1505
"Lower Mount Bethel township, Northampton County, Pennsylvania",4.6,2.7,84083.0,16389.0,42,095,45016,Lower Mount Bethel,Northampton County,Township,Lower Mount Bethel,4.6,2.7,84083.0,16389.0,67694.0,100472.0,1505
"Northampton borough, Northampton County, Pennsylvania",4.6,2.5,90762.0,13403.0,42,095,54696,Northampton,Northampton County,Borough,Northampton,4.6,2.5,90762.0,13403.0,77359.0,104165.0,1505
"Freedom township, Blair County, Pennsylvania",4.6,3.6,75096.0,43762.0,42,013,27720,Freedom,Blair County,Township,Freedom,4.6,3.6,75096.0,43762.0,31334.0,118858.0,1505
"Union township, Crawford County, Pennsylvania",4.6,3.1,71382.0,8051.0,42,039,78304,Union,Crawford County,Township,Union,4.6,3.1,71382.0,8051.0,63331.0,79433.0,1505
"Connellsville city, Fayette County, Pennsylvania",4.6,2.5,45721.0,8087.0,42,051,15776,Connellsville,Fayette County,City,Connellsville City,4.6,2.5,45721.0,8087.0,37634.0,53808.0,1505
"Conemaugh township, Indiana County, Pennsylvania",4.6,3.2,63478.0,11634.0,42,063,15560,Conemaugh,Indiana County,Township,Conemaugh,4.6,3.2,63478.0,11634.0,51844.0,75112.0,1505
"Branch township, Schuylkill County, Pennsylvania",4.6,2.7,79139.0,7519.0,42,107,08200,Branch,Schuylkill County,Township,Branch,4.6,2.7,79139.0,7519.0,71620.0,86658.0,1505
"Cass township, Schuylkill County, Pennsylvania",4.5,2.2,81917.0,12119.0,42,107,11608,Cass,Schuylkill County,Township,Cass,4.5,2.2,81917.0,12119.0,69798.0,94036.0,1525
"Elk Lick township, Somerset County, Pennsylvania",4.5,1.8,70750.0,14194.0,42,111,23168,Elk Lick,Somerset County,Township,Elk Lick,4.5,1.8,70750.0,14194.0,56556.0,84944.0,1525
"West Franklin township, Armstrong County, Pennsylvania",4.5,2.3,67961.0,14547.0,42,005,83024,West Franklin,Armstrong County,Township,West Franklin,4.5,2.3,67961.0,14547.0,53414.0,82508.0,1525
"Hartley township, Union County, Pennsylvania",4.5,2.9,67356.0,4119.0,42,119,32952,Hartley,Union County,Township,Hartley,4.5,2.9,67356.0,4119.0,63237.0,71475.0,1525
"Hebron township, Potter County, Pennsylvania",4.5,3.7,56563.0,17675.0,42,105,33512,Hebron,Potter County,Township,Hebron,4.5,3.7,56563.0,17675.0,38888.0,74238.0,1525
"Wyalusing borough, Bradford County, Pennsylvania",4.5,4.6,43636.0,9900.0,42,015,86656,Wyalusing,Bradford County,Borough,Wyalusing Borough,4.5,4.6,43636.0,9900.0,33736.0,53536.0,1525
"Anthony township, Lycoming County, Pennsylvania",4.5,2.5,78295.0,10356.0,42,081,02656,Anthony,Lycoming County,Township,Anthony,4.5,2.5,78295.0,10356.0,67939.0,88651.0,1525
"Monroe township, Bedford County, Pennsylvania",4.5,2.6,58056.0,9175.0,42,009,50424,Monroe,Bedford County,Township,Monroe,4.5,2.6,58056.0,9175.0,48881.0,67231.0,1525
"Lower Yoder township, Cambria County, Pennsylvania",4.5,2.5,42970.0,5542.0,42,021,45160,Lower Yoder,Cambria County,Township,Lower Yoder,4.5,2.5,42970.0,5542.0,37428.0,48512.0,1525
"Tilden township, Berks County, Pennsylvania",4.5,3.7,80168.0,31003.0,42,011,76712,Tilden,Berks County,Township,Tilden,4.5,3.7,80168.0,31003.0,49165.0,111171.0,1525
"Providence township, Lancaster County, Pennsylvania",4.5,3.1,63696.0,10582.0,42,071,62832,Providence,Lancaster County,Township,Providence,4.5,3.1,63696.0,10582.0,53114.0,74278.0,1525
"Buffington township, Indiana County, Pennsylvania",4.5,3.0,65662.0,18365.0,42,063,10104,Buffington,Indiana County,Township,Buffington,4.5,3.0,65662.0,18365.0,47297.0,84027.0,1525
"Eulalia township, Potter County, Pennsylvania",4.5,3.2,78375.0,14056.0,42,105,24184,Eulalia,Potter County,Township,Eulalia,4.5,3.2,78375.0,14056.0,64319.0,92431.0,1525
"Oakland township, Susquehanna County, Pennsylvania",4.5,2.8,58021.0,13780.0,42,115,56016,Oakland,Susquehanna County,Township,Oakland Township,4.5,2.8,58021.0,13780.0,44241.0,71801.0,1525
"Ashland borough, Schuylkill County, Pennsylvania",4.5,5.4,52708.0,12382.0,42,107,03264,Ashland,Schuylkill County,Borough,Ashland,4.5,5.4,52708.0,12382.0,40326.0,65090.0,1525
"Peach Bottom township, York County, Pennsylvania",4.5,2.8,84737.0,19639.0,42,133,58560,Peach Bottom,York County,Township,Peach Bottom,4.5,2.8,84737.0,19639.0,65098.0,104376.0,1525
"Richhill township, Greene County, Pennsylvania",4.5,2.4,74167.0,32425.0,42,059,64512,Richhill,Greene County,Township,Richhill,4.5,2.4,74167.0,32425.0,41742.0,106592.0,1525
"Decatur township, Mifflin County, Pennsylvania",4.5,2.3,61302.0,16139.0,42,087,18464,Decatur,Mifflin County,Township,Decatur,4.5,2.3,61302.0,16139.0,45163.0,77441.0,1525
"Ulster township, Bradford County, Pennsylvania",4.5,2.3,76250.0,13451.0,42,015,78232,Ulster,Bradford County,Township,Ulster,4.5,2.3,76250.0,13451.0,62799.0,89701.0,1525
"Cassandra borough, Cambria County, Pennsylvania",4.5,5.9,56944.0,2644.0,42,021,11616,Cassandra,Cambria County,Borough,Cassandra,4.5,5.9,56944.0,2644.0,54300.0,59588.0,1525
"West Lebanon township, Lebanon County, Pennsylvania",4.5,3.2,67500.0,17043.0,42,075,83312,West Lebanon,Lebanon County,Township,West Lebanon,4.5,3.2,67500.0,17043.0,50457.0,84543.0,1525
"Applewold borough, Armstrong County, Pennsylvania",4.5,6.9,61250.0,37161.0,42,005,02752,Applewold,Armstrong County,Borough,Applewold,4.5,6.9,61250.0,37161.0,24089.0,98411.0,1525
"Northmoreland township, Wyoming County, Pennsylvania",4.4,2.2,82344.0,8851.0,42,131,55232,Northmoreland,Wyoming County,Township,Northmoreland,4.4,2.2,82344.0,8851.0,73493.0,91195.0,1547
"Bridgewater borough, Beaver County, Pennsylvania",4.4,2.5,61250.0,13774.0,42,007,08632,Bridgewater,Beaver County,Borough,Bridgewater,4.4,2.5,61250.0,13774.0,47476.0,75024.0,1547
"New Salem borough, York County, Pennsylvania",4.4,3.5,106806.0,4296.0,42,133,54056,New Salem,York County,Borough,New Salem,4.4,3.5,106806.0,4296.0,102510.0,111102.0,1547
"Sligo borough, Clarion County, Pennsylvania",4.4,4.0,52679.0,7550.0,42,031,71176,Sligo,Clarion County,Borough,Sligo,4.4,4.0,52679.0,7550.0,45129.0,60229.0,1547
"Forest City borough, Susquehanna County, Pennsylvania",4.4,2.8,57404.0,11815.0,42,115,26560,Forest,Susquehanna County,Borough,Forest,4.4,2.8,57404.0,11815.0,45589.0,69219.0,1547
"Yorkana borough, York County, Pennsylvania",4.4,7.2,66250.0,31413.0,42,133,87064,Yorkana,York County,Borough,Yorkana,4.4,7.2,66250.0,31413.0,34837.0,97663.0,1547
"Monaca borough, Beaver County, Pennsylvania",4.4,2.2,73538.0,8672.0,42,007,50320,Monaca,Beaver County,Borough,Monaca,4.4,2.2,73538.0,8672.0,64866.0,82210.0,1547
"Baden borough, Beaver County, Pennsylvania",4.4,2.5,63400.0,7102.0,42,007,03736,Baden,Beaver County,Borough,Baden,4.4,2.5,63400.0,7102.0,56298.0,70502.0,1547
"North Mahoning township, Indiana County, Pennsylvania",4.4,2.3,55469.0,9246.0,42,063,55184,North Mahoning,Indiana County,Township,North Mahoning,4.4,2.3,55469.0,9246.0,46223.0,64715.0,1547
"Ellport borough, Lawrence County, Pennsylvania",4.4,3.4,74625.0,22982.0,42,073,23280,Ellport,Lawrence County,Borough,Ellport,4.4,3.4,74625.0,22982.0,51643.0,97607.0,1547
"Millstone township, Elk County, Pennsylvania",4.4,7.2,55625.0,22402.0,42,047,49888,Millstone,Elk County,Township,Millstone,4.4,7.2,55625.0,22402.0,33223.0,78027.0,1547
"Emlenton borough, Venango County, Pennsylvania",4.4,3.4,61058.0,4815.0,42,121,23568,Emlenton,Venango County,Borough,Emlenton,4.4,3.4,61058.0,4815.0,56243.0,65873.0,1547
"Johnsonburg borough, Elk County, Pennsylvania",4.4,2.6,61484.0,12737.0,42,047,38248,Johnsonburg,Elk County,Borough,Johnsonburg,4.4,2.6,61484.0,12737.0,48747.0,74221.0,1547
"South Centre township, Columbia County, Pennsylvania",4.4,3.2,65045.0,15518.0,42,037,72040,South Centre,Columbia County,Township,South Centre,4.4,3.2,65045.0,15518.0,49527.0,80563.0,1547
"Corry city, Erie County, Pennsylvania",4.4,3.5,48618.0,7219.0,42,049,16296,Corry,Erie County,City,Corry,4.4,3.5,48618.0,7219.0,41399.0,55837.0,1547
"Cherry Grove township, Warren County, Pennsylvania",4.4,4.2,56136.0,12936.0,42,123,13056,Cherry Grove,Warren County,Township,Cherry Grove,4.4,4.2,56136.0,12936.0,43200.0,69072.0,1547
"West Pottsgrove township, Montgomery County, Pennsylvania",4.4,2.6,81065.0,10879.0,42,091,83912,West Pottsgrove,Montgomery County,Township,West Pottsgrove,4.4,2.6,81065.0,10879.0,70186.0,91944.0,1547
"Dunlevy borough, Washington County, Pennsylvania",4.4,3.7,74500.0,25489.0,42,125,20328,Dunlevy,Washington County,Borough,Dunlevy,4.4,3.7,74500.0,25489.0,49011.0,99989.0,1547
"Georges township, Fayette County, Pennsylvania",4.4,3.4,90443.0,18029.0,42,051,28792,Georges,Fayette County,Township,Georges,4.4,3.4,90443.0,18029.0,72414.0,108472.0,1547
"Springdale township, Allegheny County, Pennsylvania",4.4,2.0,62024.0,13452.0,42,003,72968,Springdale,Allegheny County,Township,Springdale Township,4.4,2.0,62024.0,13452.0,48572.0,75476.0,1547
"Rome township, Crawford County, Pennsylvania",4.4,3.5,58816.0,6640.0,42,039,65960,Rome,Crawford County,Township,Rome,4.4,3.5,58816.0,6640.0,52176.0,65456.0,1547
"Windham township, Bradford County, Pennsylvania",4.4,4.4,63125.0,22365.0,42,015,85672,Windham,Bradford County,Township,Windham,4.4,4.4,63125.0,22365.0,40760.0,85490.0,1547
"Swoyersville borough, Luzerne County, Pennsylvania",4.4,2.8,71555.0,8775.0,42,079,75832,Swoyersville,Luzerne County,Borough,Swoyersville,4.4,2.8,71555.0,8775.0,62780.0,80330.0,1547
"Waynesboro borough, Franklin County, Pennsylvania",4.4,2.1,66956.0,5142.0,42,055,81824,Waynesboro,Franklin County,Borough,Waynesboro,4.4,2.1,66956.0,5142.0,61814.0,72098.0,1547
"Porter township, Clinton County, Pennsylvania",4.4,2.9,73100.0,8136.0,42,035,62152,Porter,Clinton County,Township,Porter,4.4,2.9,73100.0,8136.0,64964.0,81236.0,1547
"Blain borough, Perry County, Pennsylvania",4.3,5.9,73750.0,20602.0,42,099,06824,Blain,Perry County,Borough,Blain,4.3,5.9,73750.0,20602.0,53148.0,94352.0,1572
"Choconut township, Susquehanna County, Pennsylvania",4.3,2.2,60852.0,7105.0,42,115,13504,Choconut,Susquehanna County,Township,Choconut,4.3,2.2,60852.0,7105.0,53747.0,67957.0,1572
"Brady township, Huntingdon County, Pennsylvania",4.3,2.9,73393.0,14221.0,42,061,08128,Brady,Huntingdon County,Township,Brady,4.3,2.9,73393.0,14221.0,59172.0,87614.0,1572
"Turbotville borough, Northumberland County, Pennsylvania",4.3,3.2,101406.0,54142.0,42,097,77832,Turbotville,Northumberland County,Borough,Turbotville,4.3,3.2,101406.0,54142.0,47264.0,155548.0,1572
"Shippen township, Tioga County, Pennsylvania",4.3,3.4,60000.0,26035.0,42,117,70344,Shippen,Tioga County,Township,Shippen,4.3,3.4,60000.0,26035.0,33965.0,86035.0,1572
"Lemon township, Wyoming County, Pennsylvania",4.3,2.9,80700.0,15223.0,42,131,42616,Lemon,Wyoming County,Township,Lemon,4.3,2.9,80700.0,15223.0,65477.0,95923.0,1572
"Mehoopany township, Wyoming County, Pennsylvania",4.3,3.5,66518.0,18271.0,42,131,48528,Mehoopany,Wyoming County,Township,Mehoopany,4.3,3.5,66518.0,18271.0,48247.0,84789.0,1572
"Mercersburg borough, Franklin County, Pennsylvania",4.3,2.4,66114.0,10834.0,42,055,48704,Mercersburg,Franklin County,Borough,Mercersburg,4.3,2.4,66114.0,10834.0,55280.0,76948.0,1572
"Clairton city, Allegheny County, Pennsylvania",4.3,3.1,36538.0,6080.0,42,003,13704,Clairton,Allegheny County,City,Clairton,4.3,3.1,36538.0,6080.0,30458.0,42618.0,1572
"Kittanning township, Armstrong County, Pennsylvania",4.3,2.5,78750.0,21438.0,42,005,40056,Kittanning,Armstrong County,Township,Kittanning Township,4.3,2.5,78750.0,21438.0,57312.0,100188.0,1572
"Lawrence township, Clearfield County, Pennsylvania",4.3,2.1,62371.0,8672.0,42,033,41952,Lawrence,Clearfield County,Township,Lawrence,4.3,2.1,62371.0,8672.0,53699.0,71043.0,1572
"Springfield township, Fayette County, Pennsylvania",4.3,5.0,56667.0,18825.0,42,051,73064,Springfield,Fayette County,Township,Springfield,4.3,5.0,56667.0,18825.0,37842.0,75492.0,1572
"Wayne township, Crawford County, Pennsylvania",4.3,2.3,75000.0,12633.0,42,039,81736,Wayne,Crawford County,Township,Wayne,4.3,2.3,75000.0,12633.0,62367.0,87633.0,1572
"Columbia borough, Lancaster County, Pennsylvania",4.3,1.8,54437.0,7615.0,42,071,15384,Columbia,Lancaster County,Borough,Columbia,4.3,1.8,54437.0,7615.0,46822.0,62052.0,1572
"Lehman township, Pike County, Pennsylvania",4.3,2.1,66870.0,11927.0,42,103,42512,Lehman,Pike County,Township,Lehman,4.3,2.1,66870.0,11927.0,54943.0,78797.0,1572
"Lake township, Wayne County, Pennsylvania",4.3,3.7,59873.0,14349.0,42,127,40936,Lake,Wayne County,Township,Lake,4.3,3.7,59873.0,14349.0,45524.0,74222.0,1572
"Elizabeth borough, Allegheny County, Pennsylvania",4.3,2.5,51174.0,6192.0,42,003,22992,Elizabeth,Allegheny County,Borough,Elizabeth Borough,4.3,2.5,51174.0,6192.0,44982.0,57366.0,1572
"Plains township, Luzerne County, Pennsylvania",4.3,1.9,73790.0,10022.0,42,079,61120,Plains,Luzerne County,Township,Plains,4.3,1.9,73790.0,10022.0,63768.0,83812.0,1572
"Brady township, Butler County, Pennsylvania",4.3,2.9,78977.0,12348.0,42,019,08096,Brady,Butler County,Township,Brady,4.3,2.9,78977.0,12348.0,66629.0,91325.0,1572
"Stonycreek township, Cambria County, Pennsylvania",4.3,3.0,54648.0,8541.0,42,021,74432,Stonycreek,Cambria County,Township,Stonycreek,4.3,3.0,54648.0,8541.0,46107.0,63189.0,1572
"Chatham township, Tioga County, Pennsylvania",4.3,3.9,71667.0,5698.0,42,117,12880,Chatham,Tioga County,Township,Chatham,4.3,3.9,71667.0,5698.0,65969.0,77365.0,1572
"North Union township, Fayette County, Pennsylvania",4.3,1.8,54336.0,9269.0,42,051,55464,North Union,Fayette County,Township,North Union,4.3,1.8,54336.0,9269.0,45067.0,63605.0,1572
"Bedford township, Bedford County, Pennsylvania",4.2,3.0,61136.0,22314.0,42,009,04952,Bedford,Bedford County,Township,Bedford Township,4.2,3.0,61136.0,22314.0,38822.0,83450.0,1594
"Red Lion borough, York County, Pennsylvania",4.2,3.7,72901.0,15393.0,42,133,63840,Red Lion,York County,Borough,Red Lion,4.2,3.7,72901.0,15393.0,57508.0,88294.0,1594
"South Shenango township, Crawford County, Pennsylvania",4.2,2.6,67434.0,12347.0,42,039,72472,South Shenango,Crawford County,Township,South Shenango,4.2,2.6,67434.0,12347.0,55087.0,79781.0,1594
"Fox township, Sullivan County, Pennsylvania",4.2,4.4,56250.0,15848.0,42,113,27096,Fox,Sullivan County,Township,Fox,4.2,4.4,56250.0,15848.0,40402.0,72098.0,1594
"Penn township, Centre County, Pennsylvania",4.2,2.5,69550.0,5940.0,42,027,58800,Penn,Centre County,Township,Penn,4.2,2.5,69550.0,5940.0,63610.0,75490.0,1594
"West Cameron township, Northumberland County, Pennsylvania",4.2,3.2,75000.0,8436.0,42,097,82680,West Cameron,Northumberland County,Township,West Cameron,4.2,3.2,75000.0,8436.0,66564.0,83436.0,1594
"Pittston city, Luzerne County, Pennsylvania",4.2,1.7,49941.0,8196.0,42,079,61048,Pittston,Luzerne County,City,Pittston City,4.2,1.7,49941.0,8196.0,41745.0,58137.0,1594
"Industry borough, Beaver County, Pennsylvania",4.2,2.3,75694.0,8199.0,42,007,36944,Industry,Beaver County,Borough,Industry,4.2,2.3,75694.0,8199.0,67495.0,83893.0,1594
"North Catasauqua borough, Northampton County, Pennsylvania",4.2,2.8,77396.0,23025.0,42,095,54872,North Catasauqua,Northampton County,Borough,North Catasauqua,4.2,2.8,77396.0,23025.0,54371.0,100421.0,1594
"Blythe township, Schuylkill County, Pennsylvania",4.2,3.0,68750.0,10884.0,42,107,07336,Blythe,Schuylkill County,Township,Blythe,4.2,3.0,68750.0,10884.0,57866.0,79634.0,1594
"Munhall borough, Allegheny County, Pennsylvania",4.2,2.5,52517.0,5135.0,42,003,52320,Munhall,Allegheny County,Borough,Munhall,4.2,2.5,52517.0,5135.0,47382.0,57652.0,1594
"Platea borough, Erie County, Pennsylvania",4.2,4.2,67125.0,11908.0,42,049,61168,Platea,Erie County,Borough,Platea,4.2,4.2,67125.0,11908.0,55217.0,79033.0,1594
"Schwenksville borough, Montgomery County, Pennsylvania",4.2,2.0,72500.0,11813.0,42,091,68328,Schwenksville,Montgomery County,Borough,Schwenksville,4.2,2.0,72500.0,11813.0,60687.0,84313.0,1594
"Mann township, Bedford County, Pennsylvania",4.2,3.5,53750.0,18888.0,42,009,46928,Mann,Bedford County,Township,Mann,4.2,3.5,53750.0,18888.0,34862.0,72638.0,1594
"Oakland township, Venango County, Pennsylvania",4.2,2.2,77500.0,9713.0,42,121,56024,Oakland,Venango County,Township,Oakland,4.2,2.2,77500.0,9713.0,67787.0,87213.0,1594
"Farmington township, Clarion County, Pennsylvania",4.2,2.5,86897.0,5375.0,42,031,25272,Farmington,Clarion County,Township,Farmington,4.2,2.5,86897.0,5375.0,81522.0,92272.0,1594
"Bell township, Clearfield County, Pennsylvania",4.2,3.0,61406.0,15481.0,42,033,05192,Bell,Clearfield County,Township,Bell,4.2,3.0,61406.0,15481.0,45925.0,76887.0,1594
"Porter township, Schuylkill County, Pennsylvania",4.2,2.4,72500.0,13785.0,42,107,62200,Porter,Schuylkill County,Township,Porter,4.2,2.4,72500.0,13785.0,58715.0,86285.0,1594
"Shirleysburg borough, Huntingdon County, Pennsylvania",4.2,8.4,56250.0,27877.0,42,061,70408,Shirleysburg,Huntingdon County,Borough,Shirleysburg,4.2,8.4,56250.0,27877.0,28373.0,84127.0,1594
"Jefferson township, Fayette County, Pennsylvania",4.2,3.0,74844.0,16935.0,42,051,37872,Jefferson,Fayette County,Township,Jefferson,4.2,3.0,74844.0,16935.0,57909.0,91779.0,1594
"Kane borough, McKean County, Pennsylvania",4.2,2.7,52353.0,5173.0,42,083,38688,Kane,McKean County,Borough,Kane,4.2,2.7,52353.0,5173.0,47180.0,57526.0,1594
"McDonald borough, Washington County, Pennsylvania",4.2,2.8,65691.0,6998.0,42,125,46072,McDonald,Washington County,Borough,McDonald,4.2,2.8,65691.0,6998.0,58693.0,72689.0,1594
"Burnside township, Centre County, Pennsylvania",4.2,3.0,65625.0,15030.0,42,027,10272,Burnside,Centre County,Township,Burnside,4.2,3.0,65625.0,15030.0,50595.0,80655.0,1594
"Carnegie borough, Allegheny County, Pennsylvania",4.2,1.7,67656.0,11221.0,42,003,11336,Carnegie,Allegheny County,Borough,Carnegie,4.2,1.7,67656.0,11221.0,56435.0,78877.0,1594
"Troy township, Crawford County, Pennsylvania",4.2,2.7,71202.0,4825.0,42,039,77616,Troy,Crawford County,Township,Troy,4.2,2.7,71202.0,4825.0,66377.0,76027.0,1594
"Nicholson township, Wyoming County, Pennsylvania",4.1,2.3,72500.0,8738.0,42,131,54408,Nicholson,Wyoming County,Township,Nicholson Township,4.1,2.3,72500.0,8738.0,63762.0,81238.0,1619
"Millheim borough, Centre County, Pennsylvania",4.1,3.5,73125.0,14586.0,42,027,49768,Millheim,Centre County,Borough,Millheim,4.1,3.5,73125.0,14586.0,58539.0,87711.0,1619
"Everett borough, Bedford County, Pennsylvania",4.1,3.2,38565.0,9690.0,42,009,24304,Everett,Bedford County,Borough,Everett,4.1,3.2,38565.0,9690.0,28875.0,48255.0,1619
"Eldred township, Warren County, Pennsylvania",4.1,4.7,63500.0,18547.0,42,123,22920,Eldred,Warren County,Township,Eldred,4.1,4.7,63500.0,18547.0,44953.0,82047.0,1619
"Mineral township, Venango County, Pennsylvania",4.1,2.8,65000.0,28446.0,42,121,50048,Mineral,Venango County,Township,Mineral,4.1,2.8,65000.0,28446.0,36554.0,93446.0,1619
"Eaton township, Wyoming County, Pennsylvania",4.1,2.0,69531.0,11019.0,42,131,22112,Eaton,Wyoming County,Township,Eaton,4.1,2.0,69531.0,11019.0,58512.0,80550.0,1619
"Hawthorn borough, Clarion County, Pennsylvania",4.1,3.3,46932.0,10087.0,42,031,33216,Hawthorn,Clarion County,Borough,Hawthorn,4.1,3.3,46932.0,10087.0,36845.0,57019.0,1619
"Halifax township, Dauphin County, Pennsylvania",4.1,2.3,70854.0,10881.0,42,043,32040,Halifax,Dauphin County,Township,Halifax Township,4.1,2.3,70854.0,10881.0,59973.0,81735.0,1619
"Wilkinsburg borough, Allegheny County, Pennsylvania",4.1,1.7,46416.0,3814.0,42,003,85188,Wilkinsburg,Allegheny County,Borough,Wilkinsburg,4.1,1.7,46416.0,3814.0,42602.0,50230.0,1619
"Pine township, Columbia County, Pennsylvania",4.1,3.0,55667.0,11067.0,42,037,60304,Pine,Columbia County,Township,Pine,4.1,3.0,55667.0,11067.0,44600.0,66734.0,1619
"Dickson City borough, Lackawanna County, Pennsylvania",4.1,3.8,59963.0,7615.0,42,069,19160,Dickson,Lackawanna County,Borough,Dickson,4.1,3.8,59963.0,7615.0,52348.0,67578.0,1619
"Ashley borough, Luzerne County, Pennsylvania",4.1,4.1,56500.0,7697.0,42,079,03272,Ashley,Luzerne County,Borough,Ashley,4.1,4.1,56500.0,7697.0,48803.0,64197.0,1619
"Snyder township, Blair County, Pennsylvania",4.1,3.1,71071.0,19076.0,42,013,71624,Snyder,Blair County,Township,Snyder,4.1,3.1,71071.0,19076.0,51995.0,90147.0,1619
"Union township, Lawrence County, Pennsylvania",4.1,2.7,64826.0,12555.0,42,073,78368,Union,Lawrence County,Township,Union,4.1,2.7,64826.0,12555.0,52271.0,77381.0,1619
"Point Marion borough, Fayette County, Pennsylvania",4.1,3.3,60298.0,19666.0,42,051,61864,Point Marion,Fayette County,Borough,Point Marion,4.1,3.3,60298.0,19666.0,40632.0,79964.0,1619
"East Washington borough, Washington County, Pennsylvania",4.1,3.2,91136.0,26935.0,42,125,22016,East Washington,Washington County,Borough,East Washington,4.1,3.2,91136.0,26935.0,64201.0,118071.0,1619
"Foster township, McKean County, Pennsylvania",4.1,2.3,70362.0,8930.0,42,083,26936,Foster,McKean County,Township,Foster,4.1,2.3,70362.0,8930.0,61432.0,79292.0,1619
"Monongahela city, Washington County, Pennsylvania",4.1,2.8,59861.0,6897.0,42,125,50408,Monongahela,Washington County,City,Monongahela,4.1,2.8,59861.0,6897.0,52964.0,66758.0,1619
"Mifflin township, Lycoming County, Pennsylvania",4.1,3.0,65865.0,11312.0,42,081,49280,Mifflin,Lycoming County,Township,Mifflin,4.1,3.0,65865.0,11312.0,54553.0,77177.0,1619
"Troy borough, Bradford County, Pennsylvania",4.1,2.6,51016.0,7897.0,42,015,77584,Troy,Bradford County,Borough,Troy Borough,4.1,2.6,51016.0,7897.0,43119.0,58913.0,1619
"Union township, Schuylkill County, Pennsylvania",4.1,3.0,85379.0,8167.0,42,107,78400,Union,Schuylkill County,Township,Union,4.1,3.0,85379.0,8167.0,77212.0,93546.0,1619
"Middlecreek township, Snyder County, Pennsylvania",4.1,2.3,62344.0,14628.0,42,109,49016,Middlecreek,Snyder County,Township,Middlecreek,4.1,2.3,62344.0,14628.0,47716.0,76972.0,1619
"Palmerton borough, Carbon County, Pennsylvania",4.1,2.4,68143.0,16780.0,42,025,57696,Palmerton,Carbon County,Borough,Palmerton,4.1,2.4,68143.0,16780.0,51363.0,84923.0,1619
"Cheswick borough, Allegheny County, Pennsylvania",4.1,3.1,75000.0,10482.0,42,003,13392,Cheswick,Allegheny County,Borough,Cheswick,4.1,3.1,75000.0,10482.0,64518.0,85482.0,1619
"Colerain township, Bedford County, Pennsylvania",4.0,2.7,66607.0,11592.0,42,009,15032,Colerain,Bedford County,Township,Colerain,4.0,2.7,66607.0,11592.0,55015.0,78199.0,1643
"Toboyne township, Perry County, Pennsylvania",4.0,2.9,60764.0,15323.0,42,099,76920,Toboyne,Perry County,Township,Toboyne,4.0,2.9,60764.0,15323.0,45441.0,76087.0,1643
"Avoca borough, Luzerne County, Pennsylvania",4.0,4.1,63478.0,7993.0,42,079,03640,Avoca,Luzerne County,Borough,Avoca,4.0,4.1,63478.0,7993.0,55485.0,71471.0,1643
"New Castle township, Schuylkill County, Pennsylvania",4.0,4.1,85592.0,13178.0,42,107,53376,New Castle,Schuylkill County,Township,New Castle,4.0,4.1,85592.0,13178.0,72414.0,98770.0,1643
"Telford borough, Bucks County, Pennsylvania",4.0,3.4,83922.0,9242.0,42,017,76304,Telford,Bucks County,Borough,Telford,4.0,3.4,83922.0,9242.0,74680.0,93164.0,1643
"Banks township, Indiana County, Pennsylvania",4.0,2.8,58750.0,11581.0,42,063,04056,Banks,Indiana County,Township,Banks,4.0,2.8,58750.0,11581.0,47169.0,70331.0,1643
"Springhill township, Fayette County, Pennsylvania",4.0,3.4,44700.0,12658.0,42,051,73240,Springhill,Fayette County,Township,Springhill,4.0,3.4,44700.0,12658.0,32042.0,57358.0,1643
"Grove City borough, Mercer County, Pennsylvania",4.0,2.5,57169.0,12178.0,42,085,31656,Grove,Mercer County,Borough,Grove,4.0,2.5,57169.0,12178.0,44991.0,69347.0,1643
"Jackson township, Huntingdon County, Pennsylvania",4.0,2.7,75167.0,16578.0,42,061,37384,Jackson,Huntingdon County,Township,Jackson,4.0,2.7,75167.0,16578.0,58589.0,91745.0,1643
"Mifflin township, Columbia County, Pennsylvania",4.0,2.4,61250.0,20048.0,42,037,49256,Mifflin,Columbia County,Township,Mifflin,4.0,2.4,61250.0,20048.0,41202.0,81298.0,1643
"Irwin borough, Westmoreland County, Pennsylvania",4.0,2.9,59963.0,13184.0,42,129,37208,Irwin,Westmoreland County,Borough,Irwin,4.0,2.9,59963.0,13184.0,46779.0,73147.0,1643
"Bally borough, Berks County, Pennsylvania",4.0,2.9,76339.0,11975.0,42,011,03984,Bally,Berks County,Borough,Bally,4.0,2.9,76339.0,11975.0,64364.0,88314.0,1643
"Deer Creek township, Mercer County, Pennsylvania",4.0,5.4,78250.0,15323.0,42,085,18536,Deer Creek,Mercer County,Township,Deer Creek,4.0,5.4,78250.0,15323.0,62927.0,93573.0,1643
"Mahoning township, Armstrong County, Pennsylvania",4.0,2.7,53056.0,11811.0,42,005,46632,Mahoning,Armstrong County,Township,Mahoning,4.0,2.7,53056.0,11811.0,41245.0,64867.0,1643
"Scott township, Wayne County, Pennsylvania",4.0,2.9,60795.0,13197.0,42,127,68416,Scott,Wayne County,Township,Scott,4.0,2.9,60795.0,13197.0,47598.0,73992.0,1643
"Conewango township, Warren County, Pennsylvania",4.0,2.8,57050.0,4348.0,42,123,15672,Conewango,Warren County,Township,Conewango,4.0,2.8,57050.0,4348.0,52702.0,61398.0,1643
"Montoursville borough, Lycoming County, Pennsylvania",4.0,3.7,59919.0,5695.0,42,081,50720,Montoursville,Lycoming County,Borough,Montoursville,4.0,3.7,59919.0,5695.0,54224.0,65614.0,1643
"Ashland township, Clarion County, Pennsylvania",4.0,3.2,79205.0,13947.0,42,031,03248,Ashland,Clarion County,Township,Ashland,4.0,3.2,79205.0,13947.0,65258.0,93152.0,1643
"Chester Hill borough, Clearfield County, Pennsylvania",4.0,5.7,47333.0,12160.0,42,033,13240,Chester Hill,Clearfield County,Borough,Chester Hill,4.0,5.7,47333.0,12160.0,35173.0,59493.0,1643
"Cadogan township, Armstrong County, Pennsylvania",4.0,5.9,75750.0,20466.0,42,005,10680,Cadogan,Armstrong County,Township,Cadogan,4.0,5.9,75750.0,20466.0,55284.0,96216.0,1643
"Howard township, Centre County, Pennsylvania",4.0,4.0,90781.0,10429.0,42,027,35968,Howard,Centre County,Township,Howard Township,4.0,4.0,90781.0,10429.0,80352.0,101210.0,1643
"Monongahela township, Greene County, Pennsylvania",4.0,2.8,70357.0,15415.0,42,059,50400,Monongahela,Greene County,Township,Monongahela,4.0,2.8,70357.0,15415.0,54942.0,85772.0,1643
"Washington township, Greene County, Pennsylvania",4.0,2.6,73611.0,23832.0,42,059,81248,Washington,Greene County,Township,Washington,4.0,2.6,73611.0,23832.0,49779.0,97443.0,1643
"Rose township, Jefferson County, Pennsylvania",4.0,2.4,70673.0,13803.0,42,065,66032,Rose,Jefferson County,Township,Rose,4.0,2.4,70673.0,13803.0,56870.0,84476.0,1643
"Lansdowne borough, Delaware County, Pennsylvania",4.0,2.1,73232.0,8584.0,42,045,41440,Lansdowne,Delaware County,Borough,Lansdowne,4.0,2.1,73232.0,8584.0,64648.0,81816.0,1643
"West Reading borough, Berks County, Pennsylvania",4.0,4.3,65885.0,9023.0,42,011,83928,West Reading,Berks County,Borough,West Reading,4.0,4.3,65885.0,9023.0,56862.0,74908.0,1643
"Northampton township, Somerset County, Pennsylvania",3.9,5.3,78304.0,19423.0,42,111,54704,Northampton,Somerset County,Township,Northampton,3.9,5.3,78304.0,19423.0,58881.0,97727.0,1669
"Loganton borough, Clinton County, Pennsylvania",3.9,3.7,72292.0,21263.0,42,035,44400,Loganton,Clinton County,Borough,Loganton,3.9,3.7,72292.0,21263.0,51029.0,93555.0,1669
"Conewago township, Adams County, Pennsylvania",3.9,1.7,88939.0,9065.0,42,001,15632,Conewago,Adams County,Township,Conewago,3.9,1.7,88939.0,9065.0,79874.0,98004.0,1669
"East Deer township, Allegheny County, Pennsylvania",3.9,2.0,65625.0,12750.0,42,003,21024,East Deer,Allegheny County,Township,East Deer,3.9,2.0,65625.0,12750.0,52875.0,78375.0,1669
"Saville township, Perry County, Pennsylvania",3.9,2.8,82958.0,15956.0,42,099,68032,Saville,Perry County,Township,Saville,3.9,2.8,82958.0,15956.0,67002.0,98914.0,1669
"Washington city, Washington County, Pennsylvania",3.9,1.8,52975.0,5463.0,42,125,81328,Washington,Washington County,City,Washington,3.9,1.8,52975.0,5463.0,47512.0,58438.0,1669
"Bessemer borough, Lawrence County, Pennsylvania",3.9,2.8,65893.0,11293.0,42,073,05936,Bessemer,Lawrence County,Borough,Bessemer,3.9,2.8,65893.0,11293.0,54600.0,77186.0,1669
"Irwin township, Venango County, Pennsylvania",3.9,1.7,69231.0,6778.0,42,121,37200,Irwin,Venango County,Township,Irwin,3.9,1.7,69231.0,6778.0,62453.0,76009.0,1669
"Limestone township, Lycoming County, Pennsylvania",3.9,2.5,71719.0,4485.0,42,081,43352,Limestone,Lycoming County,Township,Limestone,3.9,2.5,71719.0,4485.0,67234.0,76204.0,1669
"Saxonburg borough, Butler County, Pennsylvania",3.9,2.4,44559.0,13927.0,42,019,68056,Saxonburg,Butler County,Borough,Saxonburg,3.9,2.4,44559.0,13927.0,30632.0,58486.0,1669
"Cowanshannock township, Armstrong County, Pennsylvania",3.9,2.2,64360.0,9762.0,42,005,16728,Cowanshannock,Armstrong County,Township,Cowanshannock,3.9,2.2,64360.0,9762.0,54598.0,74122.0,1669
"Tuscarora township, Juniata County, Pennsylvania",3.9,3.5,52065.0,11663.0,42,067,77952,Tuscarora,Juniata County,Township,Tuscarora,3.9,3.5,52065.0,11663.0,40402.0,63728.0,1669
"Pottstown borough, Montgomery County, Pennsylvania",3.9,1.3,60828.0,6734.0,42,091,62416,Pottstown,Montgomery County,Borough,Pottstown,3.9,1.3,60828.0,6734.0,54094.0,67562.0,1669
"Derry township, Mifflin County, Pennsylvania",3.9,2.3,69070.0,4140.0,42,087,18944,Derry,Mifflin County,Township,Derry,3.9,2.3,69070.0,4140.0,64930.0,73210.0,1669
"Dunbar township, Fayette County, Pennsylvania",3.9,2.5,60917.0,15711.0,42,051,20224,Dunbar,Fayette County,Township,Dunbar Township,3.9,2.5,60917.0,15711.0,45206.0,76628.0,1669
"Sewickley township, Westmoreland County, Pennsylvania",3.9,2.2,75133.0,6183.0,42,129,69392,Sewickley,Westmoreland County,Township,Sewickley,3.9,2.2,75133.0,6183.0,68950.0,81316.0,1669
"Harrisville borough, Butler County, Pennsylvania",3.9,5.5,71442.0,10202.0,42,019,32896,Harrisville,Butler County,Borough,Harrisville,3.9,5.5,71442.0,10202.0,61240.0,81644.0,1669
"Hempfield township, Mercer County, Pennsylvania",3.9,4.3,49653.0,15166.0,42,085,33784,Hempfield,Mercer County,Township,Hempfield,3.9,4.3,49653.0,15166.0,34487.0,64819.0,1669
"Brockway borough, Jefferson County, Pennsylvania",3.9,3.7,56563.0,14305.0,42,065,08960,Brockway,Jefferson County,Borough,Brockway,3.9,3.7,56563.0,14305.0,42258.0,70868.0,1669
"Eldred township, Jefferson County, Pennsylvania",3.9,4.3,80290.0,7838.0,42,065,22872,Eldred,Jefferson County,Township,Eldred,3.9,4.3,80290.0,7838.0,72452.0,88128.0,1669
"Lake City borough, Erie County, Pennsylvania",3.9,2.9,75048.0,9746.0,42,049,40960,Lake,Erie County,Borough,Lake,3.9,2.9,75048.0,9746.0,65302.0,84794.0,1669
"St. Marys city, Elk County, Pennsylvania",3.9,1.7,67167.0,4262.0,42,047,67344,St. Marys,Elk County,City,St. Marys,3.9,1.7,67167.0,4262.0,62905.0,71429.0,1669
"Loretto borough, Cambria County, Pennsylvania",3.9,4.5,63929.0,14510.0,42,021,44704,Loretto,Cambria County,Borough,Loretto,3.9,4.5,63929.0,14510.0,49419.0,78439.0,1669
"Fannett township, Franklin County, Pennsylvania",3.9,3.1,65653.0,6168.0,42,055,25176,Fannett,Franklin County,Township,Fannett,3.9,3.1,65653.0,6168.0,59485.0,71821.0,1669
"Jefferson borough, York County, Pennsylvania",3.9,3.9,83409.0,17470.0,42,133,37944,Jefferson,York County,Borough,Jefferson,3.9,3.9,83409.0,17470.0,65939.0,100879.0,1669
"Abbottstown borough, Adams County, Pennsylvania",3.9,2.3,81607.0,14687.0,42,001,00116,Abbottstown,Adams County,Borough,Abbottstown,3.9,2.3,81607.0,14687.0,66920.0,96294.0,1669
"Athens borough, Bradford County, Pennsylvania",3.9,2.7,53000.0,8789.0,42,015,03392,Athens,Bradford County,Borough,Athens Borough,3.9,2.7,53000.0,8789.0,44211.0,61789.0,1669
"Carbondale township, Lackawanna County, Pennsylvania",3.8,3.1,76111.0,11702.0,42,069,11240,Carbondale,Lackawanna County,Township,Carbondale Township,3.8,3.1,76111.0,11702.0,64409.0,87813.0,1696
"Landingville borough, Schuylkill County, Pennsylvania",3.8,8.8,116250.0,47885.0,42,107,41264,Landingville,Schuylkill County,Borough,Landingville,3.8,8.8,116250.0,47885.0,68365.0,164135.0,1696
"South Versailles township, Allegheny County, Pennsylvania",3.8,3.8,49167.0,24414.0,42,003,72568,South Versailles,Allegheny County,Township,South Versailles,3.8,3.8,49167.0,24414.0,24753.0,73581.0,1696
"Noxen township, Wyoming County, Pennsylvania",3.8,4.0,68229.0,18962.0,42,131,55736,Noxen,Wyoming County,Township,Noxen,3.8,4.0,68229.0,18962.0,49267.0,87191.0,1696
"New Lebanon borough, Mercer County, Pennsylvania",3.8,4.6,51250.0,28411.0,42,085,53768,New Lebanon,Mercer County,Borough,New Lebanon,3.8,4.6,51250.0,28411.0,22839.0,79661.0,1696
"Liberty township, McKean County, Pennsylvania",3.8,2.6,50361.0,3926.0,42,083,43096,Liberty,McKean County,Township,Liberty,3.8,2.6,50361.0,3926.0,46435.0,54287.0,1696
"Mont Alto borough, Franklin County, Pennsylvania",3.8,2.5,80556.0,11860.0,42,055,50544,Mont Alto,Franklin County,Borough,Mont Alto,3.8,2.5,80556.0,11860.0,68696.0,92416.0,1696
"East Lansdowne borough, Delaware County, Pennsylvania",3.8,3.5,69000.0,33257.0,42,045,21384,East Lansdowne,Delaware County,Borough,East Lansdowne,3.8,3.5,69000.0,33257.0,35743.0,102257.0,1696
"Chester township, Delaware County, Pennsylvania",3.8,3.9,58125.0,11501.0,42,045,13212,Chester,Delaware County,Township,Chester Township,3.8,3.9,58125.0,11501.0,46624.0,69626.0,1696
"Canton township, Washington County, Pennsylvania",3.8,2.4,60680.0,3938.0,42,125,11176,Canton,Washington County,Township,Canton,3.8,2.4,60680.0,3938.0,56742.0,64618.0,1696
"Shillington borough, Berks County, Pennsylvania",3.8,2.8,79922.0,4274.0,42,011,70248,Shillington,Berks County,Borough,Shillington,3.8,2.8,79922.0,4274.0,75648.0,84196.0,1696
"Millvale borough, Allegheny County, Pennsylvania",3.8,3.9,72778.0,8161.0,42,003,49920,Millvale,Allegheny County,Borough,Millvale,3.8,3.9,72778.0,8161.0,64617.0,80939.0,1696
"Summerhill township, Cambria County, Pennsylvania",3.8,2.4,57813.0,9412.0,42,021,75144,Summerhill,Cambria County,Township,Summerhill Township,3.8,2.4,57813.0,9412.0,48401.0,67225.0,1696
"Steuben township, Crawford County, Pennsylvania",3.8,2.8,77143.0,22004.0,42,039,74016,Steuben,Crawford County,Township,Steuben,3.8,2.8,77143.0,22004.0,55139.0,99147.0,1696
"Harrisburg city, Dauphin County, Pennsylvania",3.8,1.0,48099.0,3987.0,42,043,32800,Harrisburg,Dauphin County,City,Harrisburg,3.8,1.0,48099.0,3987.0,44112.0,52086.0,1696
"Port Matilda borough, Centre County, Pennsylvania",3.8,4.8,50483.0,2609.0,42,027,62280,Port Matilda,Centre County,Borough,Port Matilda,3.8,4.8,50483.0,2609.0,47874.0,53092.0,1696
"Penn township, Clearfield County, Pennsylvania",3.8,2.2,58804.0,14029.0,42,033,58816,Penn,Clearfield County,Township,Penn,3.8,2.2,58804.0,14029.0,44775.0,72833.0,1696
"Portage township, Cambria County, Pennsylvania",3.8,2.8,63224.0,24942.0,42,021,62056,Portage,Cambria County,Township,Portage Township,3.8,2.8,63224.0,24942.0,38282.0,88166.0,1696
"Manorville borough, Armstrong County, Pennsylvania",3.8,3.9,77885.0,38081.0,42,005,47064,Manorville,Armstrong County,Borough,Manorville,3.8,3.9,77885.0,38081.0,39804.0,115966.0,1696
"Cochranton borough, Crawford County, Pennsylvania",3.8,3.2,59375.0,27740.0,42,039,14800,Cochranton,Crawford County,Borough,Cochranton,3.8,3.2,59375.0,27740.0,31635.0,87115.0,1696
"South Connellsville borough, Fayette County, Pennsylvania",3.8,3.7,48250.0,10102.0,42,051,72080,South Connellsville,Fayette County,Borough,South Connellsville,3.8,3.7,48250.0,10102.0,38148.0,58352.0,1696
"Wells township, Bradford County, Pennsylvania",3.8,2.9,60156.0,14346.0,42,015,82144,Wells,Bradford County,Township,Wells,3.8,2.9,60156.0,14346.0,45810.0,74502.0,1696
"Scranton city, Lackawanna County, Pennsylvania",3.8,0.7,50739.0,2359.0,42,069,69000,Scranton,Lackawanna County,City,Scranton,3.8,0.7,50739.0,2359.0,48380.0,53098.0,1696
"Derry township, Westmoreland County, Pennsylvania",3.7,1.7,66156.0,4184.0,42,129,18968,Derry,Westmoreland County,Township,Derry Township,3.7,1.7,66156.0,4184.0,61972.0,70340.0,1719
"Neville township, Allegheny County, Pennsylvania",3.7,3.0,61094.0,9017.0,42,003,53136,Neville,Allegheny County,Township,Neville,3.7,3.0,61094.0,9017.0,52077.0,70111.0,1719
"Oliver township, Mifflin County, Pennsylvania",3.7,2.7,62895.0,10794.0,42,087,56720,Oliver,Mifflin County,Township,Oliver,3.7,2.7,62895.0,10794.0,52101.0,73689.0,1719
"Tyrone borough, Blair County, Pennsylvania",3.7,2.6,57226.0,8161.0,42,013,78168,Tyrone,Blair County,Borough,Tyrone Borough,3.7,2.6,57226.0,8161.0,49065.0,65387.0,1719
"Martinsburg borough, Blair County, Pennsylvania",3.7,2.1,71307.0,9884.0,42,013,47872,Martinsburg,Blair County,Borough,Martinsburg,3.7,2.1,71307.0,9884.0,61423.0,81191.0,1719
"Springfield township, Huntingdon County, Pennsylvania",3.7,3.1,73250.0,19136.0,42,061,73072,Springfield,Huntingdon County,Township,Springfield,3.7,3.1,73250.0,19136.0,54114.0,92386.0,1719
"Lawrence Park township, Erie County, Pennsylvania",3.7,2.8,74548.0,8737.0,42,049,41984,Lawrence Park,Erie County,Township,Lawrence Park,3.7,2.8,74548.0,8737.0,65811.0,83285.0,1719
"Pottsville city, Schuylkill County, Pennsylvania",3.7,1.4,54332.0,8722.0,42,107,62432,Pottsville,Schuylkill County,City,Pottsville,3.7,1.4,54332.0,8722.0,45610.0,63054.0,1719
"Otto township, McKean County, Pennsylvania",3.7,2.7,53214.0,11044.0,42,083,57312,Otto,McKean County,Township,Otto,3.7,2.7,53214.0,11044.0,42170.0,64258.0,1719
"Manor township, Armstrong County, Pennsylvania",3.7,2.5,75152.0,19552.0,42,005,46976,Manor,Armstrong County,Township,Manor,3.7,2.5,75152.0,19552.0,55600.0,94704.0,1719
"Lansford borough, Carbon County, Pennsylvania",3.7,2.2,44713.0,5323.0,42,025,41464,Lansford,Carbon County,Borough,Lansford,3.7,2.2,44713.0,5323.0,39390.0,50036.0,1719
"West Providence township, Bedford County, Pennsylvania",3.7,3.6,79844.0,25398.0,42,009,83920,West Providence,Bedford County,Township,West Providence,3.7,3.6,79844.0,25398.0,54446.0,105242.0,1719
"Fairchance borough, Fayette County, Pennsylvania",3.7,2.9,39767.0,19330.0,42,051,24536,Fairchance,Fayette County,Borough,Fairchance,3.7,2.9,39767.0,19330.0,20437.0,59097.0,1719
"Leroy township, Bradford County, Pennsylvania",3.7,2.7,59766.0,12498.0,42,015,42856,Leroy,Bradford County,Township,Leroy,3.7,2.7,59766.0,12498.0,47268.0,72264.0,1719
"Union Dale borough, Susquehanna County, Pennsylvania",3.7,3.7,55750.0,10862.0,42,115,78456,Union Dale,Susquehanna County,Borough,Union Dale,3.7,3.7,55750.0,10862.0,44888.0,66612.0,1719
"Center township, Indiana County, Pennsylvania",3.7,3.3,70236.0,10134.0,42,063,12040,Center,Indiana County,Township,Center,3.7,3.3,70236.0,10134.0,60102.0,80370.0,1719
"Liberty borough, Tioga County, Pennsylvania",3.7,4.2,45625.0,13303.0,42,117,43128,Liberty,Tioga County,Borough,Liberty Borough,3.7,4.2,45625.0,13303.0,32322.0,58928.0,1719
"Wormleysburg borough, Cumberland County, Pennsylvania",3.6,3.5,88250.0,16568.0,42,041,86528,Wormleysburg,Cumberland County,Borough,Wormleysburg,3.6,3.5,88250.0,16568.0,71682.0,104818.0,1736
"Patterson Heights borough, Beaver County, Pennsylvania",3.6,3.3,102969.0,9966.0,42,007,58384,Patterson Heights,Beaver County,Borough,Patterson Heights,3.6,3.3,102969.0,9966.0,93003.0,112935.0,1736
"Oil Creek township, Venango County, Pennsylvania",3.6,3.9,76250.0,8017.0,42,121,56480,Oil Creek,Venango County,Township,Oil Creek,3.6,3.9,76250.0,8017.0,68233.0,84267.0,1736
"East Providence township, Bedford County, Pennsylvania",3.6,2.4,52554.0,8591.0,42,009,21736,East Providence,Bedford County,Township,East Providence,3.6,2.4,52554.0,8591.0,43963.0,61145.0,1736
"Brownsville township, Fayette County, Pennsylvania",3.6,2.7,48125.0,17426.0,42,051,09434,Brownsville,Fayette County,Township,Brownsville Township,3.6,2.7,48125.0,17426.0,30699.0,65551.0,1736
"Jefferson township, Somerset County, Pennsylvania",3.6,2.3,75625.0,15217.0,42,111,37920,Jefferson,Somerset County,Township,Jefferson,3.6,2.3,75625.0,15217.0,60408.0,90842.0,1736
"Dauphin borough, Dauphin County, Pennsylvania",3.6,3.7,45625.0,39519.0,42,043,18272,Dauphin,Dauphin County,Borough,Dauphin,3.6,3.7,45625.0,39519.0,6106.0,85144.0,1736
"Freeport borough, Armstrong County, Pennsylvania",3.6,2.3,48843.0,7824.0,42,005,27784,Freeport,Armstrong County,Borough,Freeport,3.6,2.3,48843.0,7824.0,41019.0,56667.0,1736
"Knoxville borough, Tioga County, Pennsylvania",3.6,3.5,64063.0,15125.0,42,117,40360,Knoxville,Tioga County,Borough,Knoxville,3.6,3.5,64063.0,15125.0,48938.0,79188.0,1736
"Portage township, Potter County, Pennsylvania",3.6,3.9,63750.0,21219.0,42,105,62072,Portage,Potter County,Township,Portage,3.6,3.9,63750.0,21219.0,42531.0,84969.0,1736
"Broad Top City borough, Huntingdon County, Pennsylvania",3.6,2.7,70272.0,15044.0,42,061,08896,Broad Top,Huntingdon County,Borough,Broad Top,3.6,2.7,70272.0,15044.0,55228.0,85316.0,1736
"McNett township, Lycoming County, Pennsylvania",3.6,5.8,70250.0,44423.0,42,081,46352,McNett,Lycoming County,Township,McNett,3.6,5.8,70250.0,44423.0,25827.0,114673.0,1736
"Allegheny township, Venango County, Pennsylvania",3.6,2.8,62679.0,8658.0,42,121,00884,Allegheny,Venango County,Township,Allegheny,3.6,2.8,62679.0,8658.0,54021.0,71337.0,1736
"Mill Village borough, Erie County, Pennsylvania",3.6,4.0,61528.0,26434.0,42,049,49936,Mill Village,Erie County,Borough,Mill Village,3.6,4.0,61528.0,26434.0,35094.0,87962.0,1736
"Tioga borough, Tioga County, Pennsylvania",3.6,2.4,44659.0,9025.0,42,117,76808,Tioga,Tioga County,Borough,Tioga Borough,3.6,2.4,44659.0,9025.0,35634.0,53684.0,1736
"Newton Hamilton borough, Mifflin County, Pennsylvania",3.6,5.2,68125.0,42686.0,42,087,54160,Newton Hamilton,Mifflin County,Borough,Newton Hamilton,3.6,5.2,68125.0,42686.0,25439.0,110811.0,1736
"Green township, Indiana County, Pennsylvania",3.6,3.1,60274.0,9470.0,42,063,30816,Green,Indiana County,Township,Green,3.6,3.1,60274.0,9470.0,50804.0,69744.0,1736
"Salem township, Mercer County, Pennsylvania",3.6,3.7,54375.0,7462.0,42,085,67472,Salem,Mercer County,Township,Salem,3.6,3.7,54375.0,7462.0,46913.0,61837.0,1736
"Bradford city, McKean County, Pennsylvania",3.6,1.9,56161.0,4997.0,42,083,08040,Bradford,McKean County,City,Bradford City,3.6,1.9,56161.0,4997.0,51164.0,61158.0,1736
"Etna borough, Allegheny County, Pennsylvania",3.6,2.8,53654.0,15089.0,42,003,24160,Etna,Allegheny County,Borough,Etna,3.6,2.8,53654.0,15089.0,38565.0,68743.0,1736
"Ellsworth borough, Washington County, Pennsylvania",3.6,5.6,62917.0,11820.0,42,125,23296,Ellsworth,Washington County,Borough,Ellsworth,3.6,5.6,62917.0,11820.0,51097.0,74737.0,1736
"Wilkes-Barre city, Luzerne County, Pennsylvania",3.6,1.1,48515.0,3623.0,42,079,85152,Wilkes-Barre,Luzerne County,City,Wilkes-Barre City,3.6,1.1,48515.0,3623.0,44892.0,52138.0,1736
"Mount Carbon borough, Schuylkill County, Pennsylvania",3.6,12.4,147692.0,106956.0,42,107,51488,Mount Carbon,Schuylkill County,Borough,Mount Carbon,3.6,12.4,147692.0,106956.0,40736.0,254648.0,1736
"Bethel township, Armstrong County, Pennsylvania",3.6,3.5,59205.0,12389.0,42,005,05992,Bethel,Armstrong County,Township,Bethel,3.6,3.5,59205.0,12389.0,46816.0,71594.0,1736
"Plymouth township, Luzerne County, Pennsylvania",3.6,2.4,80288.0,6353.0,42,079,61656,Plymouth,Luzerne County,Township,Plymouth Township,3.6,2.4,80288.0,6353.0,73935.0,86641.0,1736
"Aleppo township, Greene County, Pennsylvania",3.6,3.3,83750.0,63365.0,42,059,00740,Aleppo,Greene County,Township,Aleppo,3.6,3.3,83750.0,63365.0,20385.0,147115.0,1736
"Delano township, Schuylkill County, Pennsylvania",3.6,5.7,62500.0,29512.0,42,107,18672,Delano,Schuylkill County,Township,Delano,3.6,5.7,62500.0,29512.0,32988.0,92012.0,1736
"Coplay borough, Lehigh County, Pennsylvania",3.6,3.1,61906.0,10962.0,42,077,16128,Coplay,Lehigh County,Borough,Coplay,3.6,3.1,61906.0,10962.0,50944.0,72868.0,1736
"Canton township, Bradford County, Pennsylvania",3.6,1.9,78333.0,9083.0,42,015,11168,Canton,Bradford County,Township,Canton Township,3.6,1.9,78333.0,9083.0,69250.0,87416.0,1736
"Fell township, Lackawanna County, Pennsylvania",3.5,3.7,60875.0,14680.0,42,069,25560,Fell,Lackawanna County,Township,Fell,3.5,3.7,60875.0,14680.0,46195.0,75555.0,1765
"Rices Landing borough, Greene County, Pennsylvania",3.5,5.4,120577.0,4516.0,42,059,64432,Rices Landing,Greene County,Borough,Rices Landing,3.5,5.4,120577.0,4516.0,116061.0,125093.0,1765
"Bedford borough, Bedford County, Pennsylvania",3.5,2.4,41375.0,11307.0,42,009,04944,Bedford,Bedford County,Borough,Bedford Borough,3.5,2.4,41375.0,11307.0,30068.0,52682.0,1765
"Manchester borough, York County, Pennsylvania",3.5,3.3,77202.0,14025.0,42,133,46864,Manchester,York County,Borough,Manchester Borough,3.5,3.3,77202.0,14025.0,63177.0,91227.0,1765
"Washington township, Clarion County, Pennsylvania",3.5,3.0,55781.0,4669.0,42,031,81208,Washington,Clarion County,Township,Washington,3.5,3.0,55781.0,4669.0,51112.0,60450.0,1765
"Jackson township, Cambria County, Pennsylvania",3.5,2.5,81414.0,4442.0,42,021,37352,Jackson,Cambria County,Township,Jackson,3.5,2.5,81414.0,4442.0,76972.0,85856.0,1765
"Forest Lake township, Susquehanna County, Pennsylvania",3.5,2.1,68750.0,28612.0,42,115,26648,Forest Lake,Susquehanna County,Township,Forest Lake,3.5,2.1,68750.0,28612.0,40138.0,97362.0,1765
"Londonderry township, Bedford County, Pennsylvania",3.5,1.9,52418.0,6682.0,42,009,44448,Londonderry,Bedford County,Township,Londonderry,3.5,1.9,52418.0,6682.0,45736.0,59100.0,1765
"Findley township, Mercer County, Pennsylvania",3.5,2.1,90950.0,6203.0,42,085,25912,Findley,Mercer County,Township,Findley,3.5,2.1,90950.0,6203.0,84747.0,97153.0,1765
"Liberty township, Tioga County, Pennsylvania",3.5,2.3,77778.0,19760.0,42,117,43136,Liberty,Tioga County,Township,Liberty Township,3.5,2.3,77778.0,19760.0,58018.0,97538.0,1765
"Conyngham township, Columbia County, Pennsylvania",3.5,3.6,44141.0,19781.0,42,037,15880,Conyngham,Columbia County,Township,Conyngham,3.5,3.6,44141.0,19781.0,24360.0,63922.0,1765
"Hunker borough, Westmoreland County, Pennsylvania",3.5,5.4,58958.0,19657.0,42,129,36288,Hunker,Westmoreland County,Borough,Hunker,3.5,5.4,58958.0,19657.0,39301.0,78615.0,1765
"Pavia township, Bedford County, Pennsylvania",3.5,3.5,58542.0,14750.0,42,009,58492,Pavia,Bedford County,Township,Pavia,3.5,3.5,58542.0,14750.0,43792.0,73292.0,1765
"Bechtelsville borough, Berks County, Pennsylvania",3.5,2.6,90000.0,27829.0,42,011,04896,Bechtelsville,Berks County,Borough,Bechtelsville,3.5,2.6,90000.0,27829.0,62171.0,117829.0,1765
"East Fallowfield township, Crawford County, Pennsylvania",3.5,2.2,59000.0,13685.0,42,039,21112,East Fallowfield,Crawford County,Township,East Fallowfield,3.5,2.2,59000.0,13685.0,45315.0,72685.0,1765
"North Charleroi borough, Washington County, Pennsylvania",3.5,2.6,51324.0,10575.0,42,125,54888,North Charleroi,Washington County,Borough,North Charleroi,3.5,2.6,51324.0,10575.0,40749.0,61899.0,1765
"Greenfield township, Blair County, Pennsylvania",3.5,3.0,60590.0,11013.0,42,013,31000,Greenfield,Blair County,Township,Greenfield,3.5,3.0,60590.0,11013.0,49577.0,71603.0,1765
"Shoemakersville borough, Berks County, Pennsylvania",3.5,2.9,79476.0,9266.0,42,011,70464,Shoemakersville,Berks County,Borough,Shoemakersville,3.5,2.9,79476.0,9266.0,70210.0,88742.0,1765
"Berwick borough, Columbia County, Pennsylvania",3.5,2.0,49800.0,5192.0,42,037,05888,Berwick,Columbia County,Borough,Berwick,3.5,2.0,49800.0,5192.0,44608.0,54992.0,1765
"Colebrook township, Clinton County, Pennsylvania",3.5,5.0,55982.0,10466.0,42,035,14960,Colebrook,Clinton County,Township,Colebrook,3.5,5.0,55982.0,10466.0,45516.0,66448.0,1765
"Allentown city, Lehigh County, Pennsylvania",3.5,0.7,55494.0,2358.0,42,077,02000,Allentown,Lehigh County,City,Allentown,3.5,0.7,55494.0,2358.0,53136.0,57852.0,1765
"Hillsgrove township, Sullivan County, Pennsylvania",3.5,3.2,57019.0,8688.0,42,113,34840,Hillsgrove,Sullivan County,Township,Hillsgrove,3.5,3.2,57019.0,8688.0,48331.0,65707.0,1765
"South Bend township, Armstrong County, Pennsylvania",3.5,2.7,79583.0,20530.0,42,005,71968,South Bend,Armstrong County,Township,South Bend,3.5,2.7,79583.0,20530.0,59053.0,100113.0,1765
"Porter township, Jefferson County, Pennsylvania",3.5,5.4,46406.0,20728.0,42,065,62176,Porter,Jefferson County,Township,Porter,3.5,5.4,46406.0,20728.0,25678.0,67134.0,1765
"Ramey borough, Clearfield County, Pennsylvania",3.4,3.9,80000.0,13940.0,42,033,63360,Ramey,Clearfield County,Borough,Ramey,3.4,3.9,80000.0,13940.0,66060.0,93940.0,1789
"Springhill township, Greene County, Pennsylvania",3.4,3.7,47292.0,8034.0,42,059,73248,Springhill,Greene County,Township,Springhill,3.4,3.7,47292.0,8034.0,39258.0,55326.0,1789
"Milford township, Somerset County, Pennsylvania",3.4,1.9,69000.0,23713.0,42,111,49416,Milford,Somerset County,Township,Milford,3.4,1.9,69000.0,23713.0,45287.0,92713.0,1789
"Washington township, Northumberland County, Pennsylvania",3.4,2.7,81458.0,8071.0,42,097,81304,Washington,Northumberland County,Township,Washington,3.4,2.7,81458.0,8071.0,73387.0,89529.0,1789
"Hydetown borough, Crawford County, Pennsylvania",3.4,2.7,54464.0,10235.0,42,039,36616,Hydetown,Crawford County,Borough,Hydetown,3.4,2.7,54464.0,10235.0,44229.0,64699.0,1789
"Bridgeville borough, Allegheny County, Pennsylvania",3.4,1.8,59981.0,12857.0,42,003,08624,Bridgeville,Allegheny County,Borough,Bridgeville,3.4,1.8,59981.0,12857.0,47124.0,72838.0,1789
"Warren township, Franklin County, Pennsylvania",3.4,4.0,84750.0,31788.0,42,055,80992,Warren,Franklin County,Township,Warren,3.4,4.0,84750.0,31788.0,52962.0,116538.0,1789
"Hopewell township, Huntingdon County, Pennsylvania",3.4,2.5,63730.0,909.0,42,061,35688,Hopewell,Huntingdon County,Township,Hopewell,3.4,2.5,63730.0,909.0,62821.0,64639.0,1789
"Conneaut township, Crawford County, Pennsylvania",3.4,3.6,57933.0,5160.0,42,039,15728,Conneaut,Crawford County,Township,Conneaut,3.4,3.6,57933.0,5160.0,52773.0,63093.0,1789
"Delmar township, Tioga County, Pennsylvania",3.4,2.1,64048.0,4766.0,42,117,18760,Delmar,Tioga County,Township,Delmar,3.4,2.1,64048.0,4766.0,59282.0,68814.0,1789
"Bingham township, Potter County, Pennsylvania",3.4,2.8,61875.0,28944.0,42,105,06432,Bingham,Potter County,Township,Bingham,3.4,2.8,61875.0,28944.0,32931.0,90819.0,1789
"Scrubgrass township, Venango County, Pennsylvania",3.4,3.2,61458.0,17898.0,42,121,69016,Scrubgrass,Venango County,Township,Scrubgrass,3.4,3.2,61458.0,17898.0,43560.0,79356.0,1789
"Walnutport borough, Northampton County, Pennsylvania",3.4,2.7,75588.0,14733.0,42,095,80800,Walnutport,Northampton County,Borough,Walnutport,3.4,2.7,75588.0,14733.0,60855.0,90321.0,1789
"Boggs township, Centre County, Pennsylvania",3.4,2.3,67500.0,5733.0,42,027,07424,Boggs,Centre County,Township,Boggs,3.4,2.3,67500.0,5733.0,61767.0,73233.0,1789
"Brookville borough, Jefferson County, Pennsylvania",3.4,2.2,60214.0,11146.0,42,065,09224,Brookville,Jefferson County,Borough,Brookville,3.4,2.2,60214.0,11146.0,49068.0,71360.0,1789
"French Creek township, Mercer County, Pennsylvania",3.4,2.2,77574.0,23213.0,42,085,27824,French Creek,Mercer County,Township,French Creek,3.4,2.2,77574.0,23213.0,54361.0,100787.0,1789
"South Greensburg borough, Westmoreland County, Pennsylvania",3.4,1.8,64097.0,11291.0,42,129,72192,South Greensburg,Westmoreland County,Borough,South Greensburg,3.4,1.8,64097.0,11291.0,52806.0,75388.0,1789
"Worth township, Mercer County, Pennsylvania",3.4,2.1,81042.0,13573.0,42,085,86552,Worth,Mercer County,Township,Worth,3.4,2.1,81042.0,13573.0,67469.0,94615.0,1789
"Knox township, Clearfield County, Pennsylvania",3.4,2.8,44167.0,7249.0,42,033,40296,Knox,Clearfield County,Township,Knox,3.4,2.8,44167.0,7249.0,36918.0,51416.0,1789
"Sugar Notch borough, Luzerne County, Pennsylvania",3.4,2.3,52500.0,14607.0,42,079,75072,Sugar Notch,Luzerne County,Borough,Sugar Notch,3.4,2.3,52500.0,14607.0,37893.0,67107.0,1789
"Allenport borough, Washington County, Pennsylvania",3.3,2.7,61607.0,26093.0,42,125,00988,Allenport,Washington County,Borough,Allenport,3.3,2.7,61607.0,26093.0,35514.0,87700.0,1809
"Warren city, Warren County, Pennsylvania",3.3,1.8,53815.0,4739.0,42,123,81000,Warren,Warren County,City,Warren,3.3,1.8,53815.0,4739.0,49076.0,58554.0,1809
"Taylor township, Lawrence County, Pennsylvania",3.3,2.6,43676.0,4981.0,42,073,76192,Taylor,Lawrence County,Township,Taylor,3.3,2.6,43676.0,4981.0,38695.0,48657.0,1809
"Cherry Valley borough, Butler County, Pennsylvania",3.3,6.3,53000.0,13027.0,42,019,13152,Cherry Valley,Butler County,Borough,Cherry Valley,3.3,6.3,53000.0,13027.0,39973.0,66027.0,1809
"Bethany borough, Wayne County, Pennsylvania",3.3,4.0,100250.0,18003.0,42,127,05976,Bethany,Wayne County,Borough,Bethany,3.3,4.0,100250.0,18003.0,82247.0,118253.0,1809
"Bangor borough, Northampton County, Pennsylvania",3.3,1.9,70076.0,7007.0,42,095,04032,Bangor,Northampton County,Borough,Bangor,3.3,1.9,70076.0,7007.0,63069.0,77083.0,1809
"Ephrata borough, Lancaster County, Pennsylvania",3.3,1.4,69735.0,6610.0,42,071,23832,Ephrata,Lancaster County,Borough,Ephrata Borough,3.3,1.4,69735.0,6610.0,63125.0,76345.0,1809
"Muncy borough, Lycoming County, Pennsylvania",3.3,1.9,85588.0,22923.0,42,081,52264,Muncy,Lycoming County,Borough,Muncy Borough,3.3,1.9,85588.0,22923.0,62665.0,108511.0,1809
"Shippenville borough, Clarion County, Pennsylvania",3.3,4.6,48000.0,13470.0,42,031,70368,Shippenville,Clarion County,Borough,Shippenville,3.3,4.6,48000.0,13470.0,34530.0,61470.0,1809
"Conneaut township, Erie County, Pennsylvania",3.3,3.8,71042.0,17703.0,42,049,15736,Conneaut,Erie County,Township,Conneaut,3.3,3.8,71042.0,17703.0,53339.0,88745.0,1809
"Pinegrove township, Venango County, Pennsylvania",3.3,1.9,77188.0,11421.0,42,121,60472,Pinegrove,Venango County,Township,Pinegrove,3.3,1.9,77188.0,11421.0,65767.0,88609.0,1809
"Franklintown borough, York County, Pennsylvania",3.3,3.2,69954.0,17672.0,42,133,27576,Franklintown,York County,Borough,Franklintown,3.3,3.2,69954.0,17672.0,52282.0,87626.0,1809
"Roscoe borough, Washington County, Pennsylvania",3.3,4.4,68289.0,7945.0,42,125,66016,Roscoe,Washington County,Borough,Roscoe,3.3,4.4,68289.0,7945.0,60344.0,76234.0,1809
"Verona borough, Allegheny County, Pennsylvania",3.3,2.2,48733.0,17421.0,42,003,80032,Verona,Allegheny County,Borough,Verona,3.3,2.2,48733.0,17421.0,31312.0,66154.0,1809
"Centerville borough, Crawford County, Pennsylvania",3.3,4.0,46458.0,11840.0,42,039,12184,Centerville,Crawford County,Borough,Centerville,3.3,4.0,46458.0,11840.0,34618.0,58298.0,1809
"Centre Hall borough, Centre County, Pennsylvania",3.3,3.1,80652.0,18301.0,42,027,12376,Centre Hall,Centre County,Borough,Centre Hall,3.3,3.1,80652.0,18301.0,62351.0,98953.0,1809
"Kutztown borough, Berks County, Pennsylvania",3.3,2.3,53090.0,14368.0,42,011,40656,Kutztown,Berks County,Borough,Kutztown,3.3,2.3,53090.0,14368.0,38722.0,67458.0,1809
"Boyertown borough, Berks County, Pennsylvania",3.3,2.7,56723.0,2992.0,42,011,07960,Boyertown,Berks County,Borough,Boyertown,3.3,2.7,56723.0,2992.0,53731.0,59715.0,1809
"Port Royal borough, Juniata County, Pennsylvania",3.3,4.1,68125.0,12554.0,42,067,62304,Port Royal,Juniata County,Borough,Port Royal,3.3,4.1,68125.0,12554.0,55571.0,80679.0,1809
"Houston borough, Washington County, Pennsylvania",3.3,2.6,64773.0,13628.0,42,125,35896,Houston,Washington County,Borough,Houston,3.3,2.6,64773.0,13628.0,51145.0,78401.0,1809
"New Florence borough, Westmoreland County, Pennsylvania",3.3,4.6,61500.0,11041.0,42,129,53544,New Florence,Westmoreland County,Borough,New Florence,3.3,4.6,61500.0,11041.0,50459.0,72541.0,1809
"Daisytown borough, Cambria County, Pennsylvania",3.3,3.6,68036.0,11455.0,42,021,17976,Daisytown,Cambria County,Borough,Daisytown,3.3,3.6,68036.0,11455.0,56581.0,79491.0,1809
"LeRaysville borough, Bradford County, Pennsylvania",3.3,4.1,83292.0,15483.0,42,015,42824,LeRaysville,Bradford County,Borough,LeRaysville,3.3,4.1,83292.0,15483.0,67809.0,98775.0,1809
"Southampton township, Somerset County, Pennsylvania",3.3,2.6,57500.0,13421.0,42,111,71920,Southampton,Somerset County,Township,Southampton,3.3,2.6,57500.0,13421.0,44079.0,70921.0,1809
"Edwardsville borough, Luzerne County, Pennsylvania",3.3,4.2,44866.0,24518.0,42,079,22672,Edwardsville,Luzerne County,Borough,Edwardsville,3.3,4.2,44866.0,24518.0,20348.0,69384.0,1809
"East Berlin borough, Adams County, Pennsylvania",3.3,1.8,73523.0,3498.0,42,001,20792,East Berlin,Adams County,Borough,East Berlin,3.3,1.8,73523.0,3498.0,70025.0,77021.0,1809
"Lumber township, Cameron County, Pennsylvania",3.2,6.9,39792.0,12457.0,42,023,45432,Lumber,Cameron County,Township,Lumber,3.2,6.9,39792.0,12457.0,27335.0,52249.0,1835
"Belle Vernon borough, Fayette County, Pennsylvania",3.2,5.1,41154.0,9347.0,42,051,05288,Belle Vernon,Fayette County,Borough,Belle Vernon,3.2,5.1,41154.0,9347.0,31807.0,50501.0,1835
"Watsontown borough, Northumberland County, Pennsylvania",3.2,3.4,60051.0,10386.0,42,097,81616,Watsontown,Northumberland County,Borough,Watsontown,3.2,3.4,60051.0,10386.0,49665.0,70437.0,1835
"Nescopeck borough, Luzerne County, Pennsylvania",3.2,2.1,62833.0,10816.0,42,079,52984,Nescopeck,Luzerne County,Borough,Nescopeck Borough,3.2,2.1,62833.0,10816.0,52017.0,73649.0,1835
"Dushore borough, Sullivan County, Pennsylvania",3.2,3.7,51875.0,19661.0,42,113,20528,Dushore,Sullivan County,Borough,Dushore,3.2,3.7,51875.0,19661.0,32214.0,71536.0,1835
"Beech Creek borough, Clinton County, Pennsylvania",3.2,2.2,56111.0,15157.0,42,035,04984,Beech Creek,Clinton County,Borough,Beech Creek Borough,3.2,2.2,56111.0,15157.0,40954.0,71268.0,1835
"Laurel Mountain borough, Westmoreland County, Pennsylvania",3.2,5.6,68500.0,30289.0,42,129,41834,Laurel Mountain,Westmoreland County,Borough,Laurel Mountain,3.2,5.6,68500.0,30289.0,38211.0,98789.0,1835
"Sayre borough, Bradford County, Pennsylvania",3.2,2.0,50801.0,8791.0,42,015,68096,Sayre,Bradford County,Borough,Sayre,3.2,2.0,50801.0,8791.0,42010.0,59592.0,1835
"East Union township, Schuylkill County, Pennsylvania",3.2,2.5,80982.0,32031.0,42,107,21952,East Union,Schuylkill County,Township,East Union,3.2,2.5,80982.0,32031.0,48951.0,113013.0,1835
"Denver borough, Lancaster County, Pennsylvania",3.2,2.6,85531.0,11421.0,42,071,18888,Denver,Lancaster County,Borough,Denver,3.2,2.6,85531.0,11421.0,74110.0,96952.0,1835
"Confluence borough, Somerset County, Pennsylvania",3.2,4.4,58167.0,6333.0,42,111,15680,Confluence,Somerset County,Borough,Confluence,3.2,4.4,58167.0,6333.0,51834.0,64500.0,1835
"West Beaver township, Snyder County, Pennsylvania",3.2,3.5,49886.0,19030.0,42,109,82464,West Beaver,Snyder County,Township,West Beaver,3.2,3.5,49886.0,19030.0,30856.0,68916.0,1835
"Strattanville borough, Clarion County, Pennsylvania",3.2,2.7,56336.0,5282.0,42,031,74728,Strattanville,Clarion County,Borough,Strattanville,3.2,2.7,56336.0,5282.0,51054.0,61618.0,1835
"Danville borough, Montour County, Pennsylvania",3.2,3.1,59219.0,7855.0,42,093,18136,Danville,Montour County,Borough,Danville,3.2,3.1,59219.0,7855.0,51364.0,67074.0,1835
"Halifax borough, Dauphin County, Pennsylvania",3.2,2.9,53472.0,15774.0,42,043,32032,Halifax,Dauphin County,Borough,Halifax Borough,3.2,2.9,53472.0,15774.0,37698.0,69246.0,1835
"Mansfield borough, Tioga County, Pennsylvania",3.2,2.0,47685.0,10421.0,42,117,47080,Mansfield,Tioga County,Borough,Mansfield,3.2,2.0,47685.0,10421.0,37264.0,58106.0,1835
"Richland borough, Lebanon County, Pennsylvania",3.2,2.3,93900.0,11213.0,42,075,64560,Richland,Lebanon County,Borough,Richland,3.2,2.3,93900.0,11213.0,82687.0,105113.0,1835
"DuBois city, Clearfield County, Pennsylvania",3.2,1.8,62697.0,5509.0,42,033,20136,DuBois,Clearfield County,City,DuBois,3.2,1.8,62697.0,5509.0,57188.0,68206.0,1835
"West Middletown borough, Washington County, Pennsylvania",3.2,7.0,76875.0,25826.0,42,125,83504,West Middletown,Washington County,Borough,West Middletown,3.2,7.0,76875.0,25826.0,51049.0,102701.0,1835
"Laporte township, Sullivan County, Pennsylvania",3.2,2.1,79432.0,7585.0,42,113,41520,Laporte,Sullivan County,Township,Laporte Township,3.2,2.1,79432.0,7585.0,71847.0,87017.0,1835
"Stockdale borough, Washington County, Pennsylvania",3.2,2.4,52422.0,8051.0,42,125,74224,Stockdale,Washington County,Borough,Stockdale,3.2,2.4,52422.0,8051.0,44371.0,60473.0,1835
"Cumberland Valley township, Bedford County, Pennsylvania",3.2,2.8,67361.0,8244.0,42,009,17664,Cumberland Valley,Bedford County,Township,Cumberland Valley,3.2,2.8,67361.0,8244.0,59117.0,75605.0,1835
"Buck township, Luzerne County, Pennsylvania",3.2,3.9,72500.0,15423.0,42,079,09760,Buck,Luzerne County,Township,Buck,3.2,3.9,72500.0,15423.0,57077.0,87923.0,1835
"Cranberry township, Venango County, Pennsylvania",3.2,1.9,60977.0,11502.0,42,121,16944,Cranberry,Venango County,Township,Cranberry,3.2,1.9,60977.0,11502.0,49475.0,72479.0,1835
"Fayette township, Juniata County, Pennsylvania",3.2,3.2,75250.0,11814.0,42,067,25440,Fayette,Juniata County,Township,Fayette,3.2,3.2,75250.0,11814.0,63436.0,87064.0,1835
"Ingram borough, Allegheny County, Pennsylvania",3.2,2.7,71154.0,22202.0,42,003,37000,Ingram,Allegheny County,Borough,Ingram,3.2,2.7,71154.0,22202.0,48952.0,93356.0,1835
"Scalp Level borough, Cambria County, Pennsylvania",3.2,3.0,49861.0,10532.0,42,021,68104,Scalp Level,Cambria County,Borough,Scalp Level,3.2,3.0,49861.0,10532.0,39329.0,60393.0,1835
"Portage borough, Cambria County, Pennsylvania",3.1,2.2,45556.0,6410.0,42,021,62048,Portage,Cambria County,Borough,Portage Borough,3.1,2.2,45556.0,6410.0,39146.0,51966.0,1862
"Dublin township, Huntingdon County, Pennsylvania",3.1,2.6,68472.0,6598.0,42,061,20120,Dublin,Huntingdon County,Township,Dublin,3.1,2.6,68472.0,6598.0,61874.0,75070.0,1862
"Williamsport city, Lycoming County, Pennsylvania",3.1,0.9,48851.0,3043.0,42,081,85312,Williamsport,Lycoming County,City,Williamsport,3.1,0.9,48851.0,3043.0,45808.0,51894.0,1862
"Lower Augusta township, Northumberland County, Pennsylvania",3.1,2.3,74688.0,22188.0,42,097,44856,Lower Augusta,Northumberland County,Township,Lower Augusta,3.1,2.3,74688.0,22188.0,52500.0,96876.0,1862
"Perry township, Clarion County, Pennsylvania",3.1,1.5,75536.0,16941.0,42,031,59456,Perry,Clarion County,Township,Perry,3.1,1.5,75536.0,16941.0,58595.0,92477.0,1862
"Renovo borough, Clinton County, Pennsylvania",3.1,3.7,27716.0,4950.0,42,035,64200,Renovo,Clinton County,Borough,Renovo,3.1,3.7,27716.0,4950.0,22766.0,32666.0,1862
"Dean township, Cambria County, Pennsylvania",3.1,3.1,53750.0,13171.0,42,021,18432,Dean,Cambria County,Township,Dean,3.1,3.1,53750.0,13171.0,40579.0,66921.0,1862
"Canton borough, Bradford County, Pennsylvania",3.1,2.8,42132.0,3250.0,42,015,11160,Canton,Bradford County,Borough,Canton Borough,3.1,2.8,42132.0,3250.0,38882.0,45382.0,1862
"Menno township, Mifflin County, Pennsylvania",3.1,2.4,72639.0,11473.0,42,087,48664,Menno,Mifflin County,Township,Menno,3.1,2.4,72639.0,11473.0,61166.0,84112.0,1862
"Perryopolis borough, Fayette County, Pennsylvania",3.1,1.9,61319.0,5733.0,42,051,59520,Perryopolis,Fayette County,Borough,Perryopolis,3.1,1.9,61319.0,5733.0,55586.0,67052.0,1862
"Ringgold township, Jefferson County, Pennsylvania",3.1,2.4,62000.0,15791.0,42,065,64960,Ringgold,Jefferson County,Township,Ringgold,3.1,2.4,62000.0,15791.0,46209.0,77791.0,1862
"Stoystown borough, Somerset County, Pennsylvania",3.1,2.6,54519.0,19522.0,42,111,74672,Stoystown,Somerset County,Borough,Stoystown,3.1,2.6,54519.0,19522.0,34997.0,74041.0,1862
"Hooversville borough, Somerset County, Pennsylvania",3.1,3.9,41354.0,4258.0,42,111,35608,Hooversville,Somerset County,Borough,Hooversville,3.1,3.9,41354.0,4258.0,37096.0,45612.0,1862
"Hayfield township, Crawford County, Pennsylvania",3.1,2.5,72238.0,7576.0,42,039,33256,Hayfield,Crawford County,Township,Hayfield,3.1,2.5,72238.0,7576.0,64662.0,79814.0,1862
"Flemington borough, Clinton County, Pennsylvania",3.1,2.5,53824.0,11114.0,42,035,26296,Flemington,Clinton County,Borough,Flemington,3.1,2.5,53824.0,11114.0,42710.0,64938.0,1862
"Pine township, Crawford County, Pennsylvania",3.1,2.9,53958.0,8183.0,42,039,60312,Pine,Crawford County,Township,Pine,3.1,2.9,53958.0,8183.0,45775.0,62141.0,1862
"McKean borough, Erie County, Pennsylvania",3.1,3.8,71667.0,28275.0,42,049,46216,McKean,Erie County,Borough,McKean Borough,3.1,3.8,71667.0,28275.0,43392.0,99942.0,1862
"Shickshinny borough, Luzerne County, Pennsylvania",3.1,3.8,42500.0,6432.0,42,079,70224,Shickshinny,Luzerne County,Borough,Shickshinny,3.1,3.8,42500.0,6432.0,36068.0,48932.0,1862
"Pleasant township, Warren County, Pennsylvania",3.1,1.9,75893.0,14843.0,42,123,61208,Pleasant,Warren County,Township,Pleasant,3.1,1.9,75893.0,14843.0,61050.0,90736.0,1862
"Ford City borough, Armstrong County, Pennsylvania",3.1,2.6,57971.0,17481.0,42,005,26512,Ford,Armstrong County,Borough,Ford,3.1,2.6,57971.0,17481.0,40490.0,75452.0,1862
"Canoe township, Indiana County, Pennsylvania",3.1,1.8,67950.0,6355.0,42,063,11120,Canoe,Indiana County,Township,Canoe,3.1,1.8,67950.0,6355.0,61595.0,74305.0,1862
"West Hazleton borough, Luzerne County, Pennsylvania",3.1,3.6,34118.0,15671.0,42,079,83136,West Hazleton,Luzerne County,Borough,West Hazleton,3.1,3.6,34118.0,15671.0,18447.0,49789.0,1862
"Harrison township, Potter County, Pennsylvania",3.0,2.1,60859.0,9825.0,42,105,32848,Harrison,Potter County,Township,Harrison,3.0,2.1,60859.0,9825.0,51034.0,70684.0,1884
"Meshoppen borough, Wyoming County, Pennsylvania",3.0,4.3,78750.0,28783.0,42,131,48856,Meshoppen,Wyoming County,Borough,Meshoppen Borough,3.0,4.3,78750.0,28783.0,49967.0,107533.0,1884
"Lower Mahanoy township, Northumberland County, Pennsylvania",3.0,1.6,69904.0,17655.0,42,097,44960,Lower Mahanoy,Northumberland County,Township,Lower Mahanoy,3.0,1.6,69904.0,17655.0,52249.0,87559.0,1884
"Oil City city, Venango County, Pennsylvania",3.0,1.3,51316.0,6404.0,42,121,56456,Oil City,Venango County,City,Oil City,3.0,1.3,51316.0,6404.0,44912.0,57720.0,1884
"Union township, Washington County, Pennsylvania",3.0,1.5,61071.0,7206.0,42,125,78432,Union,Washington County,Township,Union,3.0,1.5,61071.0,7206.0,53865.0,68277.0,1884
"Geistown borough, Cambria County, Pennsylvania",3.0,2.0,63958.0,13928.0,42,021,28720,Geistown,Cambria County,Borough,Geistown,3.0,2.0,63958.0,13928.0,50030.0,77886.0,1884
"Susquehanna township, Lycoming County, Pennsylvania",3.0,2.0,69352.0,9718.0,42,081,75544,Susquehanna,Lycoming County,Township,Susquehanna,3.0,2.0,69352.0,9718.0,59634.0,79070.0,1884
"West Mayfield borough, Beaver County, Pennsylvania",3.0,3.0,54731.0,8216.0,42,007,83472,West Mayfield,Beaver County,Borough,West Mayfield,3.0,3.0,54731.0,8216.0,46515.0,62947.0,1884
"Portersville borough, Butler County, Pennsylvania",3.0,4.4,79375.0,31877.0,42,019,62224,Portersville,Butler County,Borough,Portersville,3.0,4.4,79375.0,31877.0,47498.0,111252.0,1884
"Williamsburg borough, Blair County, Pennsylvania",3.0,2.4,50952.0,10162.0,42,013,85272,Williamsburg,Blair County,Borough,Williamsburg,3.0,2.4,50952.0,10162.0,40790.0,61114.0,1884
"Ellwood City borough, Lawrence County, Pennsylvania",3.0,2.0,64033.0,7715.0,42,073,23304,Ellwood,Lawrence County,Borough,Ellwood,3.0,2.0,64033.0,7715.0,56318.0,71748.0,1884
"Bradford township, Clearfield County, Pennsylvania",3.0,2.7,55938.0,15573.0,42,033,08032,Bradford,Clearfield County,Township,Bradford,3.0,2.7,55938.0,15573.0,40365.0,71511.0,1884
"Allegheny township, Butler County, Pennsylvania",3.0,2.3,60625.0,23794.0,42,019,00860,Allegheny,Butler County,Township,Allegheny,3.0,2.3,60625.0,23794.0,36831.0,84419.0,1884
"Washington township, Butler County, Pennsylvania",3.0,2.0,64167.0,12644.0,42,019,81192,Washington,Butler County,Township,Washington,3.0,2.0,64167.0,12644.0,51523.0,76811.0,1884
"Charleroi borough, Washington County, Pennsylvania",3.0,1.9,43265.0,5221.0,42,125,12704,Charleroi,Washington County,Borough,Charleroi,3.0,1.9,43265.0,5221.0,38044.0,48486.0,1884
"Wellsville borough, York County, Pennsylvania",3.0,5.1,92321.0,8465.0,42,133,82200,Wellsville,York County,Borough,Wellsville,3.0,5.1,92321.0,8465.0,83856.0,100786.0,1884
"Claysville borough, Washington County, Pennsylvania",3.0,4.9,79479.0,31318.0,42,125,14000,Claysville,Washington County,Borough,Claysville,3.0,4.9,79479.0,31318.0,48161.0,110797.0,1884
"Hector township, Potter County, Pennsylvania",3.0,2.9,51250.0,21698.0,42,105,33568,Hector,Potter County,Township,Hector,3.0,2.9,51250.0,21698.0,29552.0,72948.0,1884
"Graham township, Clearfield County, Pennsylvania",3.0,2.9,77917.0,28994.0,42,033,30272,Graham,Clearfield County,Township,Graham,3.0,2.9,77917.0,28994.0,48923.0,106911.0,1884
"Avonmore borough, Westmoreland County, Pennsylvania",3.0,2.6,52143.0,15799.0,42,129,03688,Avonmore,Westmoreland County,Borough,Avonmore,3.0,2.6,52143.0,15799.0,36344.0,67942.0,1884
"Falls Creek borough, Jefferson County, Pennsylvania",3.0,3.6,53594.0,7457.0,42,065,25136,Falls Creek,Jefferson County,Borough,Falls Creek,3.0,3.6,53594.0,7457.0,46137.0,61051.0,1884
"Reed township, Dauphin County, Pennsylvania",3.0,4.0,80417.0,15037.0,42,043,63928,Reed,Dauphin County,Township,Reed,3.0,4.0,80417.0,15037.0,65380.0,95454.0,1884
"Brokenstraw township, Warren County, Pennsylvania",3.0,3.0,49844.0,9505.0,42,123,09024,Brokenstraw,Warren County,Township,Brokenstraw,3.0,3.0,49844.0,9505.0,40339.0,59349.0,1884
"Washington township, Indiana County, Pennsylvania",3.0,2.5,65938.0,8251.0,42,063,81256,Washington,Indiana County,Township,Washington,3.0,2.5,65938.0,8251.0,57687.0,74189.0,1884
"Plumville borough, Indiana County, Pennsylvania",3.0,4.2,50938.0,29871.0,42,063,61632,Plumville,Indiana County,Borough,Plumville,3.0,4.2,50938.0,29871.0,21067.0,80809.0,1884
"Overton township, Bradford County, Pennsylvania",3.0,3.6,58750.0,20405.0,42,015,57448,Overton,Bradford County,Township,Overton,3.0,3.6,58750.0,20405.0,38345.0,79155.0,1884
"West Middlesex borough, Mercer County, Pennsylvania",3.0,3.9,89667.0,23350.0,42,085,83496,West Middlesex,Mercer County,Borough,West Middlesex,3.0,3.9,89667.0,23350.0,66317.0,113017.0,1884
"Rankin borough, Allegheny County, Pennsylvania",3.0,3.5,48145.0,16598.0,42,003,63408,Rankin,Allegheny County,Borough,Rankin,3.0,3.5,48145.0,16598.0,31547.0,64743.0,1884
"Clifton township, Lackawanna County, Pennsylvania",3.0,1.9,56705.0,2980.0,42,069,14256,Clifton,Lackawanna County,Township,Clifton,3.0,1.9,56705.0,2980.0,53725.0,59685.0,1884
"Colwyn borough, Delaware County, Pennsylvania",3.0,4.0,46935.0,18049.0,42,045,15432,Colwyn,Delaware County,Borough,Colwyn,3.0,4.0,46935.0,18049.0,28886.0,64984.0,1884
"Norristown borough, Montgomery County, Pennsylvania",3.0,1.1,66701.0,5850.0,42,091,54656,Norristown,Montgomery County,Borough,Norristown,3.0,1.1,66701.0,5850.0,60851.0,72551.0,1884
"Bratton township, Mifflin County, Pennsylvania",2.9,2.6,63375.0,5604.0,42,087,08304,Bratton,Mifflin County,Township,Bratton,2.9,2.6,63375.0,5604.0,57771.0,68979.0,1915
"Stillwater borough, Columbia County, Pennsylvania",2.9,3.9,85000.0,16796.0,42,037,74184,Stillwater,Columbia County,Borough,Stillwater,2.9,3.9,85000.0,16796.0,68204.0,101796.0,1915
"Mount Penn borough, Berks County, Pennsylvania",2.9,2.4,63512.0,8441.0,42,011,51760,Mount Penn,Berks County,Borough,Mount Penn,2.9,2.4,63512.0,8441.0,55071.0,71953.0,1915
"Ceres township, McKean County, Pennsylvania",2.9,2.0,60114.0,4858.0,42,083,12408,Ceres,McKean County,Township,Ceres,2.9,2.0,60114.0,4858.0,55256.0,64972.0,1915
"Robesonia borough, Berks County, Pennsylvania",2.9,2.1,91188.0,13297.0,42,011,65336,Robesonia,Berks County,Borough,Robesonia,2.9,2.1,91188.0,13297.0,77891.0,104485.0,1915
"Cumberland township, Greene County, Pennsylvania",2.9,2.0,63592.0,11936.0,42,059,17648,Cumberland,Greene County,Township,Cumberland,2.9,2.0,63592.0,11936.0,51656.0,75528.0,1915
"Nanticoke city, Luzerne County, Pennsylvania",2.9,1.2,57462.0,6160.0,42,079,52584,Nanticoke,Luzerne County,City,Nanticoke,2.9,1.2,57462.0,6160.0,51302.0,63622.0,1915
"Monessen city, Westmoreland County, Pennsylvania",2.9,1.3,52889.0,10061.0,42,129,50344,Monessen,Westmoreland County,City,Monessen,2.9,1.3,52889.0,10061.0,42828.0,62950.0,1915
"Bloom township, Clearfield County, Pennsylvania",2.9,3.1,75583.0,10722.0,42,033,07008,Bloom,Clearfield County,Township,Bloom,2.9,3.1,75583.0,10722.0,64861.0,86305.0,1915
"Wind Gap borough, Northampton County, Pennsylvania",2.9,4.0,71375.0,19365.0,42,095,85664,Wind Gap,Northampton County,Borough,Wind Gap,2.9,4.0,71375.0,19365.0,52010.0,90740.0,1915
"Ararat township, Susquehanna County, Pennsylvania",2.9,2.5,70833.0,15434.0,42,115,02792,Ararat,Susquehanna County,Township,Ararat,2.9,2.5,70833.0,15434.0,55399.0,86267.0,1915
"Vintondale borough, Cambria County, Pennsylvania",2.9,2.3,45000.0,12293.0,42,021,80288,Vintondale,Cambria County,Borough,Vintondale,2.9,2.3,45000.0,12293.0,32707.0,57293.0,1915
"Westfield borough, Tioga County, Pennsylvania",2.9,1.8,39861.0,17009.0,42,117,82968,Westfield,Tioga County,Borough,Westfield Borough,2.9,1.8,39861.0,17009.0,22852.0,56870.0,1915
"Harmony township, Susquehanna County, Pennsylvania",2.9,2.8,59375.0,20485.0,42,115,32720,Harmony,Susquehanna County,Township,Harmony,2.9,2.8,59375.0,20485.0,38890.0,79860.0,1915
"Broad Top township, Bedford County, Pennsylvania",2.8,2.4,61964.0,17010.0,42,009,08880,Broad Top,Bedford County,Township,Broad Top,2.8,2.4,61964.0,17010.0,44954.0,78974.0,1929
"Paint township, Somerset County, Pennsylvania",2.8,2.4,61364.0,12099.0,42,111,57552,Paint,Somerset County,Township,Paint Township,2.8,2.4,61364.0,12099.0,49265.0,73463.0,1929
"McDonald borough, Allegheny County, Pennsylvania",2.8,4.5,61607.0,50435.0,42,003,46072,McDonald,Allegheny County,Borough,McDonald,2.8,4.5,61607.0,50435.0,11172.0,112042.0,1929
"Courtdale borough, Luzerne County, Pennsylvania",2.8,2.8,82750.0,17759.0,42,079,16568,Courtdale,Luzerne County,Borough,Courtdale,2.8,2.8,82750.0,17759.0,64991.0,100509.0,1929
"Barry township, Schuylkill County, Pennsylvania",2.8,1.9,75962.0,7873.0,42,107,04352,Barry,Schuylkill County,Township,Barry,2.8,1.9,75962.0,7873.0,68089.0,83835.0,1929
"Burgettstown borough, Washington County, Pennsylvania",2.8,2.4,52500.0,19508.0,42,125,10224,Burgettstown,Washington County,Borough,Burgettstown,2.8,2.4,52500.0,19508.0,32992.0,72008.0,1929
"Upper Turkeyfoot township, Somerset County, Pennsylvania",2.8,2.5,75298.0,7233.0,42,111,79336,Upper Turkeyfoot,Somerset County,Township,Upper Turkeyfoot,2.8,2.5,75298.0,7233.0,68065.0,82531.0,1929
"Tioga township, Tioga County, Pennsylvania",2.8,3.6,49931.0,14980.0,42,117,76824,Tioga,Tioga County,Township,Tioga Township,2.8,3.6,49931.0,14980.0,34951.0,64911.0,1929
"Liberty borough, Allegheny County, Pennsylvania",2.8,2.5,73786.0,12877.0,42,003,43064,Liberty,Allegheny County,Borough,Liberty,2.8,2.5,73786.0,12877.0,60909.0,86663.0,1929
"Menallen township, Fayette County, Pennsylvania",2.8,2.1,64013.0,16844.0,42,051,48616,Menallen,Fayette County,Township,Menallen,2.8,2.1,64013.0,16844.0,47169.0,80857.0,1929
"Parker township, Butler County, Pennsylvania",2.8,2.5,59861.0,9949.0,42,019,57984,Parker,Butler County,Township,Parker,2.8,2.5,59861.0,9949.0,49912.0,69810.0,1929
"Porter township, Huntingdon County, Pennsylvania",2.8,2.2,60441.0,10887.0,42,061,62160,Porter,Huntingdon County,Township,Porter,2.8,2.2,60441.0,10887.0,49554.0,71328.0,1929
"White Oak borough, Allegheny County, Pennsylvania",2.8,1.8,59452.0,9840.0,42,003,84704,White Oak,Allegheny County,Borough,White Oak,2.8,1.8,59452.0,9840.0,49612.0,69292.0,1929
"Shinglehouse borough, Potter County, Pennsylvania",2.8,3.1,47315.0,13697.0,42,105,70304,Shinglehouse,Potter County,Borough,Shinglehouse,2.8,3.1,47315.0,13697.0,33618.0,61012.0,1929
"Jamestown borough, Mercer County, Pennsylvania",2.8,3.6,44688.0,8857.0,42,085,37696,Jamestown,Mercer County,Borough,Jamestown,2.8,3.6,44688.0,8857.0,35831.0,53545.0,1929
"Northumberland borough, Northumberland County, Pennsylvania",2.8,2.2,66477.0,6182.0,42,097,55456,Northumberland,Northumberland County,Borough,Northumberland,2.8,2.2,66477.0,6182.0,60295.0,72659.0,1929
"West St. Clair township, Bedford County, Pennsylvania",2.8,1.9,53370.0,7490.0,42,009,83972,West St. Clair,Bedford County,Township,West St. Clair,2.8,1.9,53370.0,7490.0,45880.0,60860.0,1929
"Blossburg borough, Tioga County, Pennsylvania",2.7,2.0,68791.0,2909.0,42,117,07160,Blossburg,Tioga County,Borough,Blossburg,2.7,2.0,68791.0,2909.0,65882.0,71700.0,1946
"Harmony borough, Butler County, Pennsylvania",2.7,2.4,84844.0,26204.0,42,019,32688,Harmony,Butler County,Borough,Harmony,2.7,2.4,84844.0,26204.0,58640.0,111048.0,1946
"Bethel township, Fulton County, Pennsylvania",2.7,1.9,74856.0,8688.0,42,057,06032,Bethel,Fulton County,Township,Bethel,2.7,1.9,74856.0,8688.0,66168.0,83544.0,1946
"Catawissa township, Columbia County, Pennsylvania",2.7,2.1,66648.0,7331.0,42,037,11744,Catawissa,Columbia County,Township,Catawissa Township,2.7,2.1,66648.0,7331.0,59317.0,73979.0,1946
"Brentwood borough, Allegheny County, Pennsylvania",2.7,2.2,68904.0,13461.0,42,003,08416,Brentwood,Allegheny County,Borough,Brentwood,2.7,2.2,68904.0,13461.0,55443.0,82365.0,1946
"Annville township, Lebanon County, Pennsylvania",2.7,2.9,71321.0,13862.0,42,075,02600,Annville,Lebanon County,Township,Annville,2.7,2.9,71321.0,13862.0,57459.0,85183.0,1946
"Jordan township, Clearfield County, Pennsylvania",2.7,2.3,49286.0,10567.0,42,033,38432,Jordan,Clearfield County,Township,Jordan,2.7,2.3,49286.0,10567.0,38719.0,59853.0,1946
"Burrell township, Indiana County, Pennsylvania",2.7,2.2,50948.0,12425.0,42,063,10352,Burrell,Indiana County,Township,Burrell,2.7,2.2,50948.0,12425.0,38523.0,63373.0,1946
"Juniata township, Blair County, Pennsylvania",2.7,2.4,66023.0,10974.0,42,013,38592,Juniata,Blair County,Township,Juniata,2.7,2.4,66023.0,10974.0,55049.0,76997.0,1946
"Lawrence township, Tioga County, Pennsylvania",2.7,2.1,59702.0,10094.0,42,117,41960,Lawrence,Tioga County,Township,Lawrence,2.7,2.1,59702.0,10094.0,49608.0,69796.0,1946
"West Fallowfield township, Crawford County, Pennsylvania",2.7,2.8,66250.0,15133.0,42,039,82944,West Fallowfield,Crawford County,Township,West Fallowfield,2.7,2.8,66250.0,15133.0,51117.0,81383.0,1946
"Sweden township, Potter County, Pennsylvania",2.7,2.2,61000.0,21799.0,42,105,75720,Sweden,Potter County,Township,Sweden,2.7,2.2,61000.0,21799.0,39201.0,82799.0,1946
"Myerstown borough, Lebanon County, Pennsylvania",2.7,4.3,59057.0,13247.0,42,075,52488,Myerstown,Lebanon County,Borough,Myerstown,2.7,4.3,59057.0,13247.0,45810.0,72304.0,1946
"Reading city, Berks County, Pennsylvania",2.7,0.7,44091.0,3478.0,42,011,63624,Reading,Berks County,City,Reading,2.7,0.7,44091.0,3478.0,40613.0,47569.0,1946
"Ulysses borough, Potter County, Pennsylvania",2.7,3.7,34063.0,21206.0,42,105,78240,Ulysses,Potter County,Borough,Ulysses Borough,2.7,3.7,34063.0,21206.0,12857.0,55269.0,1946
"Catharine township, Blair County, Pennsylvania",2.7,2.4,75357.0,13365.0,42,013,11760,Catharine,Blair County,Township,Catharine,2.7,2.4,75357.0,13365.0,61992.0,88722.0,1946
"Greenville borough, Mercer County, Pennsylvania",2.7,1.9,52661.0,12567.0,42,085,31328,Greenville,Mercer County,Borough,Greenville,2.7,1.9,52661.0,12567.0,40094.0,65228.0,1946
"Waynesburg borough, Greene County, Pennsylvania",2.7,2.8,54050.0,25177.0,42,059,81832,Waynesburg,Greene County,Borough,Waynesburg,2.7,2.8,54050.0,25177.0,28873.0,79227.0,1946
"Youngstown borough, Westmoreland County, Pennsylvania",2.7,4.7,65250.0,18252.0,42,129,87208,Youngstown,Westmoreland County,Borough,Youngstown,2.7,4.7,65250.0,18252.0,46998.0,83502.0,1946
"Limestone township, Clarion County, Pennsylvania",2.7,1.3,74485.0,9782.0,42,031,43344,Limestone,Clarion County,Township,Limestone,2.7,1.3,74485.0,9782.0,64703.0,84267.0,1946
"Thornhurst township, Lackawanna County, Pennsylvania",2.7,2.1,71625.0,13774.0,42,069,76601,Thornhurst,Lackawanna County,Township,Thornhurst,2.7,2.1,71625.0,13774.0,57851.0,85399.0,1946
"Napier township, Bedford County, Pennsylvania",2.7,2.0,61656.0,8799.0,42,009,52648,Napier,Bedford County,Township,Napier,2.7,2.0,61656.0,8799.0,52857.0,70455.0,1946
"White township, Beaver County, Pennsylvania",2.7,1.9,56136.0,14194.0,42,007,84444,White,Beaver County,Township,White,2.7,1.9,56136.0,14194.0,41942.0,70330.0,1946
"Ferndale borough, Cambria County, Pennsylvania",2.7,2.6,56625.0,2731.0,42,021,25680,Ferndale,Cambria County,Borough,Ferndale,2.7,2.6,56625.0,2731.0,53894.0,59356.0,1946
"McEwensville borough, Northumberland County, Pennsylvania",2.7,6.1,74500.0,18781.0,42,097,46120,McEwensville,Northumberland County,Borough,McEwensville,2.7,6.1,74500.0,18781.0,55719.0,93281.0,1946
"Sharon Hill borough, Delaware County, Pennsylvania",2.7,3.1,75130.0,27561.0,42,045,69752,Sharon Hill,Delaware County,Borough,Sharon Hill,2.7,3.1,75130.0,27561.0,47569.0,102691.0,1946
"Lock Haven city, Clinton County, Pennsylvania",2.6,2.4,46102.0,5771.0,42,035,44128,Lock Haven,Clinton County,City,Lock Haven,2.6,2.4,46102.0,5771.0,40331.0,51873.0,1972
"Bellefonte borough, Centre County, Pennsylvania",2.6,1.8,62540.0,15295.0,42,027,05256,Bellefonte,Centre County,Borough,Bellefonte,2.6,1.8,62540.0,15295.0,47245.0,77835.0,1972
"Rayburn township, Armstrong County, Pennsylvania",2.6,1.8,69688.0,15066.0,42,005,63560,Rayburn,Armstrong County,Township,Rayburn,2.6,1.8,69688.0,15066.0,54622.0,84754.0,1972
"Young township, Indiana County, Pennsylvania",2.6,2.2,77200.0,15528.0,42,063,87160,Young,Indiana County,Township,Young,2.6,2.2,77200.0,15528.0,61672.0,92728.0,1972
"Elk township, Clarion County, Pennsylvania",2.6,1.7,55402.0,7584.0,42,031,23040,Elk,Clarion County,Township,Elk,2.6,1.7,55402.0,7584.0,47818.0,62986.0,1972
"Genesee township, Potter County, Pennsylvania",2.6,2.3,69722.0,16219.0,42,105,28760,Genesee,Potter County,Township,Genesee,2.6,2.3,69722.0,16219.0,53503.0,85941.0,1972
"Erie city, Erie County, Pennsylvania",2.6,0.6,46113.0,2036.0,42,049,24000,Erie,Erie County,City,Erie,2.6,0.6,46113.0,2036.0,44077.0,48149.0,1972
"Emporium borough, Cameron County, Pennsylvania",2.6,2.2,42500.0,11885.0,42,023,23600,Emporium,Cameron County,Borough,Emporium,2.6,2.2,42500.0,11885.0,30615.0,54385.0,1972
"Altoona city, Blair County, Pennsylvania",2.6,0.7,51250.0,2186.0,42,013,02184,Altoona,Blair County,City,Altoona,2.6,0.7,51250.0,2186.0,49064.0,53436.0,1972
"Kline township, Schuylkill County, Pennsylvania",2.6,1.9,53125.0,17436.0,42,107,40096,Kline,Schuylkill County,Township,Kline,2.6,1.9,53125.0,17436.0,35689.0,70561.0,1972
"Chest Springs borough, Cambria County, Pennsylvania",2.6,4.7,55625.0,24737.0,42,021,13384,Chest Springs,Cambria County,Borough,Chest Springs,2.6,4.7,55625.0,24737.0,30888.0,80362.0,1972
"Pine township, Indiana County, Pennsylvania",2.6,2.3,69375.0,6952.0,42,063,60320,Pine,Indiana County,Township,Pine,2.6,2.3,69375.0,6952.0,62423.0,76327.0,1972
"Lebanon city, Lebanon County, Pennsylvania",2.6,1.4,48456.0,3986.0,42,075,42168,Lebanon,Lebanon County,City,Lebanon,2.6,1.4,48456.0,3986.0,44470.0,52442.0,1972
"Masontown borough, Fayette County, Pennsylvania",2.6,2.4,53676.0,9982.0,42,051,48000,Masontown,Fayette County,Borough,Masontown,2.6,2.4,53676.0,9982.0,43694.0,63658.0,1972
"Jackson Center borough, Mercer County, Pennsylvania",2.6,3.3,56406.0,17733.0,42,085,37496,Jackson Center,Mercer County,Borough,Jackson Center,2.6,3.3,56406.0,17733.0,38673.0,74139.0,1972
"Catawissa borough, Columbia County, Pennsylvania",2.6,2.3,51992.0,6964.0,42,037,11736,Catawissa,Columbia County,Borough,Catawissa Borough,2.6,2.3,51992.0,6964.0,45028.0,58956.0,1972
"Summerville borough, Jefferson County, Pennsylvania",2.6,2.6,61875.0,16319.0,42,065,75168,Summerville,Jefferson County,Borough,Summerville,2.6,2.6,61875.0,16319.0,45556.0,78194.0,1972
"Curtin township, Centre County, Pennsylvania",2.6,2.2,63295.0,13910.0,42,027,17800,Curtin,Centre County,Township,Curtin,2.6,2.2,63295.0,13910.0,49385.0,77205.0,1972
"Mercer township, Butler County, Pennsylvania",2.6,2.5,71250.0,40451.0,42,019,48688,Mercer,Butler County,Township,Mercer,2.6,2.5,71250.0,40451.0,30799.0,111701.0,1972
"Howard borough, Centre County, Pennsylvania",2.6,4.0,69306.0,15809.0,42,027,35960,Howard,Centre County,Borough,Howard Borough,2.6,4.0,69306.0,15809.0,53497.0,85115.0,1972
"Fayette City borough, Fayette County, Pennsylvania",2.5,3.7,57443.0,27740.0,42,051,25456,Fayette,Fayette County,Borough,Fayette,2.5,3.7,57443.0,27740.0,29703.0,85183.0,1992
"Houtzdale borough, Clearfield County, Pennsylvania",2.5,1.8,64868.0,8716.0,42,033,35928,Houtzdale,Clearfield County,Borough,Houtzdale,2.5,1.8,64868.0,8716.0,56152.0,73584.0,1992
"Mount Pleasant borough, Westmoreland County, Pennsylvania",2.5,2.0,51820.0,11020.0,42,129,51880,Mount Pleasant,Westmoreland County,Borough,Mount Pleasant Borough,2.5,2.0,51820.0,11020.0,40800.0,62840.0,1992
"Monroe township, Bradford County, Pennsylvania",2.5,2.7,56850.0,7457.0,42,015,50440,Monroe,Bradford County,Township,Monroe Township,2.5,2.7,56850.0,7457.0,49393.0,64307.0,1992
"Gallitzin borough, Cambria County, Pennsylvania",2.5,1.6,56304.0,7075.0,42,021,28328,Gallitzin,Cambria County,Borough,Gallitzin Borough,2.5,1.6,56304.0,7075.0,49229.0,63379.0,1992
"Sunbury city, Northumberland County, Pennsylvania",2.5,2.1,51028.0,5850.0,42,097,75304,Sunbury,Northumberland County,City,Sunbury,2.5,2.1,51028.0,5850.0,45178.0,56878.0,1992
"Jackson township, Venango County, Pennsylvania",2.5,1.9,66250.0,13557.0,42,121,37480,Jackson,Venango County,Township,Jackson,2.5,1.9,66250.0,13557.0,52693.0,79807.0,1992
"Banks township, Carbon County, Pennsylvania",2.5,3.2,63875.0,21058.0,42,025,04048,Banks,Carbon County,Township,Banks,2.5,3.2,63875.0,21058.0,42817.0,84933.0,1992
"Sykesville borough, Jefferson County, Pennsylvania",2.5,3.8,45208.0,10919.0,42,065,75888,Sykesville,Jefferson County,Borough,Sykesville,2.5,3.8,45208.0,10919.0,34289.0,56127.0,1992
"Honesdale borough, Wayne County, Pennsylvania",2.5,2.6,47485.0,13064.0,42,127,35520,Honesdale,Wayne County,Borough,Honesdale,2.5,2.6,47485.0,13064.0,34421.0,60549.0,1992
"Aliquippa city, Beaver County, Pennsylvania",2.5,2.1,50188.0,8193.0,42,007,00820,Aliquippa,Beaver County,City,Aliquippa,2.5,2.1,50188.0,8193.0,41995.0,58381.0,1992
"Fleetwood borough, Berks County, Pennsylvania",2.5,1.6,93276.0,14584.0,42,011,26280,Fleetwood,Berks County,Borough,Fleetwood,2.5,1.6,93276.0,14584.0,78692.0,107860.0,1992
"Brownstown borough, Cambria County, Pennsylvania",2.5,2.7,51042.0,9515.0,42,021,09400,Brownstown,Cambria County,Borough,Brownstown,2.5,2.7,51042.0,9515.0,41527.0,60557.0,1992
"Elizabethville borough, Dauphin County, Pennsylvania",2.5,2.0,68864.0,20682.0,42,043,23024,Elizabethville,Dauphin County,Borough,Elizabethville,2.5,2.0,68864.0,20682.0,48182.0,89546.0,1992
"Summit township, Crawford County, Pennsylvania",2.5,2.4,56375.0,7919.0,42,039,75200,Summit,Crawford County,Township,Summit,2.5,2.4,56375.0,7919.0,48456.0,64294.0,1992
"California borough, Washington County, Pennsylvania",2.4,1.9,48606.0,9502.0,42,125,10768,California,Washington County,Borough,California,2.4,1.9,48606.0,9502.0,39104.0,58108.0,2007
"Morris township, Clearfield County, Pennsylvania",2.4,3.4,45357.0,13524.0,42,033,51056,Morris,Clearfield County,Township,Morris,2.4,3.4,45357.0,13524.0,31833.0,58881.0,2007
"Hamburg borough, Berks County, Pennsylvania",2.4,2.3,55446.0,16466.0,42,011,32120,Hamburg,Berks County,Borough,Hamburg,2.4,2.3,55446.0,16466.0,38980.0,71912.0,2007
"Smithton borough, Westmoreland County, Pennsylvania",2.4,4.1,55625.0,35672.0,42,129,71424,Smithton,Westmoreland County,Borough,Smithton,2.4,4.1,55625.0,35672.0,19953.0,91297.0,2007
"Finleyville borough, Washington County, Pennsylvania",2.4,2.4,50208.0,9799.0,42,125,25944,Finleyville,Washington County,Borough,Finleyville,2.4,2.4,50208.0,9799.0,40409.0,60007.0,2007
"Vanderbilt borough, Fayette County, Pennsylvania",2.4,3.0,56364.0,9377.0,42,051,79768,Vanderbilt,Fayette County,Borough,Vanderbilt,2.4,3.0,56364.0,9377.0,46987.0,65741.0,2007
"East Rochester borough, Beaver County, Pennsylvania",2.4,2.8,42222.0,7301.0,42,007,21752,East Rochester,Beaver County,Borough,East Rochester,2.4,2.8,42222.0,7301.0,34921.0,49523.0,2007
"Linesville borough, Crawford County, Pennsylvania",2.4,2.4,54000.0,19364.0,42,039,43656,Linesville,Crawford County,Borough,Linesville,2.4,2.4,54000.0,19364.0,34636.0,73364.0,2007
"Barkeyville borough, Venango County, Pennsylvania",2.4,3.5,51875.0,21045.0,42,121,04136,Barkeyville,Venango County,Borough,Barkeyville,2.4,3.5,51875.0,21045.0,30830.0,72920.0,2007
"President township, Venango County, Pennsylvania",2.4,2.2,57946.0,5906.0,42,121,62544,President,Venango County,Township,President,2.4,2.2,57946.0,5906.0,52040.0,63852.0,2007
"Franklin city, Venango County, Pennsylvania",2.4,1.5,47117.0,8661.0,42,121,27456,Franklin,Venango County,City,Franklin,2.4,1.5,47117.0,8661.0,38456.0,55778.0,2007
"Braddock Hills borough, Allegheny County, Pennsylvania",2.4,2.5,39981.0,10405.0,42,003,08008,Braddock Hills,Allegheny County,Borough,Braddock Hills,2.4,2.5,39981.0,10405.0,29576.0,50386.0,2007
"West Leechburg borough, Westmoreland County, Pennsylvania",2.4,1.9,77115.0,15248.0,42,129,83328,West Leechburg,Westmoreland County,Borough,West Leechburg,2.4,1.9,77115.0,15248.0,61867.0,92363.0,2007
"East Chillisquaque township, Northumberland County, Pennsylvania",2.4,2.9,75000.0,15902.0,42,097,20976,East Chillisquaque,Northumberland County,Township,East Chillisquaque,2.4,2.9,75000.0,15902.0,59098.0,90902.0,2007
"Beaver Meadows borough, Carbon County, Pennsylvania",2.4,2.1,52768.0,8581.0,42,025,04816,Beaver Meadows,Carbon County,Borough,Beaver Meadows,2.4,2.1,52768.0,8581.0,44187.0,61349.0,2007
"West Shenango township, Crawford County, Pennsylvania",2.4,2.3,58750.0,16125.0,42,039,84008,West Shenango,Crawford County,Township,West Shenango,2.4,2.3,58750.0,16125.0,42625.0,74875.0,2007
"East McKeesport borough, Allegheny County, Pennsylvania",2.4,2.4,65907.0,9917.0,42,003,21444,East McKeesport,Allegheny County,Borough,East McKeesport,2.4,2.4,65907.0,9917.0,55990.0,75824.0,2007
"Yoe borough, York County, Pennsylvania",2.4,2.5,58750.0,18579.0,42,133,87040,Yoe,York County,Borough,Yoe,2.4,2.5,58750.0,18579.0,40171.0,77329.0,2007
"Blairsville borough, Indiana County, Pennsylvania",2.4,2.3,56337.0,10440.0,42,063,06904,Blairsville,Indiana County,Borough,Blairsville,2.4,2.3,56337.0,10440.0,45897.0,66777.0,2007
"Shippensburg township, Cumberland County, Pennsylvania",2.4,2.1,53445.0,9881.0,42,041,70360,Shippensburg,Cumberland County,Township,Shippensburg Township,2.4,2.1,53445.0,9881.0,43564.0,63326.0,2007
"North Versailles township, Allegheny County, Pennsylvania",2.4,1.5,53353.0,7507.0,42,003,55488,North Versailles,Allegheny County,Township,North Versailles,2.4,1.5,53353.0,7507.0,45846.0,60860.0,2007
"Wall borough, Allegheny County, Pennsylvania",2.4,3.1,54063.0,25720.0,42,003,80600,Wall,Allegheny County,Borough,Wall,2.4,3.1,54063.0,25720.0,28343.0,79783.0,2007
"Ashville borough, Cambria County, Pennsylvania",2.4,6.0,60714.0,17094.0,42,021,03296,Ashville,Cambria County,Borough,Ashville,2.4,6.0,60714.0,17094.0,43620.0,77808.0,2007
"Montgomery borough, Lycoming County, Pennsylvania",2.4,2.0,63936.0,4374.0,42,081,50632,Montgomery,Lycoming County,Borough,Montgomery,2.4,2.0,63936.0,4374.0,59562.0,68310.0,2007
"Annin township, McKean County, Pennsylvania",2.4,2.1,108333.0,44876.0,42,083,02576,Annin,McKean County,Township,Annin,2.4,2.1,108333.0,44876.0,63457.0,153209.0,2007
"Blacklick township, Cambria County, Pennsylvania",2.4,2.8,57250.0,9701.0,42,021,06736,Blacklick,Cambria County,Township,Blacklick,2.4,2.8,57250.0,9701.0,47549.0,66951.0,2007
"Bloomfield township, Crawford County, Pennsylvania",2.4,1.5,62721.0,9543.0,42,039,07032,Bloomfield,Crawford County,Township,Bloomfield,2.4,1.5,62721.0,9543.0,53178.0,72264.0,2007
"Chester city, Delaware County, Pennsylvania",2.4,1.2,41342.0,4759.0,42,045,13208,Chester,Delaware County,City,Chester City,2.4,1.2,41342.0,4759.0,36583.0,46101.0,2007
"Uniontown city, Fayette County, Pennsylvania",2.4,1.2,35454.0,8305.0,42,051,78528,Uniontown,Fayette County,City,Uniontown,2.4,1.2,35454.0,8305.0,27149.0,43759.0,2007
"Shade township, Somerset County, Pennsylvania",2.4,1.9,66774.0,11412.0,42,111,69448,Shade,Somerset County,Township,Shade,2.4,1.9,66774.0,11412.0,55362.0,78186.0,2007
"Morgan township, Greene County, Pennsylvania",2.4,1.9,65000.0,27502.0,42,059,50992,Morgan,Greene County,Township,Morgan,2.4,1.9,65000.0,27502.0,37498.0,92502.0,2007
"Covington township, Clearfield County, Pennsylvania",2.4,2.5,63462.0,6884.0,42,033,16656,Covington,Clearfield County,Township,Covington,2.4,2.5,63462.0,6884.0,56578.0,70346.0,2007
"Wood township, Huntingdon County, Pennsylvania",2.4,2.7,67500.0,14503.0,42,061,86080,Wood,Huntingdon County,Township,Wood,2.4,2.7,67500.0,14503.0,52997.0,82003.0,2007
"Coudersport borough, Potter County, Pennsylvania",2.3,1.6,51989.0,11076.0,42,105,16448,Coudersport,Potter County,Borough,Coudersport,2.3,1.6,51989.0,11076.0,40913.0,63065.0,2040
"Yeadon borough, Delaware County, Pennsylvania",2.3,1.1,49759.0,4671.0,42,045,86968,Yeadon,Delaware County,Borough,Yeadon,2.3,1.1,49759.0,4671.0,45088.0,54430.0,2040
"Jermyn borough, Lackawanna County, Pennsylvania",2.3,3.3,62917.0,16516.0,42,069,38096,Jermyn,Lackawanna County,Borough,Jermyn,2.3,3.3,62917.0,16516.0,46401.0,79433.0,2040
"Beale township, Juniata County, Pennsylvania",2.3,2.3,67750.0,16689.0,42,067,04560,Beale,Juniata County,Township,Beale,2.3,2.3,67750.0,16689.0,51061.0,84439.0,2040
"Union township, Tioga County, Pennsylvania",2.3,1.6,81771.0,16077.0,42,117,78416,Union,Tioga County,Township,Union,2.3,1.6,81771.0,16077.0,65694.0,97848.0,2040
"Clarendon borough, Warren County, Pennsylvania",2.3,4.2,57708.0,13261.0,42,123,13776,Clarendon,Warren County,Borough,Clarendon,2.3,4.2,57708.0,13261.0,44447.0,70969.0,2040
"Frankfort Springs borough, Beaver County, Pennsylvania",2.3,6.8,83500.0,46818.0,42,007,27312,Frankfort Springs,Beaver County,Borough,Frankfort Springs,2.3,6.8,83500.0,46818.0,36682.0,130318.0,2040
"Beccaria township, Clearfield County, Pennsylvania",2.3,1.8,59896.0,13216.0,42,033,04888,Beccaria,Clearfield County,Township,Beccaria,2.3,1.8,59896.0,13216.0,46680.0,73112.0,2040
"New Kensington city, Westmoreland County, Pennsylvania",2.3,1.2,49063.0,4644.0,42,129,53736,New Kensington,Westmoreland County,City,New Kensington,2.3,1.2,49063.0,4644.0,44419.0,53707.0,2040
"Port Carbon borough, Schuylkill County, Pennsylvania",2.3,1.6,61182.0,6206.0,42,107,62128,Port Carbon,Schuylkill County,Borough,Port Carbon,2.3,1.6,61182.0,6206.0,54976.0,67388.0,2040
"Curwensville borough, Clearfield County, Pennsylvania",2.3,1.9,56400.0,3401.0,42,033,17840,Curwensville,Clearfield County,Borough,Curwensville,2.3,1.9,56400.0,3401.0,52999.0,59801.0,2040
"Mount Wolf borough, York County, Pennsylvania",2.3,2.1,88177.0,31174.0,42,133,52056,Mount Wolf,York County,Borough,Mount Wolf,2.3,2.1,88177.0,31174.0,57003.0,119351.0,2040
"Bellwood borough, Blair County, Pennsylvania",2.3,2.0,52305.0,12199.0,42,013,05384,Bellwood,Blair County,Borough,Bellwood,2.3,2.0,52305.0,12199.0,40106.0,64504.0,2040
"Southwest Greensburg borough, Westmoreland County, Pennsylvania",2.3,1.7,51810.0,13108.0,42,129,72616,Southwest Greensburg,Westmoreland County,Borough,Southwest Greensburg,2.3,1.7,51810.0,13108.0,38702.0,64918.0,2040
"Williams township, Dauphin County, Pennsylvania",2.3,1.9,78182.0,18576.0,42,043,85232,Williams,Dauphin County,Township,Williams,2.3,1.9,78182.0,18576.0,59606.0,96758.0,2040
"Pitcairn borough, Allegheny County, Pennsylvania",2.3,3.6,36419.0,7006.0,42,003,60712,Pitcairn,Allegheny County,Borough,Pitcairn,2.3,3.6,36419.0,7006.0,29413.0,43425.0,2040
"Foster township, Luzerne County, Pennsylvania",2.3,1.8,68384.0,18889.0,42,079,26928,Foster,Luzerne County,Township,Foster,2.3,1.8,68384.0,18889.0,49495.0,87273.0,2040
"Donegal borough, Westmoreland County, Pennsylvania",2.3,7.5,40000.0,22327.0,42,129,19472,Donegal,Westmoreland County,Borough,Donegal Borough,2.3,7.5,40000.0,22327.0,17673.0,62327.0,2040
"North East borough, Erie County, Pennsylvania",2.3,1.8,68828.0,23685.0,42,049,54952,North East,Erie County,Borough,North East Borough,2.3,1.8,68828.0,23685.0,45143.0,92513.0,2040
"Clymer township, Tioga County, Pennsylvania",2.3,2.8,75000.0,24520.0,42,117,14528,Clymer,Tioga County,Township,Clymer,2.3,2.8,75000.0,24520.0,50480.0,99520.0,2040
"Reade township, Cambria County, Pennsylvania",2.3,1.6,75427.0,15646.0,42,021,63608,Reade,Cambria County,Township,Reade,2.3,1.6,75427.0,15646.0,59781.0,91073.0,2040
"Vandling borough, Lackawanna County, Pennsylvania",2.3,2.0,77422.0,22973.0,42,069,79792,Vandling,Lackawanna County,Borough,Vandling,2.3,2.0,77422.0,22973.0,54449.0,100395.0,2040
"Woodbury township, Bedford County, Pennsylvania",2.3,2.1,63966.0,4873.0,42,009,86136,Woodbury,Bedford County,Township,Woodbury Township,2.3,2.1,63966.0,4873.0,59093.0,68839.0,2040
"Leidy township, Clinton County, Pennsylvania",2.2,2.6,44375.0,30813.0,42,035,42544,Leidy,Clinton County,Township,Leidy,2.2,2.6,44375.0,30813.0,13562.0,75188.0,2063
"Philipsburg borough, Centre County, Pennsylvania",2.2,2.3,47794.0,8993.0,42,027,60008,Philipsburg,Centre County,Borough,Philipsburg,2.2,2.3,47794.0,8993.0,38801.0,56787.0,2063
"Cressona borough, Schuylkill County, Pennsylvania",2.2,2.1,73967.0,6435.0,42,107,17152,Cressona,Schuylkill County,Borough,Cressona,2.2,2.1,73967.0,6435.0,67532.0,80402.0,2063
"Prompton borough, Wayne County, Pennsylvania",2.2,3.8,70625.0,41517.0,42,127,62744,Prompton,Wayne County,Borough,Prompton,2.2,3.8,70625.0,41517.0,29108.0,112142.0,2063
"Freeburg borough, Snyder County, Pennsylvania",2.2,2.1,60694.0,14549.0,42,109,27696,Freeburg,Snyder County,Borough,Freeburg,2.2,2.1,60694.0,14549.0,46145.0,75243.0,2063
"West Branch township, Potter County, Pennsylvania",2.2,3.2,63438.0,7969.0,42,105,82568,West Branch,Potter County,Township,West Branch,2.2,3.2,63438.0,7969.0,55469.0,71407.0,2063
"Coatesville city, Chester County, Pennsylvania",2.2,1.5,59256.0,2296.0,42,029,14712,Coatesville,Chester County,City,Coatesville,2.2,1.5,59256.0,2296.0,56960.0,61552.0,2063
"Apollo borough, Armstrong County, Pennsylvania",2.2,1.8,52000.0,7871.0,42,005,02720,Apollo,Armstrong County,Borough,Apollo,2.2,1.8,52000.0,7871.0,44129.0,59871.0,2063
"East Norwegian township, Schuylkill County, Pennsylvania",2.2,2.3,70000.0,21111.0,42,107,21616,East Norwegian,Schuylkill County,Township,East Norwegian,2.2,2.3,70000.0,21111.0,48889.0,91111.0,2063
"Coaldale borough, Schuylkill County, Pennsylvania",2.2,2.4,59250.0,13898.0,42,107,14600,Coaldale,Schuylkill County,Borough,Coaldale,2.2,2.4,59250.0,13898.0,45352.0,73148.0,2063
"Keating township, McKean County, Pennsylvania",2.2,1.7,74297.0,7555.0,42,083,38912,Keating,McKean County,Township,Keating,2.2,1.7,74297.0,7555.0,66742.0,81852.0,2063
"Meadville city, Crawford County, Pennsylvania",2.2,1.5,43308.0,7297.0,42,039,48360,Meadville,Crawford County,City,Meadville,2.2,1.5,43308.0,7297.0,36011.0,50605.0,2063
"Derry borough, Westmoreland County, Pennsylvania",2.2,1.8,50313.0,6388.0,42,129,18960,Derry,Westmoreland County,Borough,Derry Borough,2.2,1.8,50313.0,6388.0,43925.0,56701.0,2063
"Wiconisco township, Dauphin County, Pennsylvania",2.2,2.1,68438.0,17494.0,42,043,84976,Wiconisco,Dauphin County,Township,Wiconisco,2.2,2.1,68438.0,17494.0,50944.0,85932.0,2063
"Cresson borough, Cambria County, Pennsylvania",2.2,1.8,55850.0,12545.0,42,021,17136,Cresson,Cambria County,Borough,Cresson Borough,2.2,1.8,55850.0,12545.0,43305.0,68395.0,2063
"Conway borough, Beaver County, Pennsylvania",2.2,1.6,66029.0,14483.0,42,007,15872,Conway,Beaver County,Borough,Conway,2.2,1.6,66029.0,14483.0,51546.0,80512.0,2063
"Shirley township, Huntingdon County, Pennsylvania",2.2,1.8,49750.0,13167.0,42,061,70400,Shirley,Huntingdon County,Township,Shirley,2.2,1.8,49750.0,13167.0,36583.0,62917.0,2063
"Titusville city, Crawford County, Pennsylvania",2.2,1.5,38194.0,8072.0,42,039,76904,Titusville,Crawford County,City,Titusville,2.2,1.5,38194.0,8072.0,30122.0,46266.0,2063
"Clarion township, Clarion County, Pennsylvania",2.2,2.4,55705.0,9090.0,42,031,13808,Clarion,Clarion County,Township,Clarion Township,2.2,2.4,55705.0,9090.0,46615.0,64795.0,2063
"Lewis township, Union County, Pennsylvania",2.2,1.8,63590.0,3742.0,42,119,42960,Lewis,Union County,Township,Lewis,2.2,1.8,63590.0,3742.0,59848.0,67332.0,2063
"Clinton township, Venango County, Pennsylvania",2.1,1.6,65313.0,21297.0,42,121,14344,Clinton,Venango County,Township,Clinton,2.1,1.6,65313.0,21297.0,44016.0,86610.0,2083
"St. Clair township, Westmoreland County, Pennsylvania",2.1,2.1,55000.0,15867.0,42,129,67240,St. Clair,Westmoreland County,Township,St. Clair,2.1,2.1,55000.0,15867.0,39133.0,70867.0,2083
"Clinton township, Wyoming County, Pennsylvania",2.1,2.1,85729.0,16093.0,42,131,14360,Clinton,Wyoming County,Township,Clinton,2.1,2.1,85729.0,16093.0,69636.0,101822.0,2083
"Homer City borough, Indiana County, Pennsylvania",2.1,1.2,65129.0,10593.0,42,063,35408,Homer,Indiana County,Borough,Homer,2.1,1.2,65129.0,10593.0,54536.0,75722.0,2083
"Kulpmont borough, Northumberland County, Pennsylvania",2.1,2.2,49785.0,10693.0,42,097,40584,Kulpmont,Northumberland County,Borough,Kulpmont,2.1,2.2,49785.0,10693.0,39092.0,60478.0,2083
"Austin borough, Potter County, Pennsylvania",2.1,1.8,43594.0,8299.0,42,105,03576,Austin,Potter County,Borough,Austin,2.1,1.8,43594.0,8299.0,35295.0,51893.0,2083
"Bear Lake borough, Warren County, Pennsylvania",2.1,5.6,38750.0,13933.0,42,123,04608,Bear Lake,Warren County,Borough,Bear Lake,2.1,5.6,38750.0,13933.0,24817.0,52683.0,2083
"Canal township, Venango County, Pennsylvania",2.1,2.0,64432.0,14162.0,42,121,11080,Canal,Venango County,Township,Canal,2.1,2.0,64432.0,14162.0,50270.0,78594.0,2083
"Youngwood borough, Westmoreland County, Pennsylvania",2.1,2.7,70581.0,14690.0,42,129,87232,Youngwood,Westmoreland County,Borough,Youngwood,2.1,2.7,70581.0,14690.0,55891.0,85271.0,2083
"Noyes township, Clinton County, Pennsylvania",2.1,2.2,53542.0,10358.0,42,035,55744,Noyes,Clinton County,Township,Noyes,2.1,2.2,53542.0,10358.0,43184.0,63900.0,2083
"Delaware township, Mercer County, Pennsylvania",2.1,1.8,71765.0,12749.0,42,085,18688,Delaware,Mercer County,Township,Delaware,2.1,1.8,71765.0,12749.0,59016.0,84514.0,2083
"York city, York County, Pennsylvania",2.1,0.7,48420.0,4892.0,42,133,87048,York,York County,City,York City,2.1,0.7,48420.0,4892.0,43528.0,53312.0,2083
"Jeannette city, Westmoreland County, Pennsylvania",2.1,1.3,49188.0,6730.0,42,129,37784,Jeannette,Westmoreland County,City,Jeannette,2.1,1.3,49188.0,6730.0,42458.0,55918.0,2083
"Mount Jewett borough, McKean County, Pennsylvania",2.1,2.0,53125.0,7977.0,42,083,51632,Mount Jewett,McKean County,Borough,Mount Jewett,2.1,2.0,53125.0,7977.0,45148.0,61102.0,2083
"Castanea township, Clinton County, Pennsylvania",2.1,1.8,59545.0,13406.0,42,035,11640,Castanea,Clinton County,Township,Castanea,2.1,1.8,59545.0,13406.0,46139.0,72951.0,2083
"Bloomsburg town, Columbia County, Pennsylvania",2.1,2.2,51536.0,6588.0,42,037,07128,Bloomsburg,Columbia County,Town,Bloomsburg,2.1,2.2,51536.0,6588.0,44948.0,58124.0,2083
"Springfield township, Erie County, Pennsylvania",2.1,2.0,76296.0,8526.0,42,049,73048,Springfield,Erie County,Township,Springfield,2.1,2.0,76296.0,8526.0,67770.0,84822.0,2083
"West Mahanoy township, Schuylkill County, Pennsylvania",2.1,2.1,85471.0,17190.0,42,107,83408,West Mahanoy,Schuylkill County,Township,West Mahanoy,2.1,2.1,85471.0,17190.0,68281.0,102661.0,2083
"Hickory township, Forest County, Pennsylvania",2.1,2.2,46406.0,5056.0,42,053,34240,Hickory,Forest County,Township,Hickory,2.1,2.2,46406.0,5056.0,41350.0,51462.0,2083
"West Brownsville borough, Washington County, Pennsylvania",2.1,2.3,64449.0,9837.0,42,125,82616,West Brownsville,Washington County,Borough,West Brownsville,2.1,2.3,64449.0,9837.0,54612.0,74286.0,2083
"Kingsley township, Forest County, Pennsylvania",2.1,3.6,63750.0,14316.0,42,053,39760,Kingsley,Forest County,Township,Kingsley,2.1,3.6,63750.0,14316.0,49434.0,78066.0,2083
"Briar Creek borough, Columbia County, Pennsylvania",2.1,2.6,42647.0,20916.0,42,037,08472,Briar Creek,Columbia County,Borough,Briar Creek Borough,2.1,2.6,42647.0,20916.0,21731.0,63563.0,2083
"Orbisonia borough, Huntingdon County, Pennsylvania",2.1,2.1,31667.0,8984.0,42,061,56928,Orbisonia,Huntingdon County,Borough,Orbisonia,2.1,2.1,31667.0,8984.0,22683.0,40651.0,2083
"Union township, Huntingdon County, Pennsylvania",2.1,2.0,56563.0,8590.0,42,061,78328,Union,Huntingdon County,Township,Union,2.1,2.0,56563.0,8590.0,47973.0,65153.0,2083
"Great Bend borough, Susquehanna County, Pennsylvania",2.0,1.7,46071.0,9433.0,42,115,30728,Great Bend,Susquehanna County,Borough,Great Bend Borough,2.0,1.7,46071.0,9433.0,36638.0,55504.0,2107
"Knox borough, Clarion County, Pennsylvania",2.0,1.8,69000.0,28072.0,42,031,40272,Knox,Clarion County,Borough,Knox Borough,2.0,1.8,69000.0,28072.0,40928.0,97072.0,2107
"Jessup borough, Lackawanna County, Pennsylvania",2.0,2.4,64844.0,20831.0,42,069,38160,Jessup,Lackawanna County,Borough,Jessup,2.0,2.4,64844.0,20831.0,44013.0,85675.0,2107
"Sugarcreek borough, Venango County, Pennsylvania",2.0,2.4,63987.0,11487.0,42,121,75000,Sugarcreek,Venango County,Borough,Sugarcreek,2.0,2.4,63987.0,11487.0,52500.0,75474.0,2107
"Abbott township, Potter County, Pennsylvania",2.0,2.5,58977.0,14322.0,42,105,00108,Abbott,Potter County,Township,Abbott,2.0,2.5,58977.0,14322.0,44655.0,73299.0,2107
"Weissport borough, Carbon County, Pennsylvania",2.0,3.2,66875.0,17378.0,42,025,82080,Weissport,Carbon County,Borough,Weissport,2.0,3.2,66875.0,17378.0,49497.0,84253.0,2107
"Chalfant borough, Allegheny County, Pennsylvania",2.0,2.5,59120.0,3921.0,42,003,12496,Chalfant,Allegheny County,Borough,Chalfant,2.0,2.5,59120.0,3921.0,55199.0,63041.0,2107
"Cooper township, Clearfield County, Pennsylvania",2.0,1.7,80900.0,13390.0,42,033,16040,Cooper,Clearfield County,Township,Cooper,2.0,1.7,80900.0,13390.0,67510.0,94290.0,2107
"Export borough, Westmoreland County, Pennsylvania",2.0,2.3,56316.0,10570.0,42,129,24432,Export,Westmoreland County,Borough,Export,2.0,2.3,56316.0,10570.0,45746.0,66886.0,2107
"Freeport township, Greene County, Pennsylvania",2.0,2.6,46250.0,25751.0,42,059,27800,Freeport,Greene County,Township,Freeport,2.0,2.6,46250.0,25751.0,20499.0,72001.0,2107
"Decatur township, Clearfield County, Pennsylvania",2.0,3.0,56394.0,20092.0,42,033,18456,Decatur,Clearfield County,Township,Decatur,2.0,3.0,56394.0,20092.0,36302.0,76486.0,2107
"Shrewsbury township, Lycoming County, Pennsylvania",2.0,3.1,70313.0,17546.0,42,081,70552,Shrewsbury,Lycoming County,Township,Shrewsbury,2.0,3.1,70313.0,17546.0,52767.0,87859.0,2107
"Beaver township, Snyder County, Pennsylvania",2.0,2.1,68672.0,16643.0,42,109,04736,Beaver,Snyder County,Township,Beaver,2.0,2.1,68672.0,16643.0,52029.0,85315.0,2107
"White Haven borough, Luzerne County, Pennsylvania",2.0,1.8,67656.0,13366.0,42,079,84552,White Haven,Luzerne County,Borough,White Haven,2.0,1.8,67656.0,13366.0,54290.0,81022.0,2107
"Redbank township, Clarion County, Pennsylvania",2.0,1.7,63571.0,7817.0,42,031,63728,Redbank,Clarion County,Township,Redbank,2.0,1.7,63571.0,7817.0,55754.0,71388.0,2107
"Lack township, Juniata County, Pennsylvania",2.0,1.7,55417.0,18374.0,42,067,40752,Lack,Juniata County,Township,Lack,2.0,1.7,55417.0,18374.0,37043.0,73791.0,2107
"Rockwood borough, Somerset County, Pennsylvania",2.0,1.6,52000.0,13074.0,42,111,65736,Rockwood,Somerset County,Borough,Rockwood,2.0,1.6,52000.0,13074.0,38926.0,65074.0,2107
"West township, Huntingdon County, Pennsylvania",2.0,1.9,79531.0,7897.0,42,061,82352,West,Huntingdon County,Township,West,2.0,1.9,79531.0,7897.0,71634.0,87428.0,2107
"Homestead borough, Allegheny County, Pennsylvania",2.0,2.4,39052.0,7332.0,42,003,35424,Homestead,Allegheny County,Borough,Homestead,2.0,2.4,39052.0,7332.0,31720.0,46384.0,2107
"Southampton township, Bedford County, Pennsylvania",2.0,1.9,56336.0,3571.0,42,009,71888,Southampton,Bedford County,Township,Southampton,2.0,1.9,56336.0,3571.0,52765.0,59907.0,2107
"Osceola township, Tioga County, Pennsylvania",2.0,1.5,58125.0,11068.0,42,117,57224,Osceola,Tioga County,Township,Osceola,2.0,1.5,58125.0,11068.0,47057.0,69193.0,2107
"Henderson township, Huntingdon County, Pennsylvania",2.0,2.3,54773.0,13999.0,42,061,33808,Henderson,Huntingdon County,Township,Henderson,2.0,2.3,54773.0,13999.0,40774.0,68772.0,2107
"Bridgeport borough, Montgomery County, Pennsylvania",2.0,2.7,82705.0,7822.0,42,091,08568,Bridgeport,Montgomery County,Borough,Bridgeport,2.0,2.7,82705.0,7822.0,74883.0,90527.0,2107
"Port Allegany borough, McKean County, Pennsylvania",2.0,1.7,65595.0,16792.0,42,083,62088,Port Allegany,McKean County,Borough,Port Allegany,2.0,1.7,65595.0,16792.0,48803.0,82387.0,2107
"Parks township, Armstrong County, Pennsylvania",2.0,1.8,66944.0,7247.0,42,005,58160,Parks,Armstrong County,Township,Parks,2.0,1.8,66944.0,7247.0,59697.0,74191.0,2107
"Galeton borough, Potter County, Pennsylvania",1.9,1.8,70298.0,10660.0,42,105,28280,Galeton,Potter County,Borough,Galeton,1.9,1.8,70298.0,10660.0,59638.0,80958.0,2132
"Richland township, Venango County, Pennsylvania",1.9,1.9,69821.0,16107.0,42,121,64568,Richland,Venango County,Township,Richland,1.9,1.9,69821.0,16107.0,53714.0,85928.0,2132
"West Chillisquaque township, Northumberland County, Pennsylvania",1.9,1.4,51304.0,4734.0,42,097,82712,West Chillisquaque,Northumberland County,Township,West Chillisquaque,1.9,1.4,51304.0,4734.0,46570.0,56038.0,2132
"Plumcreek township, Armstrong County, Pennsylvania",1.9,1.8,87606.0,20381.0,42,005,61576,Plumcreek,Armstrong County,Township,Plumcreek,1.9,1.8,87606.0,20381.0,67225.0,107987.0,2132
"Weatherly borough, Carbon County, Pennsylvania",1.9,1.4,52125.0,22531.0,42,025,81856,Weatherly,Carbon County,Borough,Weatherly,1.9,1.4,52125.0,22531.0,29594.0,74656.0,2132
"Buffalo township, Union County, Pennsylvania",1.9,3.4,66781.0,12970.0,42,119,10016,Buffalo,Union County,Township,Buffalo,1.9,3.4,66781.0,12970.0,53811.0,79751.0,2132
"Gregg township, Union County, Pennsylvania",1.9,2.4,80000.0,15016.0,42,119,31480,Gregg,Union County,Township,Gregg,1.9,2.4,80000.0,15016.0,64984.0,95016.0,2132
"Shamokin city, Northumberland County, Pennsylvania",1.9,1.6,39690.0,6017.0,42,097,69600,Shamokin,Northumberland County,City,Shamokin City,1.9,1.6,39690.0,6017.0,33673.0,45707.0,2132
"Hartleton borough, Union County, Pennsylvania",1.9,3.9,82875.0,13320.0,42,119,32936,Hartleton,Union County,Borough,Hartleton,1.9,3.9,82875.0,13320.0,69555.0,96195.0,2132
"Wharton township, Potter County, Pennsylvania",1.9,4.4,53750.0,17147.0,42,105,84360,Wharton,Potter County,Township,Wharton,1.9,4.4,53750.0,17147.0,36603.0,70897.0,2132
"Foster township, Schuylkill County, Pennsylvania",1.9,3.3,57500.0,11675.0,42,107,26944,Foster,Schuylkill County,Township,Foster,1.9,3.3,57500.0,11675.0,45825.0,69175.0,2132
"Triumph township, Warren County, Pennsylvania",1.9,2.5,52344.0,4314.0,42,123,77512,Triumph,Warren County,Township,Triumph,1.9,2.5,52344.0,4314.0,48030.0,56658.0,2132
"Stowe township, Allegheny County, Pennsylvania",1.9,1.4,52971.0,7290.0,42,003,74648,Stowe,Allegheny County,Township,Stowe,1.9,1.4,52971.0,7290.0,45681.0,60261.0,2132
"Armagh township, Mifflin County, Pennsylvania",1.9,2.1,74278.0,12576.0,42,087,03040,Armagh,Mifflin County,Township,Armagh,1.9,2.1,74278.0,12576.0,61702.0,86854.0,2132
"Mechanicsville borough, Schuylkill County, Pennsylvania",1.9,2.8,61250.0,10172.0,42,107,48448,Mechanicsville,Schuylkill County,Borough,Mechanicsville,1.9,2.8,61250.0,10172.0,51078.0,71422.0,2132
"Tamaqua borough, Schuylkill County, Pennsylvania",1.9,1.7,46176.0,10292.0,42,107,76032,Tamaqua,Schuylkill County,Borough,Tamaqua,1.9,1.7,46176.0,10292.0,35884.0,56468.0,2132
"Coal Center borough, Washington County, Pennsylvania",1.9,4.2,41250.0,6288.0,42,125,14568,Coal Center,Washington County,Borough,Coal Center,1.9,4.2,41250.0,6288.0,34962.0,47538.0,2132
"Clymer borough, Indiana County, Pennsylvania",1.9,1.4,44044.0,5526.0,42,063,14520,Clymer,Indiana County,Borough,Clymer,1.9,1.4,44044.0,5526.0,38518.0,49570.0,2132
"Pymatuning township, Mercer County, Pennsylvania",1.9,1.8,54574.0,8983.0,42,085,63008,Pymatuning,Mercer County,Township,Pymatuning,1.9,1.8,54574.0,8983.0,45591.0,63557.0,2132
"Parker city, Armstrong County, Pennsylvania",1.9,2.4,39583.0,12041.0,42,005,57976,Parker,Armstrong County,City,Parker,1.9,2.4,39583.0,12041.0,27542.0,51624.0,2132
"Cussewago township, Crawford County, Pennsylvania",1.9,1.8,75139.0,6037.0,42,039,17848,Cussewago,Crawford County,Township,Cussewago,1.9,1.8,75139.0,6037.0,69102.0,81176.0,2132
"Snow Shoe township, Centre County, Pennsylvania",1.9,1.2,66161.0,9758.0,42,027,71608,Snow Shoe,Centre County,Township,Snow Shoe Township,1.9,1.2,66161.0,9758.0,56403.0,75919.0,2132
"Lykens borough, Dauphin County, Pennsylvania",1.9,1.7,73318.0,16251.0,42,043,45592,Lykens,Dauphin County,Borough,Lykens Borough,1.9,1.7,73318.0,16251.0,57067.0,89569.0,2132
"Jefferson borough, Greene County, Pennsylvania",1.9,3.1,74450.0,17282.0,42,059,37880,Jefferson,Greene County,Borough,Jefferson Borough,1.9,3.1,74450.0,17282.0,57168.0,91732.0,2132
"Washington township, Armstrong County, Pennsylvania",1.9,1.5,52917.0,7293.0,42,005,81176,Washington,Armstrong County,Township,Washington,1.9,1.5,52917.0,7293.0,45624.0,60210.0,2132
"Hazleton city, Luzerne County, Pennsylvania",1.9,0.9,46177.0,7152.0,42,079,33408,Hazleton,Luzerne County,City,Hazleton,1.9,0.9,46177.0,7152.0,39025.0,53329.0,2132
"McSherrystown borough, Adams County, Pennsylvania",1.9,3.2,61159.0,20676.0,42,001,46376,McSherrystown,Adams County,Borough,McSherrystown,1.9,3.2,61159.0,20676.0,40483.0,81835.0,2132
"Fairfield borough, Adams County, Pennsylvania",1.9,2.6,55774.0,7816.0,42,001,24560,Fairfield,Adams County,Borough,Fairfield,1.9,2.6,55774.0,7816.0,47958.0,63590.0,2132
"Shippen township, Cameron County, Pennsylvania",1.8,1.8,62000.0,8439.0,42,023,70336,Shippen,Cameron County,Township,Shippen,1.8,1.8,62000.0,8439.0,53561.0,70439.0,2160
"Nanty-Glo borough, Cambria County, Pennsylvania",1.8,1.7,51604.0,10033.0,42,021,52616,Nanty-Glo,Cambria County,Borough,Nanty-Glo,1.8,1.7,51604.0,10033.0,41571.0,61637.0,2160
"Larimer township, Somerset County, Pennsylvania",1.8,1.8,47014.0,9196.0,42,111,41568,Larimer,Somerset County,Township,Larimer,1.8,1.8,47014.0,9196.0,37818.0,56210.0,2160
"Wayne township, Armstrong County, Pennsylvania",1.8,1.7,63603.0,2657.0,42,005,81720,Wayne,Armstrong County,Township,Wayne,1.8,1.7,63603.0,2657.0,60946.0,66260.0,2160
"Piney township, Clarion County, Pennsylvania",1.8,2.8,49375.0,15407.0,42,031,60648,Piney,Clarion County,Township,Piney,1.8,2.8,49375.0,15407.0,33968.0,64782.0,2160
"Gilberton borough, Schuylkill County, Pennsylvania",1.8,2.8,65060.0,18597.0,42,107,29088,Gilberton,Schuylkill County,Borough,Gilberton,1.8,2.8,65060.0,18597.0,46463.0,83657.0,2160
"Athens township, Crawford County, Pennsylvania",1.8,1.7,59531.0,12352.0,42,039,03408,Athens,Crawford County,Township,Athens,1.8,1.7,59531.0,12352.0,47179.0,71883.0,2160
"Lanesboro borough, Susquehanna County, Pennsylvania",1.8,2.4,35000.0,26023.0,42,115,41336,Lanesboro,Susquehanna County,Borough,Lanesboro,1.8,2.4,35000.0,26023.0,8977.0,61023.0,2160
"Conneaut Lake borough, Crawford County, Pennsylvania",1.8,2.1,37917.0,17694.0,42,039,15744,Conneaut Lake,Crawford County,Borough,Conneaut Lake,1.8,2.1,37917.0,17694.0,20223.0,55611.0,2160
"Collingdale borough, Delaware County, Pennsylvania",1.8,1.4,51886.0,8882.0,42,045,15232,Collingdale,Delaware County,Borough,Collingdale,1.8,1.4,51886.0,8882.0,43004.0,60768.0,2160
"Madison township, Clarion County, Pennsylvania",1.8,1.6,68409.0,5837.0,42,031,46464,Madison,Clarion County,Township,Madison,1.8,1.6,68409.0,5837.0,62572.0,74246.0,2160
"Burnham borough, Mifflin County, Pennsylvania",1.8,2.0,67656.0,16070.0,42,087,10256,Burnham,Mifflin County,Borough,Burnham,1.8,2.0,67656.0,16070.0,51586.0,83726.0,2160
"Freehold township, Warren County, Pennsylvania",1.8,1.8,57279.0,20232.0,42,123,27736,Freehold,Warren County,Township,Freehold,1.8,1.8,57279.0,20232.0,37047.0,77511.0,2160
"Woodbury borough, Bedford County, Pennsylvania",1.8,2.5,47708.0,10171.0,42,009,86128,Woodbury,Bedford County,Borough,Woodbury Borough,1.8,2.5,47708.0,10171.0,37537.0,57879.0,2160
"McKeesport city, Allegheny County, Pennsylvania",1.8,0.8,34219.0,7337.0,42,003,46256,McKeesport,Allegheny County,City,McKeesport,1.8,0.8,34219.0,7337.0,26882.0,41556.0,2160
"North Braddock borough, Allegheny County, Pennsylvania",1.8,1.6,34564.0,12549.0,42,003,54816,North Braddock,Allegheny County,Borough,North Braddock,1.8,1.6,34564.0,12549.0,22015.0,47113.0,2160
"Muncy Creek township, Lycoming County, Pennsylvania",1.8,1.9,75882.0,21244.0,42,081,52288,Muncy Creek,Lycoming County,Township,Muncy Creek,1.8,1.9,75882.0,21244.0,54638.0,97126.0,2160
"Greenwood township, Clearfield County, Pennsylvania",1.8,2.8,53036.0,10839.0,42,033,31376,Greenwood,Clearfield County,Township,Greenwood,1.8,2.8,53036.0,10839.0,42197.0,63875.0,2160
"Elkland township, Sullivan County, Pennsylvania",1.8,1.7,71875.0,9106.0,42,113,23144,Elkland,Sullivan County,Township,Elkland,1.8,1.7,71875.0,9106.0,62769.0,80981.0,2160
"Shamokin Dam borough, Snyder County, Pennsylvania",1.7,1.5,69063.0,13666.0,42,109,69616,Shamokin Dam,Snyder County,Borough,Shamokin Dam,1.7,1.5,69063.0,13666.0,55397.0,82729.0,2179
"Middletown borough, Dauphin County, Pennsylvania",1.7,1.0,55765.0,5373.0,42,043,49128,Middletown,Dauphin County,Borough,Middletown,1.7,1.0,55765.0,5373.0,50392.0,61138.0,2179
"Highspire borough, Dauphin County, Pennsylvania",1.7,2.0,52618.0,4060.0,42,043,34664,Highspire,Dauphin County,Borough,Highspire,1.7,2.0,52618.0,4060.0,48558.0,56678.0,2179
"Smithfield township, Huntingdon County, Pennsylvania",1.7,1.2,51447.0,7203.0,42,061,71328,Smithfield,Huntingdon County,Township,Smithfield,1.7,1.2,51447.0,7203.0,44244.0,58650.0,2179
"Mill Creek borough, Huntingdon County, Pennsylvania",1.7,2.7,48750.0,9146.0,42,061,49552,Mill Creek,Huntingdon County,Borough,Mill Creek,1.7,2.7,48750.0,9146.0,39604.0,57896.0,2179
"Pulaski township, Beaver County, Pennsylvania",1.7,1.6,55245.0,10096.0,42,007,62888,Pulaski,Beaver County,Township,Pulaski,1.7,1.6,55245.0,10096.0,45149.0,65341.0,2179
"New Columbus borough, Luzerne County, Pennsylvania",1.7,2.5,38403.0,10097.0,42,079,53448,New Columbus,Luzerne County,Borough,New Columbus,1.7,2.5,38403.0,10097.0,28306.0,48500.0,2179
"Liberty township, Bedford County, Pennsylvania",1.7,1.3,65234.0,9097.0,42,009,43072,Liberty,Bedford County,Township,Liberty,1.7,1.3,65234.0,9097.0,56137.0,74331.0,2179
"Salem township, Wayne County, Pennsylvania",1.7,1.5,61659.0,12481.0,42,127,67488,Salem,Wayne County,Township,Salem,1.7,1.5,61659.0,12481.0,49178.0,74140.0,2179
"Licking Creek township, Fulton County, Pennsylvania",1.7,1.5,78036.0,7342.0,42,057,43200,Licking Creek,Fulton County,Township,Licking Creek,1.7,1.5,78036.0,7342.0,70694.0,85378.0,2179
"Venango township, Erie County, Pennsylvania",1.7,1.5,80500.0,13981.0,42,049,79928,Venango,Erie County,Township,Venango,1.7,1.5,80500.0,13981.0,66519.0,94481.0,2179
"Dayton borough, Armstrong County, Pennsylvania",1.7,3.4,58448.0,6314.0,42,005,18400,Dayton,Armstrong County,Borough,Dayton,1.7,3.4,58448.0,6314.0,52134.0,64762.0,2179
"Tionesta borough, Forest County, Pennsylvania",1.7,1.9,54531.0,15846.0,42,053,76848,Tionesta,Forest County,Borough,Tionesta Borough,1.7,1.9,54531.0,15846.0,38685.0,70377.0,2179
"Sharpsville borough, Mercer County, Pennsylvania",1.7,1.5,51439.0,5545.0,42,085,69800,Sharpsville,Mercer County,Borough,Sharpsville,1.7,1.5,51439.0,5545.0,45894.0,56984.0,2179
"Mill Hall borough, Clinton County, Pennsylvania",1.7,1.6,54333.0,6693.0,42,035,49760,Mill Hall,Clinton County,Borough,Mill Hall,1.7,1.6,54333.0,6693.0,47640.0,61026.0,2179
"Parryville borough, Carbon County, Pennsylvania",1.7,2.7,62250.0,19064.0,42,025,58304,Parryville,Carbon County,Borough,Parryville,1.7,2.7,62250.0,19064.0,43186.0,81314.0,2179
"Mifflintown borough, Juniata County, Pennsylvania",1.7,2.6,51750.0,4777.0,42,067,49304,Mifflintown,Juniata County,Borough,Mifflintown,1.7,2.6,51750.0,4777.0,46973.0,56527.0,2179
"German township, Fayette County, Pennsylvania",1.7,1.6,61834.0,12659.0,42,051,28856,German,Fayette County,Township,German,1.7,1.6,61834.0,12659.0,49175.0,74493.0,2179
"Hamilton township, McKean County, Pennsylvania",1.7,2.5,46250.0,14079.0,42,083,32168,Hamilton,McKean County,Township,Hamilton,1.7,2.5,46250.0,14079.0,32171.0,60329.0,2179
"Everson borough, Fayette County, Pennsylvania",1.7,1.7,46875.0,15604.0,42,051,24336,Everson,Fayette County,Borough,Everson,1.7,1.7,46875.0,15604.0,31271.0,62479.0,2179
"Donora borough, Washington County, Pennsylvania",1.7,1.5,39544.0,10896.0,42,125,19536,Donora,Washington County,Borough,Donora,1.7,1.5,39544.0,10896.0,28648.0,50440.0,2179
"Hawley borough, Wayne County, Pennsylvania",1.7,2.0,48160.0,9224.0,42,127,33200,Hawley,Wayne County,Borough,Hawley,1.7,2.0,48160.0,9224.0,38936.0,57384.0,2179
"New Eagle borough, Washington County, Pennsylvania",1.7,1.3,51716.0,6440.0,42,125,53496,New Eagle,Washington County,Borough,New Eagle,1.7,1.3,51716.0,6440.0,45276.0,58156.0,2179
"Portland borough, Northampton County, Pennsylvania",1.7,2.2,52679.0,16765.0,42,095,62264,Portland,Northampton County,Borough,Portland,1.7,2.2,52679.0,16765.0,35914.0,69444.0,2179
"Folcroft borough, Delaware County, Pennsylvania",1.6,1.4,61306.0,5839.0,42,045,26408,Folcroft,Delaware County,Borough,Folcroft,1.6,1.4,61306.0,5839.0,55467.0,67145.0,2203
"Wattsburg borough, Erie County, Pennsylvania",1.6,2.6,53516.0,8816.0,42,049,81648,Wattsburg,Erie County,Borough,Wattsburg,1.6,2.6,53516.0,8816.0,44700.0,62332.0,2203
"Carmichaels borough, Greene County, Pennsylvania",1.6,2.7,58393.0,10172.0,42,059,11328,Carmichaels,Greene County,Borough,Carmichaels,1.6,2.7,58393.0,10172.0,48221.0,68565.0,2203
"Union City borough, Erie County, Pennsylvania",1.6,2.2,44004.0,7481.0,42,049,78448,Union,Erie County,Borough,Union Borough,1.6,2.2,44004.0,7481.0,36523.0,51485.0,2203
"Elgin borough, Erie County, Pennsylvania",1.6,3.5,61518.0,7294.0,42,049,22960,Elgin,Erie County,Borough,Elgin,1.6,3.5,61518.0,7294.0,54224.0,68812.0,2203
"Millcreek township, Clarion County, Pennsylvania",1.6,2.5,45469.0,12367.0,42,031,49536,Millcreek,Clarion County,Township,Millcreek,1.6,2.5,45469.0,12367.0,33102.0,57836.0,2203
"Duncannon borough, Perry County, Pennsylvania",1.6,1.4,51103.0,6159.0,42,099,20240,Duncannon,Perry County,Borough,Duncannon,1.6,1.4,51103.0,6159.0,44944.0,57262.0,2203
"Girard township, Clearfield County, Pennsylvania",1.6,1.6,58889.0,13183.0,42,033,29224,Girard,Clearfield County,Township,Girard,1.6,1.6,58889.0,13183.0,45706.0,72072.0,2203
"Benson borough, Somerset County, Pennsylvania",1.6,4.1,68250.0,33107.0,42,111,05648,Benson,Somerset County,Borough,Benson,1.6,4.1,68250.0,33107.0,35143.0,101357.0,2203
"Jenks township, Forest County, Pennsylvania",1.6,1.4,51865.0,3566.0,42,053,38016,Jenks,Forest County,Township,Jenks,1.6,1.4,51865.0,3566.0,48299.0,55431.0,2203
"Lafayette township, McKean County, Pennsylvania",1.6,1.7,66700.0,10445.0,42,083,40808,Lafayette,McKean County,Township,Lafayette,1.6,1.7,66700.0,10445.0,56255.0,77145.0,2203
"North Towanda township, Bradford County, Pennsylvania",1.6,1.3,28906.0,9905.0,42,015,55448,North Towanda,Bradford County,Township,North Towanda,1.6,1.3,28906.0,9905.0,19001.0,38811.0,2203
"Sugar Grove township, Warren County, Pennsylvania",1.6,1.5,67031.0,11388.0,42,123,75032,Sugar Grove,Warren County,Township,Sugar Grove Township,1.6,1.5,67031.0,11388.0,55643.0,78419.0,2203
"Duquesne city, Allegheny County, Pennsylvania",1.6,1.8,44180.0,5758.0,42,003,20432,Duquesne,Allegheny County,City,Duquesne,1.6,1.8,44180.0,5758.0,38422.0,49938.0,2203
"Windber borough, Somerset County, Pennsylvania",1.6,1.8,52438.0,11561.0,42,111,85632,Windber,Somerset County,Borough,Windber,1.6,1.8,52438.0,11561.0,40877.0,63999.0,2203
"Ridgway borough, Elk County, Pennsylvania",1.5,1.4,52863.0,5784.0,42,047,64784,Ridgway,Elk County,Borough,Ridgway Borough,1.5,1.4,52863.0,5784.0,47079.0,58647.0,2218
"Hopewell borough, Bedford County, Pennsylvania",1.5,5.3,51250.0,47340.0,42,009,35648,Hopewell,Bedford County,Borough,Hopewell Borough,1.5,5.3,51250.0,47340.0,3910.0,98590.0,2218
"Monroe borough, Bradford County, Pennsylvania",1.5,1.7,53947.0,7400.0,42,015,50432,Monroe,Bradford County,Borough,Monroe Borough,1.5,1.7,53947.0,7400.0,46547.0,61347.0,2218
"Piatt township, Lycoming County, Pennsylvania",1.5,1.5,67885.0,18375.0,42,081,60128,Piatt,Lycoming County,Township,Piatt,1.5,1.5,67885.0,18375.0,49510.0,86260.0,2218
"Huston township, Clearfield County, Pennsylvania",1.5,1.4,61173.0,4120.0,42,033,36512,Huston,Clearfield County,Township,Huston,1.5,1.4,61173.0,4120.0,57053.0,65293.0,2218
"Dunkard township, Greene County, Pennsylvania",1.5,1.6,56964.0,25612.0,42,059,20296,Dunkard,Greene County,Township,Dunkard,1.5,1.6,56964.0,25612.0,31352.0,82576.0,2218
"McIntyre township, Lycoming County, Pennsylvania",1.5,1.6,61071.0,19871.0,42,081,46208,McIntyre,Lycoming County,Township,McIntyre,1.5,1.6,61071.0,19871.0,41200.0,80942.0,2218
"Albion borough, Erie County, Pennsylvania",1.5,1.5,55556.0,14908.0,42,049,00628,Albion,Erie County,Borough,Albion,1.5,1.5,55556.0,14908.0,40648.0,70464.0,2218
"Summerhill township, Crawford County, Pennsylvania",1.5,2.7,59219.0,10597.0,42,039,75160,Summerhill,Crawford County,Township,Summerhill,1.5,2.7,59219.0,10597.0,48622.0,69816.0,2218
"Granville township, Mifflin County, Pennsylvania",1.5,2.4,76250.0,6578.0,42,087,30480,Granville,Mifflin County,Township,Granville,1.5,2.4,76250.0,6578.0,69672.0,82828.0,2218
"Redbank township, Armstrong County, Pennsylvania",1.5,2.1,51667.0,4897.0,42,005,63712,Redbank,Armstrong County,Township,Redbank,1.5,2.1,51667.0,4897.0,46770.0,56564.0,2218
"Paint borough, Somerset County, Pennsylvania",1.5,2.0,44167.0,27079.0,42,111,57544,Paint,Somerset County,Borough,Paint Borough,1.5,2.0,44167.0,27079.0,17088.0,71246.0,2218
"Westover borough, Clearfield County, Pennsylvania",1.5,2.1,46875.0,16189.0,42,033,83736,Westover,Clearfield County,Borough,Westover,1.5,2.1,46875.0,16189.0,30686.0,63064.0,2218
"Quemahoning township, Somerset County, Pennsylvania",1.5,1.1,59147.0,3128.0,42,111,63144,Quemahoning,Somerset County,Township,Quemahoning,1.5,1.1,59147.0,3128.0,56019.0,62275.0,2218
"Gibson township, Cameron County, Pennsylvania",1.5,2.7,43125.0,23646.0,42,023,29008,Gibson,Cameron County,Township,Gibson,1.5,2.7,43125.0,23646.0,19479.0,66771.0,2218
"Carrolltown borough, Cambria County, Pennsylvania",1.5,1.5,71207.0,15818.0,42,021,11456,Carrolltown,Cambria County,Borough,Carrolltown,1.5,1.5,71207.0,15818.0,55389.0,87025.0,2218
"Franklin borough, Cambria County, Pennsylvania",1.5,3.1,41979.0,5870.0,42,021,27360,Franklin,Cambria County,Borough,Franklin,1.5,3.1,41979.0,5870.0,36109.0,47849.0,2218
"Cherryhill township, Indiana County, Pennsylvania",1.5,1.3,66746.0,4941.0,42,063,13072,Cherryhill,Indiana County,Township,Cherryhill,1.5,1.3,66746.0,4941.0,61805.0,71687.0,2218
"Beaver township, Jefferson County, Pennsylvania",1.5,1.8,70000.0,14300.0,42,065,04728,Beaver,Jefferson County,Township,Beaver,1.5,1.8,70000.0,14300.0,55700.0,84300.0,2218
"Benton borough, Columbia County, Pennsylvania",1.5,1.9,34500.0,17607.0,42,037,05680,Benton,Columbia County,Borough,Benton Borough,1.5,1.9,34500.0,17607.0,16893.0,52107.0,2218
"Mount Oliver borough, Allegheny County, Pennsylvania",1.4,2.4,52297.0,11850.0,42,003,51744,Mount Oliver,Allegheny County,Borough,Mount Oliver,1.4,2.4,52297.0,11850.0,40447.0,64147.0,2238
"East Cameron township, Northumberland County, Pennsylvania",1.4,1.4,67500.0,20609.0,42,097,20928,East Cameron,Northumberland County,Township,East Cameron,1.4,1.4,67500.0,20609.0,46891.0,88109.0,2238
"Roaring Spring borough, Blair County, Pennsylvania",1.4,1.0,62738.0,5737.0,42,013,65256,Roaring Spring,Blair County,Borough,Roaring Spring,1.4,1.0,62738.0,5737.0,57001.0,68475.0,2238
"Summit Hill borough, Carbon County, Pennsylvania",1.4,1.6,65268.0,24803.0,42,025,75248,Summit Hill,Carbon County,Borough,Summit Hill,1.4,1.6,65268.0,24803.0,40465.0,90071.0,2238
"Corsica borough, Jefferson County, Pennsylvania",1.4,1.8,50972.0,4252.0,42,065,16304,Corsica,Jefferson County,Borough,Corsica,1.4,1.8,50972.0,4252.0,46720.0,55224.0,2238
"Wolf township, Lycoming County, Pennsylvania",1.4,2.1,71492.0,12722.0,42,081,85984,Wolf,Lycoming County,Township,Wolf,1.4,2.1,71492.0,12722.0,58770.0,84214.0,2238
"Sharon city, Mercer County, Pennsylvania",1.4,1.1,45670.0,5603.0,42,085,69720,Sharon,Mercer County,City,Sharon,1.4,1.1,45670.0,5603.0,40067.0,51273.0,2238
"West Easton borough, Northampton County, Pennsylvania",1.4,2.0,81250.0,21535.0,42,095,82832,West Easton,Northampton County,Borough,West Easton,1.4,2.0,81250.0,21535.0,59715.0,102785.0,2238
"Elk township, Warren County, Pennsylvania",1.4,1.8,106429.0,18811.0,42,123,23064,Elk,Warren County,Township,Elk,1.4,1.8,106429.0,18811.0,87618.0,125240.0,2238
"McCalmont township, Jefferson County, Pennsylvania",1.4,1.9,67375.0,11149.0,42,065,45888,McCalmont,Jefferson County,Township,McCalmont,1.4,1.9,67375.0,11149.0,56226.0,78524.0,2238
"Eastvale borough, Beaver County, Pennsylvania",1.4,4.7,44167.0,11446.0,42,007,21968,Eastvale,Beaver County,Borough,Eastvale,1.4,4.7,44167.0,11446.0,32721.0,55613.0,2238
"Ambridge borough, Beaver County, Pennsylvania",1.4,1.7,51537.0,3947.0,42,007,02288,Ambridge,Beaver County,Borough,Ambridge,1.4,1.7,51537.0,3947.0,47590.0,55484.0,2238
"Rockhill borough, Huntingdon County, Pennsylvania",1.4,1.9,74107.0,19389.0,42,061,65496,Rockhill,Huntingdon County,Borough,Rockhill,1.4,1.9,74107.0,19389.0,54718.0,93496.0,2238
"Highland township, Elk County, Pennsylvania",1.4,2.4,65188.0,7453.0,42,047,34464,Highland,Elk County,Township,Highland,1.4,2.4,65188.0,7453.0,57735.0,72641.0,2238
"Utica borough, Venango County, Pennsylvania",1.4,2.4,48929.0,7041.0,42,121,79472,Utica,Venango County,Borough,Utica,1.4,2.4,48929.0,7041.0,41888.0,55970.0,2238
"Southwest township, Warren County, Pennsylvania",1.4,3.1,56250.0,15554.0,42,123,72600,Southwest,Warren County,Township,Southwest,1.4,3.1,56250.0,15554.0,40696.0,71804.0,2238
"Summerhill borough, Cambria County, Pennsylvania",1.4,1.9,72903.0,5288.0,42,021,75136,Summerhill,Cambria County,Borough,Summerhill Borough,1.4,1.9,72903.0,5288.0,67615.0,78191.0,2238
"Williamstown borough, Dauphin County, Pennsylvania",1.4,1.4,61757.0,3461.0,42,043,85320,Williamstown,Dauphin County,Borough,Williamstown,1.4,1.4,61757.0,3461.0,58296.0,65218.0,2238
"Frackville borough, Schuylkill County, Pennsylvania",1.4,2.0,56866.0,5740.0,42,107,27232,Frackville,Schuylkill County,Borough,Frackville,1.4,2.0,56866.0,5740.0,51126.0,62606.0,2238
"Madison borough, Westmoreland County, Pennsylvania",1.4,2.1,93929.0,54633.0,42,129,46488,Madison,Westmoreland County,Borough,Madison,1.4,2.1,93929.0,54633.0,39296.0,148562.0,2238
"Reilly township, Schuylkill County, Pennsylvania",1.4,1.6,41667.0,22105.0,42,107,64088,Reilly,Schuylkill County,Township,Reilly,1.4,1.6,41667.0,22105.0,19562.0,63772.0,2238
"Hastings borough, Cambria County, Pennsylvania",1.4,1.5,70625.0,12514.0,42,021,33080,Hastings,Cambria County,Borough,Hastings,1.4,1.5,70625.0,12514.0,58111.0,83139.0,2238
"West Taylor township, Cambria County, Pennsylvania",1.3,1.7,63828.0,5019.0,42,021,84080,West Taylor,Cambria County,Township,West Taylor,1.3,1.7,63828.0,5019.0,58809.0,68847.0,2260
"Millersburg borough, Dauphin County, Pennsylvania",1.3,1.4,54421.0,6267.0,42,043,49680,Millersburg,Dauphin County,Borough,Millersburg,1.3,1.4,54421.0,6267.0,48154.0,60688.0,2260
"Jenner township, Somerset County, Pennsylvania",1.3,1.2,58605.0,7531.0,42,111,38032,Jenner,Somerset County,Township,Jenner,1.3,1.2,58605.0,7531.0,51074.0,66136.0,2260
"Royalton borough, Dauphin County, Pennsylvania",1.3,1.7,67500.0,11614.0,42,043,66560,Royalton,Dauphin County,Borough,Royalton,1.3,1.7,67500.0,11614.0,55886.0,79114.0,2260
"Big Run borough, Jefferson County, Pennsylvania",1.3,1.7,60625.0,21606.0,42,065,06344,Big Run,Jefferson County,Borough,Big Run,1.3,1.7,60625.0,21606.0,39019.0,82231.0,2260
"West Salem township, Mercer County, Pennsylvania",1.3,2.0,54688.0,9849.0,42,085,83976,West Salem,Mercer County,Township,West Salem,1.3,2.0,54688.0,9849.0,44839.0,64537.0,2260
"Washington township, Fayette County, Pennsylvania",1.3,2.1,39744.0,15232.0,42,051,81232,Washington,Fayette County,Township,Washington,1.3,2.1,39744.0,15232.0,24512.0,54976.0,2260
"Warsaw township, Jefferson County, Pennsylvania",1.3,1.3,61176.0,7341.0,42,065,81120,Warsaw,Jefferson County,Township,Warsaw,1.3,1.3,61176.0,7341.0,53835.0,68517.0,2260
"Sandy Lake borough, Mercer County, Pennsylvania",1.3,1.6,83875.0,21803.0,42,085,67848,Sandy Lake,Mercer County,Borough,Sandy Lake Borough,1.3,1.6,83875.0,21803.0,62072.0,105678.0,2260
"Franklin township, Snyder County, Pennsylvania",1.3,1.4,51167.0,9550.0,42,109,27440,Franklin,Snyder County,Township,Franklin,1.3,1.4,51167.0,9550.0,41617.0,60717.0,2260
"Burnside borough, Clearfield County, Pennsylvania",1.3,3.8,41875.0,16724.0,42,033,10280,Burnside,Clearfield County,Borough,Burnside Borough,1.3,3.8,41875.0,16724.0,25151.0,58599.0,2260
"Darby borough, Delaware County, Pennsylvania",1.3,1.6,39863.0,9978.0,42,045,18152,Darby,Delaware County,Borough,Darby Borough,1.3,1.6,39863.0,9978.0,29885.0,49841.0,2260
"West Newton borough, Westmoreland County, Pennsylvania",1.3,2.1,52961.0,13632.0,42,129,83680,West Newton,Westmoreland County,Borough,West Newton,1.3,2.1,52961.0,13632.0,39329.0,66593.0,2260
"Burnside township, Clearfield County, Pennsylvania",1.3,1.1,70417.0,13540.0,42,033,10288,Burnside,Clearfield County,Township,Burnside Township,1.3,1.1,70417.0,13540.0,56877.0,83957.0,2260
"Penbrook borough, Dauphin County, Pennsylvania",1.3,2.6,62312.0,21946.0,42,043,58712,Penbrook,Dauphin County,Borough,Penbrook,1.3,2.6,62312.0,21946.0,40366.0,84258.0,2260
"Tunnelhill borough, Cambria County, Pennsylvania",1.3,2.5,77500.0,20614.0,42,021,77808,Tunnelhill,Cambria County,Borough,Tunnelhill,1.3,2.5,77500.0,20614.0,56886.0,98114.0,2260
"Zerbe township, Northumberland County, Pennsylvania",1.3,1.2,58287.0,7637.0,42,097,87280,Zerbe,Northumberland County,Township,Zerbe,1.3,1.2,58287.0,7637.0,50650.0,65924.0,2260
"New Paris borough, Bedford County, Pennsylvania",1.3,2.7,62813.0,19230.0,42,009,53928,New Paris,Bedford County,Borough,New Paris,1.3,2.7,62813.0,19230.0,43583.0,82043.0,2260
"Lewistown borough, Mifflin County, Pennsylvania",1.3,0.9,40236.0,3841.0,42,087,43000,Lewistown,Mifflin County,Borough,Lewistown,1.3,0.9,40236.0,3841.0,36395.0,44077.0,2260
"New Brighton borough, Beaver County, Pennsylvania",1.3,1.6,52939.0,5191.0,42,007,53288,New Brighton,Beaver County,Borough,New Brighton,1.3,1.6,52939.0,5191.0,47748.0,58130.0,2260
"Boggs township, Clearfield County, Pennsylvania",1.3,1.3,61354.0,12340.0,42,033,07432,Boggs,Clearfield County,Township,Boggs,1.3,1.3,61354.0,12340.0,49014.0,73694.0,2260
"Dallastown borough, York County, Pennsylvania",1.2,1.5,63517.0,3395.0,42,133,18072,Dallastown,York County,Borough,Dallastown,1.2,1.5,63517.0,3395.0,60122.0,66912.0,2281
"McAdoo borough, Schuylkill County, Pennsylvania",1.2,1.5,45753.0,2813.0,42,107,45824,McAdoo,Schuylkill County,Borough,McAdoo,1.2,1.5,45753.0,2813.0,42940.0,48566.0,2281
"Mahanoy City borough, Schuylkill County, Pennsylvania",1.2,1.8,37727.0,18351.0,42,107,46592,Mahanoy,Schuylkill County,Borough,Mahanoy Borough,1.2,1.8,37727.0,18351.0,19376.0,56078.0,2281
"Crawford township, Clinton County, Pennsylvania",1.2,1.2,65179.0,7452.0,42,035,16976,Crawford,Clinton County,Township,Crawford,1.2,1.2,65179.0,7452.0,57727.0,72631.0,2281
"Venango borough, Crawford County, Pennsylvania",1.2,3.4,73095.0,8525.0,42,039,79912,Venango,Crawford County,Borough,Venango Borough,1.2,3.4,73095.0,8525.0,64570.0,81620.0,2281
"North Shenango township, Crawford County, Pennsylvania",1.2,1.4,51563.0,9585.0,42,039,55408,North Shenango,Crawford County,Township,North Shenango,1.2,1.4,51563.0,9585.0,41978.0,61148.0,2281
"Carbondale city, Lackawanna County, Pennsylvania",1.2,1.1,47716.0,12897.0,42,069,11232,Carbondale,Lackawanna County,City,Carbondale City,1.2,1.1,47716.0,12897.0,34819.0,60613.0,2281
"McVeytown borough, Mifflin County, Pennsylvania",1.2,1.9,69205.0,17408.0,42,087,46400,McVeytown,Mifflin County,Borough,McVeytown,1.2,1.9,69205.0,17408.0,51797.0,86613.0,2281
"Hyndman borough, Bedford County, Pennsylvania",1.2,1.6,56429.0,18175.0,42,009,36640,Hyndman,Bedford County,Borough,Hyndman,1.2,1.6,56429.0,18175.0,38254.0,74604.0,2281
"Rockland township, Venango County, Pennsylvania",1.2,1.1,53125.0,9922.0,42,121,65560,Rockland,Venango County,Township,Rockland,1.2,1.1,53125.0,9922.0,43203.0,63047.0,2281
"Lebanon township, Wayne County, Pennsylvania",1.2,1.3,50114.0,12877.0,42,127,42176,Lebanon,Wayne County,Township,Lebanon,1.2,1.3,50114.0,12877.0,37237.0,62991.0,2281
"Wilkes-Barre township, Luzerne County, Pennsylvania",1.2,1.3,67656.0,19195.0,42,079,85160,Wilkes-Barre,Luzerne County,Township,Wilkes-Barre Township,1.2,1.3,67656.0,19195.0,48461.0,86851.0,2281
"Pine township, Lycoming County, Pennsylvania",1.2,2.6,96500.0,81396.0,42,081,60328,Pine,Lycoming County,Township,Pine,1.2,2.6,96500.0,81396.0,15104.0,177896.0,2281
"Connellsville township, Fayette County, Pennsylvania",1.2,1.3,55395.0,13159.0,42,051,15784,Connellsville,Fayette County,Township,Connellsville Township,1.2,1.3,55395.0,13159.0,42236.0,68554.0,2281
"Schuylkill township, Schuylkill County, Pennsylvania",1.2,1.3,71500.0,13333.0,42,107,68304,Schuylkill,Schuylkill County,Township,Schuylkill,1.2,1.3,71500.0,13333.0,58167.0,84833.0,2281
"Schuylkill Haven borough, Schuylkill County, Pennsylvania",1.2,1.4,54167.0,7717.0,42,107,68312,Schuylkill Haven,Schuylkill County,Borough,Schuylkill Haven,1.2,1.4,54167.0,7717.0,46450.0,61884.0,2281
"Susquehanna Depot borough, Susquehanna County, Pennsylvania",1.2,1.1,54500.0,8815.0,42,115,75568,Susquehanna Depot,Susquehanna County,Borough,Susquehanna Depot,1.2,1.1,54500.0,8815.0,45685.0,63315.0,2281
"Logan township, Huntingdon County, Pennsylvania",1.2,1.7,71719.0,17312.0,42,061,44344,Logan,Huntingdon County,Township,Logan,1.2,1.7,71719.0,17312.0,54407.0,89031.0,2281
"Middleburg borough, Snyder County, Pennsylvania",1.1,1.4,58523.0,11619.0,42,109,48960,Middleburg,Snyder County,Borough,Middleburg,1.1,1.4,58523.0,11619.0,46904.0,70142.0,2299
"Deerfield township, Warren County, Pennsylvania",1.1,2.4,51250.0,20024.0,42,123,18560,Deerfield,Warren County,Township,Deerfield,1.1,2.4,51250.0,20024.0,31226.0,71274.0,2299
"Jersey Shore borough, Lycoming County, Pennsylvania",1.1,1.7,72361.0,14521.0,42,081,38128,Jersey Shore,Lycoming County,Borough,Jersey Shore,1.1,1.7,72361.0,14521.0,57840.0,86882.0,2299
"Berlin borough, Somerset County, Pennsylvania",1.1,1.5,56574.0,5191.0,42,111,05776,Berlin,Somerset County,Borough,Berlin,1.1,1.5,56574.0,5191.0,51383.0,61765.0,2299
"Patton borough, Cambria County, Pennsylvania",1.1,1.3,47875.0,9782.0,42,021,58432,Patton,Cambria County,Borough,Patton,1.1,1.3,47875.0,9782.0,38093.0,57657.0,2299
"South New Castle borough, Lawrence County, Pennsylvania",1.1,1.6,69375.0,17922.0,42,073,72376,South New Castle,Lawrence County,Borough,South New Castle,1.1,1.6,69375.0,17922.0,51453.0,87297.0,2299
"Marcus Hook borough, Delaware County, Pennsylvania",1.1,1.6,53157.0,10315.0,42,045,47344,Marcus Hook,Delaware County,Borough,Marcus Hook,1.1,1.6,53157.0,10315.0,42842.0,63472.0,2299
"Leechburg borough, Armstrong County, Pennsylvania",1.1,1.7,48207.0,8070.0,42,005,42280,Leechburg,Armstrong County,Borough,Leechburg,1.1,1.7,48207.0,8070.0,40137.0,56277.0,2299
"Greenwood township, Crawford County, Pennsylvania",1.1,1.2,76071.0,7201.0,42,039,31400,Greenwood,Crawford County,Township,Greenwood,1.1,1.2,76071.0,7201.0,68870.0,83272.0,2299
"Clearfield borough, Clearfield County, Pennsylvania",1.1,0.9,54646.0,3668.0,42,033,14064,Clearfield,Clearfield County,Borough,Clearfield,1.1,0.9,54646.0,3668.0,50978.0,58314.0,2299
"South Mahoning township, Indiana County, Pennsylvania",1.1,1.2,61786.0,10820.0,42,063,72304,South Mahoning,Indiana County,Township,South Mahoning,1.1,1.2,61786.0,10820.0,50966.0,72606.0,2299
"South Bethlehem borough, Armstrong County, Pennsylvania",1.1,1.7,44250.0,13536.0,42,005,71976,South Bethlehem,Armstrong County,Borough,South Bethlehem,1.1,1.7,44250.0,13536.0,30714.0,57786.0,2299
"Wesleyville borough, Erie County, Pennsylvania",1.1,2.0,48952.0,10240.0,42,049,82344,Wesleyville,Erie County,Borough,Wesleyville,1.1,2.0,48952.0,10240.0,38712.0,59192.0,2299
"Norwich township, McKean County, Pennsylvania",1.1,2.4,56250.0,48575.0,42,083,55632,Norwich,McKean County,Township,Norwich,1.1,2.4,56250.0,48575.0,7675.0,104825.0,2299
"Sylvania borough, Bradford County, Pennsylvania",1.1,3.7,51875.0,30451.0,42,015,75944,Sylvania,Bradford County,Borough,Sylvania,1.1,3.7,51875.0,30451.0,21424.0,82326.0,2299
"Reynoldsville borough, Jefferson County, Pennsylvania",1.1,1.2,52917.0,10572.0,42,065,64376,Reynoldsville,Jefferson County,Borough,Reynoldsville,1.1,1.2,52917.0,10572.0,42345.0,63489.0,2299
"McConnellsburg borough, Fulton County, Pennsylvania",1.1,1.1,36875.0,6341.0,42,057,46000,McConnellsburg,Fulton County,Borough,McConnellsburg,1.1,1.1,36875.0,6341.0,30534.0,43216.0,2299
"Warrior Run borough, Luzerne County, Pennsylvania",1.1,1.7,47500.0,26160.0,42,079,81080,Warrior Run,Luzerne County,Borough,Warrior Run,1.1,1.7,47500.0,26160.0,21340.0,73660.0,2299
"Waymart borough, Wayne County, Pennsylvania",1.1,1.4,51544.0,10926.0,42,127,81712,Waymart,Wayne County,Borough,Waymart,1.1,1.4,51544.0,10926.0,40618.0,62470.0,2299
"Dupont borough, Luzerne County, Pennsylvania",1.1,1.5,86500.0,14403.0,42,079,20424,Dupont,Luzerne County,Borough,Dupont,1.1,1.5,86500.0,14403.0,72097.0,100903.0,2299
"Coal township, Northumberland County, Pennsylvania",1.1,0.9,51010.0,2494.0,42,097,14536,Coal,Northumberland County,Township,Coal,1.1,0.9,51010.0,2494.0,48516.0,53504.0,2299
"Freedom borough, Beaver County, Pennsylvania",1.0,1.0,74327.0,17570.0,42,007,27712,Freedom,Beaver County,Borough,Freedom,1.0,1.0,74327.0,17570.0,56757.0,91897.0,2320
"Chest township, Clearfield County, Pennsylvania",1.0,1.6,44896.0,17879.0,42,033,13200,Chest,Clearfield County,Township,Chest,1.0,1.6,44896.0,17879.0,27017.0,62775.0,2320
"Penn borough, Westmoreland County, Pennsylvania",1.0,1.9,74706.0,3194.0,42,129,58872,Penn,Westmoreland County,Borough,Penn Borough,1.0,1.9,74706.0,3194.0,71512.0,77900.0,2320
"Auburn borough, Schuylkill County, Pennsylvania",1.0,2.6,71458.0,16193.0,42,107,03488,Auburn,Schuylkill County,Borough,Auburn,1.0,2.6,71458.0,16193.0,55265.0,87651.0,2320
"Beaver Falls city, Beaver County, Pennsylvania",1.0,1.1,49924.0,9395.0,42,007,04792,Beaver Falls,Beaver County,City,Beaver Falls,1.0,1.1,49924.0,9395.0,40529.0,59319.0,2320
"St. Clair borough, Schuylkill County, Pennsylvania",1.0,1.8,64304.0,6511.0,42,107,67224,St. Clair,Schuylkill County,Borough,St. Clair,1.0,1.8,64304.0,6511.0,57793.0,70815.0,2320
"Minersville borough, Schuylkill County, Pennsylvania",1.0,1.8,53416.0,8017.0,42,107,50088,Minersville,Schuylkill County,Borough,Minersville,1.0,1.8,53416.0,8017.0,45399.0,61433.0,2320
"Palo Alto borough, Schuylkill County, Pennsylvania",1.0,1.2,61667.0,9018.0,42,107,57752,Palo Alto,Schuylkill County,Borough,Palo Alto,1.0,1.2,61667.0,9018.0,52649.0,70685.0,2320
"Upper Tyrone township, Fayette County, Pennsylvania",1.0,1.0,67875.0,13414.0,42,051,79344,Upper Tyrone,Fayette County,Township,Upper Tyrone,1.0,1.0,67875.0,13414.0,54461.0,81289.0,2320
"Brownsville borough, Fayette County, Pennsylvania",1.0,1.5,31810.0,7804.0,42,051,09432,Brownsville,Fayette County,Borough,Brownsville Borough,1.0,1.5,31810.0,7804.0,24006.0,39614.0,2320
"Turtle Creek borough, Allegheny County, Pennsylvania",1.0,1.6,45997.0,9871.0,42,003,77912,Turtle Creek,Allegheny County,Borough,Turtle Creek,1.0,1.6,45997.0,9871.0,36126.0,55868.0,2320
"Rochester borough, Beaver County, Pennsylvania",1.0,1.2,43080.0,7686.0,42,007,65392,Rochester,Beaver County,Borough,Rochester Borough,1.0,1.2,43080.0,7686.0,35394.0,50766.0,2320
"Cambridge Springs borough, Crawford County, Pennsylvania",1.0,1.1,54400.0,5562.0,42,039,10912,Cambridge Springs,Crawford County,Borough,Cambridge Springs,1.0,1.1,54400.0,5562.0,48838.0,59962.0,2320
"Plymouth borough, Luzerne County, Pennsylvania",1.0,1.1,39167.0,6906.0,42,079,61648,Plymouth,Luzerne County,Borough,Plymouth Borough,1.0,1.1,39167.0,6906.0,32261.0,46073.0,2320
"Mount Carmel borough, Northumberland County, Pennsylvania",1.0,1.2,53021.0,4317.0,42,097,51496,Mount Carmel,Northumberland County,Borough,Mount Carmel Borough,1.0,1.2,53021.0,4317.0,48704.0,57338.0,2320
"Brush Creek township, Fulton County, Pennsylvania",1.0,1.4,55208.0,12584.0,42,057,09568,Brush Creek,Fulton County,Township,Brush Creek,1.0,1.4,55208.0,12584.0,42624.0,67792.0,2320
"McKees Rocks borough, Allegheny County, Pennsylvania",1.0,1.3,41131.0,13480.0,42,003,46264,McKees Rocks,Allegheny County,Borough,McKees Rocks,1.0,1.3,41131.0,13480.0,27651.0,54611.0,2320
"East Butler borough, Butler County, Pennsylvania",0.9,1.2,61607.0,10630.0,42,019,20904,East Butler,Butler County,Borough,East Butler,0.9,1.2,61607.0,10630.0,50977.0,72237.0,2337
"Eau Claire borough, Butler County, Pennsylvania",0.9,3.4,61719.0,18970.0,42,019,22128,Eau Claire,Butler County,Borough,Eau Claire,0.9,3.4,61719.0,18970.0,42749.0,80689.0,2337
"Dunbar borough, Fayette County, Pennsylvania",0.9,1.2,57045.0,12870.0,42,051,20216,Dunbar,Fayette County,Borough,Dunbar Borough,0.9,1.2,57045.0,12870.0,44175.0,69915.0,2337
"Union township, Jefferson County, Pennsylvania",0.9,1.4,69444.0,9434.0,42,065,78336,Union,Jefferson County,Township,Union,0.9,1.4,69444.0,9434.0,60010.0,78878.0,2337
"Blakely borough, Lackawanna County, Pennsylvania",0.9,1.3,55855.0,5009.0,42,069,06928,Blakely,Lackawanna County,Borough,Blakely,0.9,1.3,55855.0,5009.0,50846.0,60864.0,2337
"York Springs borough, Adams County, Pennsylvania",0.9,1.2,92750.0,22583.0,42,001,87136,York Springs,Adams County,Borough,York Springs,0.9,1.2,92750.0,22583.0,70167.0,115333.0,2337
"Sparta township, Crawford County, Pennsylvania",0.9,0.9,57596.0,14917.0,42,039,72688,Sparta,Crawford County,Township,Sparta,0.9,0.9,57596.0,14917.0,42679.0,72513.0,2337
"Pillow borough, Dauphin County, Pennsylvania",0.9,2.1,73438.0,17435.0,42,043,60264,Pillow,Dauphin County,Borough,Pillow,0.9,2.1,73438.0,17435.0,56003.0,90873.0,2337
"Madison township, Armstrong County, Pennsylvania",0.9,0.9,54417.0,7604.0,42,005,46456,Madison,Armstrong County,Township,Madison,0.9,0.9,54417.0,7604.0,46813.0,62021.0,2337
"Johnstown city, Cambria County, Pennsylvania",0.9,0.5,37888.0,4923.0,42,021,38288,Johnstown,Cambria County,City,Johnstown,0.9,0.5,37888.0,4923.0,32965.0,42811.0,2337
"South Fork borough, Cambria County, Pennsylvania",0.9,1.4,46250.0,15135.0,42,021,72168,South Fork,Cambria County,Borough,South Fork,0.9,1.4,46250.0,15135.0,31115.0,61385.0,2337
"Clay township, Huntingdon County, Pennsylvania",0.9,1.6,60556.0,15693.0,42,061,13944,Clay,Huntingdon County,Township,Clay,0.9,1.6,60556.0,15693.0,44863.0,76249.0,2337
"Hanover township, Lehigh County, Pennsylvania",0.9,1.0,55652.0,12910.0,42,077,32400,Hanover,Lehigh County,Township,Hanover,0.9,1.0,55652.0,12910.0,42742.0,68562.0,2337
"Clifton Heights borough, Delaware County, Pennsylvania",0.9,1.2,70931.0,9908.0,42,045,14264,Clifton Heights,Delaware County,Borough,Clifton Heights,0.9,1.2,70931.0,9908.0,61023.0,80839.0,2337
"Scottdale borough, Westmoreland County, Pennsylvania",0.9,0.8,55423.0,9835.0,42,129,68432,Scottdale,Westmoreland County,Borough,Scottdale,0.9,0.8,55423.0,9835.0,45588.0,65258.0,2337
"Port Vue borough, Allegheny County, Pennsylvania",0.9,1.0,58194.0,14889.0,42,003,62320,Port Vue,Allegheny County,Borough,Port Vue,0.9,1.0,58194.0,14889.0,43305.0,73083.0,2337
"Tremont township, Schuylkill County, Pennsylvania",0.9,2.5,82750.0,10396.0,42,107,77400,Tremont,Schuylkill County,Township,Tremont Township,0.9,2.5,82750.0,10396.0,72354.0,93146.0,2337
"Milesburg borough, Centre County, Pennsylvania",0.9,1.2,61442.0,27450.0,42,027,49368,Milesburg,Centre County,Borough,Milesburg,0.9,1.2,61442.0,27450.0,33992.0,88892.0,2337
"Hyde Park borough, Westmoreland County, Pennsylvania",0.9,1.7,65536.0,17757.0,42,129,36592,Hyde Park,Westmoreland County,Borough,Hyde Park,0.9,1.7,65536.0,17757.0,47779.0,83293.0,2337
"Towanda borough, Bradford County, Pennsylvania",0.9,1.4,60888.0,9593.0,42,015,77168,Towanda,Bradford County,Borough,Towanda Borough,0.9,1.4,60888.0,9593.0,51295.0,70481.0,2337
"Duboistown borough, Lycoming County, Pennsylvania",0.9,0.9,81875.0,21992.0,42,081,20144,Duboistown,Lycoming County,Borough,Duboistown,0.9,0.9,81875.0,21992.0,59883.0,103867.0,2337
"Meyersdale borough, Somerset County, Pennsylvania",0.8,1.2,65772.0,7445.0,42,111,48912,Meyersdale,Somerset County,Borough,Meyersdale,0.8,1.2,65772.0,7445.0,58327.0,73217.0,2358
"Upland borough, Delaware County, Pennsylvania",0.8,1.4,61553.0,10536.0,42,045,78712,Upland,Delaware County,Borough,Upland,0.8,1.4,61553.0,10536.0,51017.0,72089.0,2358
"Lincoln township, Bedford County, Pennsylvania",0.8,1.6,88750.0,10430.0,42,009,43416,Lincoln,Bedford County,Township,Lincoln,0.8,1.6,88750.0,10430.0,78320.0,99180.0,2358
"Logan township, Clinton County, Pennsylvania",0.8,1.1,58125.0,23697.0,42,035,44336,Logan,Clinton County,Township,Logan,0.8,1.1,58125.0,23697.0,34428.0,81822.0,2358
"Dublin township, Fulton County, Pennsylvania",0.8,1.0,50048.0,8726.0,42,057,20112,Dublin,Fulton County,Township,Dublin,0.8,1.0,50048.0,8726.0,41322.0,58774.0,2358
"West Burlington township, Bradford County, Pennsylvania",0.8,1.8,66250.0,22830.0,42,015,82656,West Burlington,Bradford County,Township,West Burlington,0.8,1.8,66250.0,22830.0,43420.0,89080.0,2358
"Tidioute borough, Warren County, Pennsylvania",0.8,1.0,43158.0,8895.0,42,123,76696,Tidioute,Warren County,Borough,Tidioute,0.8,1.0,43158.0,8895.0,34263.0,52053.0,2358
"Upper Mahantongo township, Schuylkill County, Pennsylvania",0.8,1.8,64063.0,12378.0,42,107,79120,Upper Mahantongo,Schuylkill County,Township,Upper Mahantongo,0.8,1.8,64063.0,12378.0,51685.0,76441.0,2358
"Newville borough, Cumberland County, Pennsylvania",0.8,1.1,59087.0,9801.0,42,041,54320,Newville,Cumberland County,Borough,Newville,0.8,1.1,59087.0,9801.0,49286.0,68888.0,2358
"Roulette township, Potter County, Pennsylvania",0.8,1.0,50667.0,8805.0,42,105,66416,Roulette,Potter County,Township,Roulette,0.8,1.0,50667.0,8805.0,41862.0,59472.0,2358
"McClure borough, Snyder County, Pennsylvania",0.8,1.0,69886.0,4769.0,42,109,45992,McClure,Snyder County,Borough,McClure,0.8,1.0,69886.0,4769.0,65117.0,74655.0,2358
"Wilmore borough, Cambria County, Pennsylvania",0.8,2.4,55313.0,17987.0,42,021,85528,Wilmore,Cambria County,Borough,Wilmore,0.8,2.4,55313.0,17987.0,37326.0,73300.0,2358
"Saltsburg borough, Indiana County, Pennsylvania",0.8,1.0,63750.0,19918.0,42,063,67648,Saltsburg,Indiana County,Borough,Saltsburg,0.8,1.0,63750.0,19918.0,43832.0,83668.0,2358
"Throop borough, Lackawanna County, Pennsylvania",0.8,1.3,57462.0,13178.0,42,069,76648,Throop,Lackawanna County,Borough,Throop,0.8,1.3,57462.0,13178.0,44284.0,70640.0,2358
"Northern Cambria borough, Cambria County, Pennsylvania",0.8,1.3,54673.0,8368.0,42,021,55000,Northern Cambria,Cambria County,Borough,Northern Cambria,0.8,1.3,54673.0,8368.0,46305.0,63041.0,2358
"Ferguson township, Clearfield County, Pennsylvania",0.8,1.8,75938.0,14798.0,42,033,25632,Ferguson,Clearfield County,Township,Ferguson,0.8,1.8,75938.0,14798.0,61140.0,90736.0,2358
"Creekside borough, Indiana County, Pennsylvania",0.8,2.7,52500.0,18598.0,42,063,17024,Creekside,Indiana County,Borough,Creekside,0.8,2.7,52500.0,18598.0,33902.0,71098.0,2358
"Vanport township, Beaver County, Pennsylvania",0.8,0.8,41310.0,8954.0,42,007,79856,Vanport,Beaver County,Township,Vanport,0.8,0.8,41310.0,8954.0,32356.0,50264.0,2358
"Albany township, Bradford County, Pennsylvania",0.8,1.0,68264.0,12776.0,42,015,00596,Albany,Bradford County,Township,Albany,0.8,1.0,68264.0,12776.0,55488.0,81040.0,2358
"Summit township, Butler County, Pennsylvania",0.7,1.2,59028.0,17695.0,42,019,75184,Summit,Butler County,Township,Summit,0.7,1.2,59028.0,17695.0,41333.0,76723.0,2377
"Grant township, Indiana County, Pennsylvania",0.7,1.2,59531.0,16084.0,42,063,30416,Grant,Indiana County,Township,Grant,0.7,1.2,59531.0,16084.0,43447.0,75615.0,2377
"Sankertown borough, Cambria County, Pennsylvania",0.7,1.1,71116.0,6572.0,42,021,67920,Sankertown,Cambria County,Borough,Sankertown,0.7,1.1,71116.0,6572.0,64544.0,77688.0,2377
"North York borough, York County, Pennsylvania",0.7,1.1,63927.0,6106.0,42,133,55608,North York,York County,Borough,North York,0.7,1.1,63927.0,6106.0,57821.0,70033.0,2377
"Mifflinburg borough, Union County, Pennsylvania",0.7,1.2,67391.0,6458.0,42,119,49288,Mifflinburg,Union County,Borough,Mifflinburg,0.7,1.2,67391.0,6458.0,60933.0,73849.0,2377
"Sheffield township, Warren County, Pennsylvania",0.7,0.9,58042.0,14413.0,42,123,69992,Sheffield,Warren County,Township,Sheffield,0.7,0.9,58042.0,14413.0,43629.0,72455.0,2377
"Limestone township, Warren County, Pennsylvania",0.7,2.6,61250.0,17078.0,42,123,43372,Limestone,Warren County,Township,Limestone,0.7,2.6,61250.0,17078.0,44172.0,78328.0,2377
"Snow Shoe borough, Centre County, Pennsylvania",0.7,1.1,77969.0,8885.0,42,027,71600,Snow Shoe,Centre County,Borough,Snow Shoe Borough,0.7,1.1,77969.0,8885.0,69084.0,86854.0,2377
"Greene township, Mercer County, Pennsylvania",0.7,1.1,75147.0,11508.0,42,085,30968,Greene,Mercer County,Township,Greene,0.7,1.1,75147.0,11508.0,63639.0,86655.0,2377
"Whitaker borough, Allegheny County, Pennsylvania",0.7,1.2,63194.0,4816.0,42,003,84440,Whitaker,Allegheny County,Borough,Whitaker,0.7,1.2,63194.0,4816.0,58378.0,68010.0,2377
"Pine township, Armstrong County, Pennsylvania",0.7,2.1,57000.0,20923.0,42,005,60280,Pine,Armstrong County,Township,Pine,0.7,2.1,57000.0,20923.0,36077.0,77923.0,2377
"Brackenridge borough, Allegheny County, Pennsylvania",0.7,1.0,50197.0,14075.0,42,003,07976,Brackenridge,Allegheny County,Borough,Brackenridge,0.7,1.0,50197.0,14075.0,36122.0,64272.0,2377
"Braddock borough, Allegheny County, Pennsylvania",0.7,2.3,37813.0,16598.0,42,003,07992,Braddock,Allegheny County,Borough,Braddock,0.7,2.3,37813.0,16598.0,21215.0,54411.0,2377
"Hallam borough, York County, Pennsylvania",0.7,1.2,75000.0,9656.0,42,133,32056,Hallam,York County,Borough,Hallam,0.7,1.2,75000.0,9656.0,65344.0,84656.0,2377
"Nesquehoning borough, Carbon County, Pennsylvania",0.7,1.3,61354.0,16490.0,42,025,53088,Nesquehoning,Carbon County,Borough,Nesquehoning,0.7,1.3,61354.0,16490.0,44864.0,77844.0,2377
"Dravosburg borough, Allegheny County, Pennsylvania",0.6,0.8,51715.0,9374.0,42,003,19856,Dravosburg,Allegheny County,Borough,Dravosburg,0.6,0.8,51715.0,9374.0,42341.0,61089.0,2392
"Tarentum borough, Allegheny County, Pennsylvania",0.6,1.4,45167.0,9824.0,42,003,76104,Tarentum,Allegheny County,Borough,Tarentum,0.6,1.4,45167.0,9824.0,35343.0,54991.0,2392
"Saegertown borough, Crawford County, Pennsylvania",0.6,1.0,69375.0,18054.0,42,039,67120,Saegertown,Crawford County,Borough,Saegertown,0.6,1.0,69375.0,18054.0,51321.0,87429.0,2392
"Barnett township, Forest County, Pennsylvania",0.6,1.2,53056.0,10985.0,42,053,04224,Barnett,Forest County,Township,Barnett,0.6,1.2,53056.0,10985.0,42071.0,64041.0,2392
"Wayne township, Mifflin County, Pennsylvania",0.6,1.0,69250.0,22565.0,42,087,81784,Wayne,Mifflin County,Township,Wayne,0.6,1.0,69250.0,22565.0,46685.0,91815.0,2392
"Slatington borough, Lehigh County, Pennsylvania",0.6,1.1,49625.0,9454.0,42,077,71144,Slatington,Lehigh County,Borough,Slatington,0.6,1.1,49625.0,9454.0,40171.0,59079.0,2392
"Spring Creek township, Warren County, Pennsylvania",0.6,0.8,60000.0,12773.0,42,123,72952,Spring Creek,Warren County,Township,Spring Creek,0.6,0.8,60000.0,12773.0,47227.0,72773.0,2392
"Elderton borough, Armstrong County, Pennsylvania",0.6,1.9,63214.0,6449.0,42,005,22832,Elderton,Armstrong County,Borough,Elderton,0.6,1.9,63214.0,6449.0,56765.0,69663.0,2392
"Westfield township, Tioga County, Pennsylvania",0.6,0.8,45982.0,3612.0,42,117,82976,Westfield,Tioga County,Township,Westfield Township,0.6,0.8,45982.0,3612.0,42370.0,49594.0,2392
"New Castle city, Lawrence County, Pennsylvania",0.6,0.4,42219.0,4138.0,42,073,53368,New Castle,Lawrence County,City,New Castle,0.6,0.4,42219.0,4138.0,38081.0,46357.0,2392
"Avis borough, Clinton County, Pennsylvania",0.6,0.9,60625.0,10528.0,42,035,03632,Avis,Clinton County,Borough,Avis,0.6,0.9,60625.0,10528.0,50097.0,71153.0,2392
"Newburg borough, Cumberland County, Pennsylvania",0.6,1.4,103005.0,5203.0,42,041,53344,Newburg,Cumberland County,Borough,Newburg,0.6,1.4,103005.0,5203.0,97802.0,108208.0,2392
"Mount Union borough, Huntingdon County, Pennsylvania",0.5,0.7,40625.0,11173.0,42,061,51984,Mount Union,Huntingdon County,Borough,Mount Union,0.5,0.7,40625.0,11173.0,29452.0,51798.0,2404
"Shenandoah borough, Schuylkill County, Pennsylvania",0.5,0.8,45294.0,6228.0,42,107,70056,Shenandoah,Schuylkill County,Borough,Shenandoah,0.5,0.8,45294.0,6228.0,39066.0,51522.0,2404
"Seward borough, Westmoreland County, Pennsylvania",0.5,2.1,50278.0,14063.0,42,129,69368,Seward,Westmoreland County,Borough,Seward,0.5,2.1,50278.0,14063.0,36215.0,64341.0,2404
"Mahoning township, Lawrence County, Pennsylvania",0.5,0.8,65370.0,11211.0,42,073,46648,Mahoning,Lawrence County,Township,Mahoning,0.5,0.8,65370.0,11211.0,54159.0,76581.0,2404
"Elder township, Cambria County, Pennsylvania",0.5,0.9,62083.0,4469.0,42,021,22808,Elder,Cambria County,Township,Elder,0.5,0.9,62083.0,4469.0,57614.0,66552.0,2404
"Lewis township, Lycoming County, Pennsylvania",0.5,0.8,65962.0,11985.0,42,081,42944,Lewis,Lycoming County,Township,Lewis,0.5,0.8,65962.0,11985.0,53977.0,77947.0,2404
"Rimersburg borough, Clarion County, Pennsylvania",0.5,0.7,60294.0,14806.0,42,031,64904,Rimersburg,Clarion County,Borough,Rimersburg,0.5,0.7,60294.0,14806.0,45488.0,75100.0,2404
"Covington township, Tioga County, Pennsylvania",0.5,0.6,69545.0,13542.0,42,117,16680,Covington,Tioga County,Township,Covington,0.5,0.6,69545.0,13542.0,56003.0,83087.0,2404
"Glassport borough, Allegheny County, Pennsylvania",0.5,0.8,47803.0,8729.0,42,003,29432,Glassport,Allegheny County,Borough,Glassport,0.5,0.8,47803.0,8729.0,39074.0,56532.0,2404
"South Renovo borough, Clinton County, Pennsylvania",0.5,1.5,42083.0,8885.0,42,035,72448,South Renovo,Clinton County,Borough,South Renovo,0.5,1.5,42083.0,8885.0,33198.0,50968.0,2404
"Vandergrift borough, Westmoreland County, Pennsylvania",0.5,0.6,50901.0,3139.0,42,129,79776,Vandergrift,Westmoreland County,Borough,Vandergrift,0.5,0.6,50901.0,3139.0,47762.0,54040.0,2404
"Shippensburg borough, Cumberland County, Pennsylvania",0.5,0.9,45610.0,9824.0,42,041,70352,Shippensburg,Cumberland County,Borough,Shippensburg Borough,0.5,0.9,45610.0,9824.0,35786.0,55434.0,2404
"New Philadelphia borough, Schuylkill County, Pennsylvania",0.4,1.1,42441.0,11892.0,42,107,53944,New Philadelphia,Schuylkill County,Borough,New Philadelphia,0.4,1.1,42441.0,11892.0,30549.0,54333.0,2416
"Tionesta township, Forest County, Pennsylvania",0.4,0.7,52292.0,19768.0,42,053,76864,Tionesta,Forest County,Township,Tionesta Township,0.4,0.7,52292.0,19768.0,32524.0,72060.0,2416
"New Oxford borough, Adams County, Pennsylvania",0.4,0.7,63000.0,13431.0,42,001,53920,New Oxford,Adams County,Borough,New Oxford,0.4,0.7,63000.0,13431.0,49569.0,76431.0,2416
"Central City borough, Somerset County, Pennsylvania",0.4,0.7,47813.0,12999.0,42,111,12296,Central,Somerset County,Borough,Central,0.4,0.7,47813.0,12999.0,34814.0,60812.0,2416
"Shenango township, Mercer County, Pennsylvania",0.4,0.7,70139.0,13767.0,42,085,70096,Shenango,Mercer County,Township,Shenango,0.4,0.7,70139.0,13767.0,56372.0,83906.0,2416
"Woodbury township, Blair County, Pennsylvania",0.4,0.7,76845.0,10153.0,42,013,86144,Woodbury,Blair County,Township,Woodbury,0.4,0.7,76845.0,10153.0,66692.0,86998.0,2416
"Thompsontown borough, Juniata County, Pennsylvania",0.4,1.0,41042.0,7510.0,42,067,76536,Thompsontown,Juniata County,Borough,Thompsontown,0.4,1.0,41042.0,7510.0,33532.0,48552.0,2416
"West York borough, York County, Pennsylvania",0.3,0.5,80995.0,19542.0,42,133,84288,West York,York County,Borough,West York,0.3,0.5,80995.0,19542.0,61453.0,100537.0,2423
"Beavertown borough, Snyder County, Pennsylvania",0.3,0.5,54688.0,8529.0,42,109,04848,Beavertown,Snyder County,Borough,Beavertown,0.3,0.5,54688.0,8529.0,46159.0,63217.0,2423
"Mead township, Warren County, Pennsylvania",0.2,0.3,54076.0,5371.0,42,123,48272,Mead,Warren County,Township,Mead,0.2,0.3,54076.0,5371.0,48705.0,59447.0,2425
"Boswell borough, Somerset County, Pennsylvania",0.2,0.5,52500.0,16650.0,42,111,07712,Boswell,Somerset County,Borough,Boswell,0.2,0.5,52500.0,16650.0,35850.0,69150.0,2425
"Versailles borough, Allegheny County, Pennsylvania",0.2,0.7,42500.0,13295.0,42,003,80040,Versailles,Allegheny County,Borough,Versailles,0.2,0.7,42500.0,13295.0,29205.0,55795.0,2425
"Juniata Terrace borough, Mifflin County, Pennsylvania",0.0,12.8,52500.0,10109.0,42,087,38640,Juniata Terrace,Mifflin County,Borough,Juniata Terrace,0.0,12.8,52500.0,10109.0,42391.0,62609.0,2428
"Markleysburg borough, Fayette County, Pennsylvania",0.0,32.1,80833.0,28847.0,42,051,47560,Markleysburg,Fayette County,Borough,Markleysburg,0.0,32.1,80833.0,28847.0,51986.0,109680.0,2428
"Hamlin township, McKean County, Pennsylvania",0.0,9.8,51000.0,4714.0,42,083,32232,Hamlin,McKean County,Township,Hamlin,0.0,9.8,51000.0,4714.0,46286.0,55714.0,2428
"Townville borough, Crawford County, Pennsylvania",0.0,22.2,61250.0,13604.0,42,039,77232,Townville,Crawford County,Borough,Townville,0.0,22.2,61250.0,13604.0,47646.0,74854.0,2428
"Mahaffey borough, Clearfield County, Pennsylvania",0.0,19.7,62188.0,26500.0,42,033,46568,Mahaffey,Clearfield County,Borough,Mahaffey,0.0,19.7,62188.0,26500.0,35688.0,88688.0,2428
"Karthaus township, Clearfield County, Pennsylvania",0.0,14.6,72813.0,12036.0,42,033,38784,Karthaus,Clearfield County,Township,Karthaus,0.0,14.6,72813.0,12036.0,60777.0,84849.0,2428
"Irvona borough, Clearfield County, Pennsylvania",0.0,13.6,42500.0,9152.0,42,033,37192,Irvona,Clearfield County,Borough,Irvona,0.0,13.6,42500.0,9152.0,33348.0,51652.0,2428
"Timblin borough, Jefferson County, Pennsylvania",0.0,40.4,57500.0,14999.0,42,065,76744,Timblin,Jefferson County,Borough,Timblin,0.0,40.4,57500.0,14999.0,42501.0,72499.0,2428
"Stoneboro borough, Mercer County, Pennsylvania",0.0,8.4,50625.0,12089.0,42,085,74288,Stoneboro,Mercer County,Borough,Stoneboro,0.0,8.4,50625.0,12089.0,38536.0,62714.0,2428
"Wheatland borough, Mercer County, Pennsylvania",0.0,8.0,40536.0,12419.0,42,085,84376,Wheatland,Mercer County,Borough,Wheatland,0.0,8.0,40536.0,12419.0,28117.0,52955.0,2428
"Fredonia borough, Mercer County, Pennsylvania",0.0,18.8,52639.0,17513.0,42,085,27688,Fredonia,Mercer County,Borough,Fredonia,0.0,18.8,52639.0,17513.0,35126.0,70152.0,2428
"Marianna borough, Washington County, Pennsylvania",0.0,15.6,54792.0,32798.0,42,125,47400,Marianna,Washington County,Borough,Marianna,0.0,15.6,54792.0,32798.0,21994.0,87590.0,2428
"Shanksville borough, Somerset County, Pennsylvania",0.0,36.3,75833.0,34333.0,42,111,69680,Shanksville,Somerset County,Borough,Shanksville,0.0,36.3,75833.0,34333.0,41500.0,110166.0,2428
"Ursina borough, Somerset County, Pennsylvania",0.0,28.0,33333.0,6347.0,42,111,79424,Ursina,Somerset County,Borough,Ursina,0.0,28.0,33333.0,6347.0,26986.0,39680.0,2428
"Davidson township, Sullivan County, Pennsylvania",0.0,11.9,53929.0,11879.0,42,113,18296,Davidson,Sullivan County,Township,Davidson,0.0,11.9,53929.0,11879.0,42050.0,65808.0,2428
"Wellersburg borough, Somerset County, Pennsylvania",0.0,35.1,57500.0,21858.0,42,111,82128,Wellersburg,Somerset County,Borough,Wellersburg,0.0,35.1,57500.0,21858.0,35642.0,79358.0,2428
"Pine Creek township, Jefferson County, Pennsylvania",0.0,6.1,67500.0,22212.0,42,065,60368,Pine Creek,Jefferson County,Township,Pine Creek,0.0,6.1,67500.0,22212.0,45288.0,89712.0,2428
"Worthville borough, Jefferson County, Pennsylvania",0.0,54.1,82500.0,14566.0,42,065,86568,Worthville,Jefferson County,Borough,Worthville,0.0,54.1,82500.0,14566.0,67934.0,97066.0,2428
"Polk township, Jefferson County, Pennsylvania",0.0,24.8,59375.0,27509.0,42,065,61920,Polk,Jefferson County,Township,Polk,0.0,24.8,59375.0,27509.0,31866.0,86884.0,2428
"Spartansburg borough, Crawford County, Pennsylvania",0.0,22.2,59167.0,12577.0,42,039,72704,Spartansburg,Crawford County,Borough,Spartansburg,0.0,22.2,59167.0,12577.0,46590.0,71744.0,2428
"West Elizabeth borough, Allegheny County, Pennsylvania",0.0,18.9,55000.0,15085.0,42,003,82848,West Elizabeth,Allegheny County,Borough,West Elizabeth,0.0,18.9,55000.0,15085.0,39915.0,70085.0,2428
"Seven Springs borough, Fayette County, Pennsylvania",0.0,59.3,43438.0,17507.0,42,051,69336,Seven Springs,Fayette County,Borough,Seven Springs,0.0,59.3,43438.0,17507.0,25931.0,60945.0,2428
"Green township, Forest County, Pennsylvania",0.0,16.7,54375.0,18285.0,42,053,30808,Green,Forest County,Township,Green,0.0,16.7,54375.0,18285.0,36090.0,72660.0,2428
"Howe township, Forest County, Pennsylvania",0.0,40.0,54375.0,30254.0,42,053,35992,Howe,Forest County,Township,Howe,0.0,40.0,54375.0,30254.0,24121.0,84629.0,2428
"Lenhartsville borough, Berks County, Pennsylvania",0.0,32.7,68750.0,32100.0,42,011,42688,Lenhartsville,Berks County,Borough,Lenhartsville,0.0,32.7,68750.0,32100.0,36650.0,100850.0,2428
"Salladasburg borough, Lycoming County, Pennsylvania",0.0,26.5,61172.0,5178.0,42,081,67616,Salladasburg,Lycoming County,Borough,Salladasburg,0.0,26.5,61172.0,5178.0,55994.0,66350.0,2428
"Lyons borough, Berks County, Pennsylvania",0.0,12.8,55347.0,5274.0,42,011,45752,Lyons,Berks County,Borough,Lyons,0.0,12.8,55347.0,5274.0,50073.0,60621.0,2428
"St. Clairsville borough, Bedford County, Pennsylvania",0.0,46.3,48594.0,15346.0,42,009,67256,St. Clairsville,Bedford County,Borough,St. Clairsville,0.0,46.3,48594.0,15346.0,33248.0,63940.0,2428
"Rouseville borough, Venango County, Pennsylvania",0.0,17.1,58382.0,8379.0,42,121,66440,Rouseville,Venango County,Borough,Rouseville,0.0,17.1,58382.0,8379.0,50003.0,66761.0,2428
"Polk borough, Venango County, Pennsylvania",0.0,13.7,36786.0,33818.0,42,121,61936,Polk,Venango County,Borough,Polk,0.0,13.7,36786.0,33818.0,2968.0,70604.0,2428
"Spring Creek township, Elk County, Pennsylvania",0.0,24.3,55781.0,7583.0,42,047,72928,Spring Creek,Elk County,Township,Spring Creek,0.0,24.3,55781.0,7583.0,48198.0,63364.0,2428
"South Heights borough, Beaver County, Pennsylvania",0.0,14.1,53929.0,21966.0,42,007,72216,South Heights,Beaver County,Borough,South Heights,0.0,14.1,53929.0,21966.0,31963.0,75895.0,2428
"Birmingham borough, Huntingdon County, Pennsylvania",0.0,46.9,71250.0,16909.0,42,061,06560,Birmingham,Huntingdon County,Borough,Birmingham,0.0,46.9,71250.0,16909.0,54341.0,88159.0,2428
"Gray township, Greene County, Pennsylvania",0.0,33.2,53750.0,7536.0,42,059,30640,Gray,Greene County,Township,Gray,0.0,33.2,53750.0,7536.0,46214.0,61286.0,2428
"Karns City borough, Butler County, Pennsylvania",0.0,32.1,49583.0,24635.0,42,019,38768,Karns,Butler County,Borough,Karns,0.0,32.1,49583.0,24635.0,24948.0,74218.0,2428
"East Vandergrift borough, Westmoreland County, Pennsylvania",0.0,10.0,55278.0,18328.0,42,129,21976,East Vandergrift,Westmoreland County,Borough,East Vandergrift,0.0,10.0,55278.0,18328.0,36950.0,73606.0,2428
"Eddystone borough, Delaware County, Pennsylvania",0.0,3.1,51953.0,12914.0,42,045,22296,Eddystone,Delaware County,Borough,Eddystone,0.0,3.1,51953.0,12914.0,39039.0,64867.0,2428
"Coaldale borough, Bedford County, Pennsylvania",0.0,59.3,44375.0,30610.0,42,009,14584,Coaldale,Bedford County,Borough,Coaldale,0.0,59.3,44375.0,30610.0,13765.0,74985.0,2428
"Benezette township, Elk County, Pennsylvania",0.0,33.5,47917.0,15241.0,42,047,05576,Benezette,Elk County,Township,Benezette,0.0,33.5,47917.0,15241.0,32676.0,63158.0,2428
"Clintonville borough, Venango County, Pennsylvania",0.0,12.9,47083.0,19716.0,42,121,14376,Clintonville,Venango County,Borough,Clintonville,0.0,12.9,47083.0,19716.0,27367.0,66799.0,2428
"Carbon township, Huntingdon County, Pennsylvania",0.0,24.3,63125.0,7605.0,42,061,11208,Carbon,Huntingdon County,Township,Carbon,0.0,24.3,63125.0,7605.0,55520.0,70730.0,2428
"New Galilee borough, Beaver County, Pennsylvania",0.0,20.9,47188.0,29533.0,42,007,53592,New Galilee,Beaver County,Borough,New Galilee,0.0,20.9,47188.0,29533.0,17655.0,76721.0,2428
"Elco borough, Washington County, Pennsylvania",0.0,22.6,83224.0,10623.0,42,125,22800,Elco,Washington County,Borough,Elco,0.0,22.6,83224.0,10623.0,72601.0,93847.0,2428
"Alba borough, Bradford County, Pennsylvania",0.0,40.7,42750.0,14243.0,42,015,00572,Alba,Bradford County,Borough,Alba,0.0,40.7,42750.0,14243.0,28507.0,56993.0,2428
"Newry borough, Blair County, Pennsylvania",0.0,33.2,49375.0,28306.0,42,013,54024,Newry,Blair County,Borough,Newry,0.0,33.2,49375.0,28306.0,21069.0,77681.0,2428
"Wilmerding borough, Allegheny County, Pennsylvania",0.0,3.5,36467.0,6173.0,42,003,85496,Wilmerding,Allegheny County,Borough,Wilmerding,0.0,3.5,36467.0,6173.0,30294.0,42640.0,2428
"Manns Choice borough, Bedford County, Pennsylvania",0.0,26.5,65179.0,23284.0,42,009,46944,Manns Choice,Bedford County,Borough,Manns Choice,0.0,26.5,65179.0,23284.0,41895.0,88463.0,2428
"Pleasantville borough, Bedford County, Pennsylvania",0.0,41.1,47500.0,25034.0,42,009,61496,Pleasantville,Bedford County,Borough,Pleasantville,0.0,41.1,47500.0,25034.0,22466.0,72534.0,2428
"Woodcock borough, Crawford County, Pennsylvania",0.0,38.3,49167.0,26875.0,42,039,86160,Woodcock,Crawford County,Borough,Woodcock Borough,0.0,38.3,49167.0,26875.0,22292.0,76042.0,2428
"Newburg borough, Clearfield County, Pennsylvania",0.0,53.3,57083.0,7101.0,42,033,53336,Newburg,Clearfield County,Borough,Newburg,0.0,53.3,57083.0,7101.0,49982.0,64184.0,2428
"Orrstown borough, Franklin County, Pennsylvania",0.0,21.9,57500.0,20117.0,42,055,57112,Orrstown,Franklin County,Borough,Orrstown,0.0,21.9,57500.0,20117.0,37383.0,77617.0,2428
"Clarksville borough, Greene County, Pennsylvania",0.0,32.7,89545.0,6116.0,42,059,13896,Clarksville,Greene County,Borough,Clarksville,0.0,32.7,89545.0,6116.0,83429.0,95661.0,2428
"Adamsburg borough, Westmoreland County, Pennsylvania",0.0,41.5,76250.0,43809.0,42,129,00332,Adamsburg,Westmoreland County,Borough,Adamsburg,0.0,41.5,76250.0,43809.0,32441.0,120059.0,2428
"Cooperstown borough, Venango County, Pennsylvania",0.0,18.2,60417.0,9392.0,42,121,16080,Cooperstown,Venango County,Borough,Cooperstown,0.0,18.2,60417.0,9392.0,51025.0,69809.0,2428
"Marion Heights borough, Northumberland County, Pennsylvania",0.0,11.5,52569.0,12149.0,42,097,47480,Marion Heights,Northumberland County,Borough,Marion Heights,0.0,11.5,52569.0,12149.0,40420.0,64718.0,2428
"Snydertown borough, Northumberland County, Pennsylvania",0.0,21.1,72500.0,27945.0,42,097,71688,Snydertown,Northumberland County,Borough,Snydertown,0.0,21.1,72500.0,27945.0,44555.0,100445.0,2428
"Pittsfield township, Warren County, Pennsylvania",0.0,6.5,64712.0,12454.0,42,123,61040,Pittsfield,Warren County,Township,Pittsfield,0.0,6.5,64712.0,12454.0,52258.0,77166.0,2428
"Saxton borough, Bedford County, Pennsylvania",0.0,8.8,31875.0,14239.0,42,009,68072,Saxton,Bedford County,Borough,Saxton,0.0,8.8,31875.0,14239.0,17636.0,46114.0,2428
"Dawson borough, Fayette County, Pennsylvania",0.0,17.0,48929.0,24419.0,42,051,18360,Dawson,Fayette County,Borough,Dawson,0.0,17.0,48929.0,24419.0,24510.0,73348.0,2428
"Armenia township, Bradford County, Pennsylvania",0.0,39.3,95625.0,13688.0,42,015,03056,Armenia,Bradford County,Township,Armenia,0.0,39.3,95625.0,13688.0,81937.0,109313.0,2428
"Conneautville borough, Crawford County, Pennsylvania",0.0,10.0,54375.0,28318.0,42,039,15760,Conneautville,Crawford County,Borough,Conneautville,0.0,10.0,54375.0,28318.0,26057.0,82693.0,2428
"Landisburg borough, Perry County, Pennsylvania",0.0,32.4,59375.0,17936.0,42,099,41272,Landisburg,Perry County,Borough,Landisburg,0.0,32.4,59375.0,17936.0,41439.0,77311.0,2428
"Ellwood City borough, Beaver County, Pennsylvania",0.0,9.9,115108.0,59191.0,42,007,23304,Ellwood,Beaver County,Borough,Ellwood,0.0,9.9,115108.0,59191.0,55917.0,174299.0,2428
"Sylvania township, Potter County, Pennsylvania",0.0,54.1,60000.0,21291.0,42,105,75952,Sylvania,Potter County,Township,Sylvania,0.0,54.1,60000.0,21291.0,38709.0,81291.0,2428
"Pleasant Valley township, Potter County, Pennsylvania",0.0,36.0,80104.0,43955.0,42,105,61400,Pleasant Valley,Potter County,Township,Pleasant Valley,0.0,36.0,80104.0,43955.0,36149.0,124059.0,2428
"Stewardson township, Potter County, Pennsylvania",0.0,47.5,47917.0,11656.0,42,105,74072,Stewardson,Potter County,Township,Stewardson,0.0,47.5,47917.0,11656.0,36261.0,59573.0,2428
"Oswayo township, Potter County, Pennsylvania",0.0,24.8,66071.0,11123.0,42,105,57288,Oswayo,Potter County,Township,Oswayo Township,0.0,24.8,66071.0,11123.0,54948.0,77194.0,2428
"Oswayo borough, Potter County, Pennsylvania",0.0,38.6,54219.0,11597.0,42,105,57280,Oswayo,Potter County,Borough,Oswayo Borough,0.0,38.6,54219.0,11597.0,42622.0,65816.0,2428
"Dale borough, Cambria County, Pennsylvania",0.0,5.5,37813.0,10013.0,42,021,18000,Dale,Cambria County,Borough,Dale,0.0,5.5,37813.0,10013.0,27800.0,47826.0,2428
"Hookstown borough, Beaver County, Pennsylvania",0.0,48.1,98750.0,41131.0,42,007,35576,Hookstown,Beaver County,Borough,Hookstown,0.0,48.1,98750.0,41131.0,57619.0,139881.0,2428
"Homewood borough, Beaver County, Pennsylvania",0.0,44.2,41607.0,31248.0,42,007,35488,Homewood,Beaver County,Borough,Homewood,0.0,44.2,41607.0,31248.0,10359.0,72855.0,2428
"Marklesburg borough, Huntingdon County, Pennsylvania",0.0,22.2,82708.0,41746.0,42,061,47544,Marklesburg,Huntingdon County,Borough,Marklesburg,0.0,22.2,82708.0,41746.0,40962.0,124454.0,2428
"Mapleton borough, Huntingdon County, Pennsylvania",0.0,18.7,71250.0,15272.0,42,061,47248,Mapleton,Huntingdon County,Borough,Mapleton,0.0,18.7,71250.0,15272.0,55978.0,86522.0,2428
"Cromwell township, Huntingdon County, Pennsylvania",0.0,6.1,52054.0,15795.0,42,061,17280,Cromwell,Huntingdon County,Township,Cromwell,0.0,6.1,52054.0,15795.0,36259.0,67849.0,2428
"Dudley borough, Huntingdon County, Pennsylvania",0.0,32.4,54375.0,7095.0,42,061,20152,Dudley,Huntingdon County,Borough,Dudley,0.0,32.4,54375.0,7095.0,47280.0,61470.0,2428
"Petrolia borough, Butler County, Pennsylvania",0.0,29.9,56250.0,24584.0,42,019,59672,Petrolia,Butler County,Borough,Petrolia,0.0,29.9,56250.0,24584.0,31666.0,80834.0,2428
"Alexandria borough, Huntingdon County, Pennsylvania",0.0,17.0,71875.0,11895.0,42,061,00756,Alexandria,Huntingdon County,Borough,Alexandria,0.0,17.0,71875.0,11895.0,59980.0,83770.0,2428
"Shippingport borough, Beaver County, Pennsylvania",0.0,30.2,62917.0,15206.0,42,007,70376,Shippingport,Beaver County,Borough,Shippingport,0.0,30.2,62917.0,15206.0,47711.0,78123.0,2428
"Hamilton township, Tioga County, Pennsylvania",0.0,14.6,65250.0,51631.0,42,117,32192,Hamilton,Tioga County,Township,Hamilton,0.0,14.6,65250.0,51631.0,13619.0,116881.0,2428
"Putnam township, Tioga County, Pennsylvania",0.0,18.0,49107.0,12441.0,42,117,62960,Putnam,Tioga County,Township,Putnam,0.0,18.0,49107.0,12441.0,36666.0,61548.0,2428
"Duncan township, Tioga County, Pennsylvania",0.0,27.6,53500.0,23576.0,42,117,20232,Duncan,Tioga County,Township,Duncan,0.0,27.6,53500.0,23576.0,29924.0,77076.0,2428
"Glen Campbell borough, Indiana County, Pennsylvania",0.0,37.3,43125.0,10976.0,42,063,29512,Glen Campbell,Indiana County,Borough,Glen Campbell,0.0,37.3,43125.0,10976.0,32149.0,54101.0,2428
"Ernest borough, Indiana County, Pennsylvania",0.0,21.7,68125.0,19211.0,42,063,24040,Ernest,Indiana County,Borough,Ernest,0.0,21.7,68125.0,19211.0,48914.0,87336.0,2428
"Elk township, Tioga County, Pennsylvania",0.0,71.9,44464.0,19980.0,42,117,23056,Elk,Tioga County,Township,Elk,0.0,71.9,44464.0,19980.0,24484.0,64444.0,2428
"Glasgow borough, Beaver County, Pennsylvania",0.0,54.1,65833.0,21716.0,42,007,29392,Glasgow,Beaver County,Borough,Glasgow,0.0,54.1,65833.0,21716.0,44117.0,87549.0,2428
"Saltillo borough, Huntingdon County, Pennsylvania",0.0,21.2,71321.0,1172.0,42,061,67632,Saltillo,Huntingdon County,Borough,Saltillo,0.0,21.2,71321.0,1172.0,70149.0,72493.0,2428
"Brisbin borough, Clearfield County, Pennsylvania",0.0,20.8,57857.0,9032.0,42,033,08744,Brisbin,Clearfield County,Borough,Brisbin,0.0,20.8,57857.0,9032.0,48825.0,66889.0,2428
"Lorain borough, Cambria County, Pennsylvania",0.0,10.8,53382.0,7974.0,42,021,44664,Lorain,Cambria County,Borough,Lorain,0.0,10.8,53382.0,7974.0,45408.0,61356.0,2428
"Lilly borough, Cambria County, Pennsylvania",0.0,8.9,61719.0,13311.0,42,021,43248,Lilly,Cambria County,Borough,Lilly,0.0,8.9,61719.0,13311.0,48408.0,75030.0,2428
"Armagh borough, Indiana County, Pennsylvania",0.0,44.7,88929.0,27929.0,42,063,03032,Armagh,Indiana County,Borough,Armagh,0.0,44.7,88929.0,27929.0,61000.0,116858.0,2428
"Shade Gap borough, Huntingdon County, Pennsylvania",0.0,57.1,69583.0,29188.0,42,061,69456,Shade Gap,Huntingdon County,Borough,Shade Gap,0.0,57.1,69583.0,29188.0,40395.0,98771.0,2428
"Three Springs borough, Huntingdon County, Pennsylvania",0.0,14.5,50573.0,13531.0,42,061,76632,Three Springs,Huntingdon County,Borough,Three Springs,0.0,14.5,50573.0,13531.0,37042.0,64104.0,2428
"Spring township, Snyder County, Pennsylvania",0.0,5.3,58558.0,19827.0,42,109,72856,Spring,Snyder County,Township,Spring,0.0,5.3,58558.0,19827.0,38731.0,78385.0,2428
"New Ringgold borough, Schuylkill County, Pennsylvania",0.0,20.8,53750.0,11087.0,42,107,54016,New Ringgold,Schuylkill County,Borough,New Ringgold,0.0,20.8,53750.0,11087.0,42663.0,64837.0,2428
"Mahanoy township, Schuylkill County, Pennsylvania",0.0,8.2,59474.0,4389.0,42,107,46584,Mahanoy,Schuylkill County,Township,Mahanoy Township,0.0,8.2,59474.0,4389.0,55085.0,63863.0,2428
"Middleport borough, Schuylkill County, Pennsylvania",0.0,20.8,74375.0,12818.0,42,107,49048,Middleport,Schuylkill County,Borough,Middleport,0.0,20.8,74375.0,12818.0,61557.0,87193.0,2428
"East Conemaugh borough, Cambria County, Pennsylvania",0.0,7.3,42500.0,13263.0,42,021,20992,East Conemaugh,Cambria County,Borough,East Conemaugh,0.0,7.3,42500.0,13263.0,29237.0,55763.0,2428
"Trafford borough, Westmoreland County, Pennsylvania",0.0,2.3,66297.0,13291.0,42,129,77272,Trafford,Westmoreland County,Borough,Trafford,0.0,2.3,66297.0,13291.0,53006.0,79588.0,2428
"East Pittsburgh borough, Allegheny County, Pennsylvania",0.0,3.9,38561.0,13344.0,42,003,21712,East Pittsburgh,Allegheny County,Borough,East Pittsburgh,0.0,3.9,38561.0,13344.0,25217.0,51905.0,2428
"Orangeville borough, Columbia County, Pennsylvania",0.0,28.3,63854.0,8745.0,42,037,56912,Orangeville,Columbia County,Borough,Orangeville,0.0,28.3,63854.0,8745.0,55109.0,72599.0,2428
"Cherry Tree borough, Indiana County, Pennsylvania",0.0,26.1,60625.0,30725.0,42,063,13120,Cherry Tree,Indiana County,Borough,Cherry Tree,0.0,26.1,60625.0,30725.0,29900.0,91350.0,2428
"Laceyville borough, Wyoming County, Pennsylvania",0.0,17.0,47250.0,39436.0,42,131,40744,Laceyville,Wyoming County,Borough,Laceyville,0.0,17.0,47250.0,39436.0,7814.0,86686.0,2428
"Marion Center borough, Indiana County, Pennsylvania",0.0,16.9,43125.0,8125.0,42,063,47472,Marion Center,Indiana County,Borough,Marion Center,0.0,16.9,43125.0,8125.0,35000.0,51250.0,2428
"Nicholson borough, Wyoming County, Pennsylvania",0.0,11.6,67344.0,17102.0,42,131,54400,Nicholson,Wyoming County,Borough,Nicholson Borough,0.0,11.6,67344.0,17102.0,50242.0,84446.0,2428
"Ehrenfeld borough, Cambria County, Pennsylvania",0.0,36.7,51042.0,14536.0,42,021,22712,Ehrenfeld,Cambria County,Borough,Ehrenfeld,0.0,36.7,51042.0,14536.0,36506.0,65578.0,2428
"Darlington borough, Beaver County, Pennsylvania",0.0,25.3,65750.0,16376.0,42,007,18192,Darlington,Beaver County,Borough,Darlington Borough,0.0,25.3,65750.0,16376.0,49374.0,82126.0,2428
"Driftwood borough, Cameron County, Pennsylvania",0.0,58.2,30500.0,8607.0,42,023,19976,Driftwood,Cameron County,Borough,Driftwood,0.0,58.2,30500.0,8607.0,21893.0,39107.0,2428
"Addison borough, Somerset County, Pennsylvania",0.0,27.4,60417.0,27280.0,42,111,00396,Addison,Somerset County,Borough,Addison Borough,0.0,27.4,60417.0,27280.0,33137.0,87697.0,2428
"New Baltimore borough, Somerset County, Pennsylvania",0.0,37.3,68750.0,54718.0,42,111,53168,New Baltimore,Somerset County,Borough,New Baltimore,0.0,37.3,68750.0,54718.0,14032.0,123468.0,2428
"Garrett borough, Somerset County, Pennsylvania",0.0,17.5,57500.0,13623.0,42,111,28520,Garrett,Somerset County,Borough,Garrett,0.0,17.5,57500.0,13623.0,43877.0,71123.0,2428
"St. Petersburg borough, Clarion County, Pennsylvania",0.0,24.4,70750.0,6033.0,42,031,67384,St. Petersburg,Clarion County,Borough,St. Petersburg,0.0,24.4,70750.0,6033.0,64717.0,76783.0,2428
"Coalport borough, Clearfield County, Pennsylvania",0.0,17.7,75294.0,21106.0,42,033,14656,Coalport,Clearfield County,Borough,Coalport,0.0,17.7,75294.0,21106.0,54188.0,96400.0,2428
"Goshen township, Clearfield County, Pennsylvania",0.0,14.3,48333.0,10099.0,42,033,30152,Goshen,Clearfield County,Township,Goshen,0.0,14.3,48333.0,10099.0,38234.0,58432.0,2428
"Laporte borough, Sullivan County, Pennsylvania",0.0,28.7,57250.0,19268.0,42,113,41512,Laporte,Sullivan County,Borough,Laporte Borough,0.0,28.7,57250.0,19268.0,37982.0,76518.0,2428
"Callimont borough, Somerset County, Pennsylvania",0.0,93.8,81250.0,49308.0,42,111,10808,Callimont,Somerset County,Borough,Callimont,0.0,93.8,81250.0,49308.0,31942.0,130558.0,2428
"Salisbury borough, Somerset County, Pennsylvania",0.0,12.1,70341.0,17171.0,42,111,67584,Salisbury,Somerset County,Borough,Salisbury,0.0,12.1,70341.0,17171.0,53170.0,87512.0,2428
"Montgomery township, Indiana County, Pennsylvania",0.0,6.1,65972.0,13070.0,42,063,50624,Montgomery,Indiana County,Township,Montgomery,0.0,6.1,65972.0,13070.0,52902.0,79042.0,2428
"Smicksburg borough, Indiana County, Pennsylvania",0.0,74.1,65000.0,34478.0,42,063,71256,Smicksburg,Indiana County,Borough,Smicksburg,0.0,74.1,65000.0,34478.0,30522.0,99478.0,2428
"West Keating township, Clinton County, Pennsylvania",0.0,79.3,37083.0,12891.0,42,035,83240,West Keating,Clinton County,Township,West Keating,0.0,79.3,37083.0,12891.0,24192.0,49974.0,2428
"Portage township, Cameron County, Pennsylvania",0.0,36.7,61250.0,9454.0,42,023,62064,Portage,Cameron County,Township,Portage,0.0,36.7,61250.0,9454.0,51796.0,70704.0,2428
"Wallaceton borough, Clearfield County, Pennsylvania",0.0,24.3,68125.0,23714.0,42,033,80640,Wallaceton,Clearfield County,Borough,Wallaceton,0.0,24.3,68125.0,23714.0,44411.0,91839.0,2428
"Barnett township, Jefferson County, Pennsylvania",0.0,24.6,49375.0,17457.0,42,065,04240,Barnett,Jefferson County,Township,Barnett,0.0,24.6,49375.0,17457.0,31918.0,66832.0,2428
"Mifflin borough, Juniata County, Pennsylvania",0.0,22.6,51058.0,24217.0,42,067,49272,Mifflin,Juniata County,Borough,Mifflin,0.0,22.6,51058.0,24217.0,26841.0,75275.0,2428
"York Haven borough, York County, Pennsylvania",0.0,10.3,73750.0,11362.0,42,133,87080,York Haven,York County,Borough,York Haven,0.0,10.3,73750.0,11362.0,62388.0,85112.0,2428
